id,topic,subtopic,case_context,additional_context,question,marks,acceptable_answers,feedback,generated_at
SAQ_883A6F00_Q1,A. Introduction to Medicine and Medical Science (IMMS),Genetics,"A 30-year-old couple attends a preconception genetic counselling session. They are concerned because both of their families have a history of a common autosomal recessive condition. The counsellor explains the molecular basis of inheritance, starting with the structure of DNA.",,"In the normal double-helix structure of DNA, name the two purine bases and identify their respective pyrimidine pairing partners.",2,"[""Adenine and Guanine; Adenine pairs with Thymine, Guanine pairs with Cytosine"", ""Purines: Adenine (A) and Guanine (G); Pairs: A-T and G-C"", ""Adenine pairs with Thymine; Guanine pairs with Cytosine""]","[Subtopic: Genetics] In DNA, the purines are Adenine and Guanine. According to Chargaff's rules for base pairing, Adenine (purine) always pairs with Thymine (pyrimidine) via two hydrogen bonds, and Guanine (purine) always pairs with Cytosine (pyrimidine) via three hydrogen bonds.",2026-05-16T10:19:16.920642
SAQ_883A6F00_Q2,A. Introduction to Medicine and Medical Science (IMMS),Genetics,"A 30-year-old couple attends a preconception genetic counselling session. They are concerned because both of their families have a history of a common autosomal recessive condition. The counsellor explains the molecular basis of inheritance, starting with the structure of DNA.",Genetic testing confirms that both the husband and wife are heterozygous carriers for the same autosomal recessive mutation.,"State the percentage probability that their first child will be a carrier of the condition, and the percentage probability that the child will be homozygous dominant (wild-type) for the gene.",2,"[""Carrier: 50%; Homozygous dominant: 25%"", ""50% carrier and 25% homozygous dominant"", ""50 percent carrier, 25 percent homozygous dominant""]","[Subtopic: Genetics] In an autosomal recessive inheritance pattern with two carrier parents (Aa x Aa), the offspring probabilities are: 25% homozygous dominant (AA), 50% heterozygous carriers (Aa), and 25% homozygous recessive/affected (aa).",2026-05-16T10:19:16.920651
SAQ_883A6F00_Q3,A. Introduction to Medicine and Medical Science (IMMS),ILA 1 - Cystic Fibrosis,"A 30-year-old couple attends a preconception genetic counselling session. They are concerned because both of their families have a history of a common autosomal recessive condition. The counsellor explains the molecular basis of inheritance, starting with the structure of DNA.","The counsellor discusses the ΔF508 mutation, which is the most common variant associated with the condition in their population. This mutation affects the processing of a chloride channel protein.","Identify the specific category of DNA mutation (e.g., substitution, deletion, insertion) that characterizes the ΔF508 variant and name the specific amino acid that is missing from the resulting polypeptide chain.",2,"[""Deletion; Phenylalanine"", ""3-base pair deletion; Phenylalanine"", ""Deletion of three nucleotides; Phenylalanine""]","[Subtopic: ILA 1 - Cystic Fibrosis] The ΔF508 mutation is a deletion of three nucleotides (CTT or AAA) which results in the loss of a single amino acid, Phenylalanine (F), at position 508 of the CFTR protein.",2026-05-16T10:19:16.920653
SAQ_883A6F00_Q4,A. Introduction to Medicine and Medical Science (IMMS),Energy metabolism / Biochemistry,"A 30-year-old couple attends a preconception genetic counselling session. They are concerned because both of their families have a history of a common autosomal recessive condition. The counsellor explains the molecular basis of inheritance, starting with the structure of DNA.",The CFTR protein must fold into a specific three-dimensional shape to function correctly as a transmembrane channel.,"Name the specific covalent bond that links amino acids together to form the primary structure of a protein, and name the two most common structural motifs found in the secondary structure of proteins.",2,"[""Peptide bond; Alpha helix and Beta-pleated sheet"", ""Peptide; alpha helices and beta sheets"", ""Peptide bond; alpha-helix and beta-sheet""]","[Subtopic: Energy metabolism / Biochemistry] Amino acids are joined by peptide bonds (covalent) in the primary structure. The secondary structure is characterized by local folding patterns, primarily the alpha helix and the beta-pleated sheet, stabilized by hydrogen bonding.",2026-05-16T10:19:16.920654
SAQ_883A6F00_Q5,A. Introduction to Medicine and Medical Science (IMMS),Cell biology,"A 30-year-old couple attends a preconception genetic counselling session. They are concerned because both of their families have a history of a common autosomal recessive condition. The counsellor explains the molecular basis of inheritance, starting with the structure of DNA.","Once successfully folded, the chloride channel protein is embedded into the plasma membrane to regulate ion movement.",Name the primary class of lipid that forms the structural bilayer of the cell membrane and state the descriptive term for a molecule that contains both a hydrophilic head and a hydrophobic tail.,2,"[""Phospholipid; Amphipathic"", ""Phospholipids; Amphiphilic"", ""Glycerophospholipids; Amphipathic""]","[Subtopic: Cell biology] The plasma membrane is primarily composed of a phospholipid bilayer. Molecules like phospholipids, which possess both a polar (hydrophilic) head and a non-polar (hydrophobic) tail, are described as amphipathic.",2026-05-16T10:19:16.920656
SAQ_57BBC505_Q1,B. Cardiovascular system,Anatomical features of the cardiovascular system,"A 25-year-old male athlete attends a sports physiology laboratory for a baseline assessment. As part of the assessment, a standard posteroanterior (PA) chest X-ray is reviewed to confirm normal heart size and position.",,Name the cardiac chamber that forms the right border of the heart on a PA chest X-ray and the major venous vessel that enters its superior aspect.,2,"[""Right atrium and Superior vena cava"", ""Right atrium; Superior vena cava"", ""Right atrium and SVC"", ""Right atrium, SVC""]","[Subtopic: Anatomical features of the cardiovascular system] On a normal PA chest radiograph, the right border of the heart is formed by the right atrium. The superior vena cava enters the right atrium from above, carrying deoxygenated blood from the upper body.",2026-05-16T10:19:47.536595
SAQ_57BBC505_Q2,B. Cardiovascular system,Physiological features of the cardiovascular system,"A 25-year-old male athlete attends a sports physiology laboratory for a baseline assessment. As part of the assessment, a standard posteroanterior (PA) chest X-ray is reviewed to confirm normal heart size and position.","During the physical examination, the athlete's resting blood pressure is measured at 120/75 mmHg.",Calculate this patient's mean arterial pressure (MAP) using the formula involving systolic and diastolic pressures. Include the correct units in your answer.,2,"[""90 mmHg"", ""90.0 mmHg"", ""90mm Hg""]",[Subtopic: Physiological features of the cardiovascular system] MAP is calculated as Diastolic Blood Pressure + 1/3(Pulse Pressure). Here: 75 + 1/3(120-75) = 75 + 15 = 90 mmHg.,2026-05-16T10:19:47.536603
SAQ_57BBC505_Q3,B. Cardiovascular system,Histology of the cardiovascular system,"A 25-year-old male athlete attends a sports physiology laboratory for a baseline assessment. As part of the assessment, a standard posteroanterior (PA) chest X-ray is reviewed to confirm normal heart size and position.",The assessment includes a discussion on the efficiency of his cardiac muscle in comparison to skeletal muscle.,Cardiac myocytes are linked by specialized junctions called intercalated discs. Name the specific cell junction type within these discs that provides low-resistance electrical coupling between cells.,2,"[""Gap junctions"", ""Gap junction"", ""Nexuses""]","[Subtopic: Histology of the cardiovascular system] Intercalated discs contain desmosomes (for mechanical adhesion) and gap junctions. Gap junctions allow the rapid spread of action potentials between myocytes, enabling the heart to function as a functional syncytium.",2026-05-16T10:19:47.536605
SAQ_57BBC505_Q4,B. Cardiovascular system,Physiological features of the cardiovascular system,"A 25-year-old male athlete attends a sports physiology laboratory for a baseline assessment. As part of the assessment, a standard posteroanterior (PA) chest X-ray is reviewed to confirm normal heart size and position.","A 12-lead electrocardiogram (ECG) is performed, showing a normal sinus rhythm with a heart rate of 60 beats per minute.",State the specific physiological event occurring in the heart that is represented by the QRS complex on the ECG.,1,"[""Ventricular depolarisation"", ""Ventricular depolarization"", ""Depolarisation of the ventricles""]",[Subtopic: Physiological features of the cardiovascular system] The QRS complex represents the rapid depolarisation of the right and left ventricles. This electrical event precedes ventricular contraction (systole).,2026-05-16T10:19:47.536606
SAQ_57BBC505_Q5,B. Cardiovascular system,Principle features of haematology,"A 25-year-old male athlete attends a sports physiology laboratory for a baseline assessment. As part of the assessment, a standard posteroanterior (PA) chest X-ray is reviewed to confirm normal heart size and position.",A full blood count is taken as part of the health screen.,"Name the most abundant type of leucocyte (white blood cell) found in a normal adult blood film, which typically possesses a multi-lobed nucleus.",1,"[""Neutrophils"", ""Neutrophil"", ""Polymorphonuclear leucocytes"", ""PMNs""]",[Subtopic: Principle features of haematology] Neutrophils are the most numerous leucocytes in the blood (typically 40-75%). They are granulocytes characterized by a multi-lobed nucleus (usually 3-5 lobes).,2026-05-16T10:19:47.536607
SAQ_57BBC505_Q6,B. Cardiovascular system,Embryonic development of the heart and circulation,"A 25-year-old male athlete attends a sports physiology laboratory for a baseline assessment. As part of the assessment, a standard posteroanterior (PA) chest X-ray is reviewed to confirm normal heart size and position.",The athlete asks about how the heart develops before birth.,"Name the physiological opening in the fetal interatrial septum that allows blood to bypass the non-functional lungs, and name the shallow depression that persists in the adult heart after this opening closes.",2,"[""Foramen ovale and Fossa ovalis"", ""Foramen ovale; Fossa ovalis""]","[Subtopic: Embryonic development of the heart and circulation] The foramen ovale is a fetal shunt allowing blood to flow from the right atrium to the left atrium. After birth, it closes to become the fossa ovalis.",2026-05-16T10:19:47.536609
SAQ_ECC102A1_Q1,C. Respiratory system,Anatomical features of the respiratory system / thorax,A 22-year-old medical student participates in a respiratory physiology workshop. They are hooked up to a spirometer and then perform a series of exercise tests to observe changes in ventilation and lung function.,,Name the primary muscle of inspiration and state the specific spinal cord segments that provide its motor innervation via the phrenic nerve.,2,"[""Diaphragm; C3, C4, C5"", ""The diaphragm; C3-C5"", ""Diaphragm; C3, 4, 5""]","[Subtopic: Anatomical features of the respiratory system / thorax] The diaphragm is the most important muscle of inspiration. It is innervated by the phrenic nerves, which arise from the ventral rami of the C3, C4, and C5 spinal nerves ('C3, 4, 5 keep the diaphragm alive').",2026-05-16T10:20:15.547848
SAQ_ECC102A1_Q2,C. Respiratory system,Physiological features of the respiratory system,A 22-year-old medical student participates in a respiratory physiology workshop. They are hooked up to a spirometer and then perform a series of exercise tests to observe changes in ventilation and lung function.,"During the workshop, the student performs spirometry to measure various lung volumes and capacities. One capacity of interest is the volume of air remaining in the lungs after a normal, quiet expiration.","Identify the two specific static lung volumes that, when summed together, constitute the Functional Residual Capacity (FRC).",2,"[""Expiratory Reserve Volume and Residual Volume"", ""ERV and RV"", ""Expiratory Reserve Volume (ERV) and Residual Volume (RV)""]",[Subtopic: Physiological features of the respiratory system] Functional Residual Capacity (FRC) is the volume of air remaining in the lungs at the end of a passive expiration. It is the sum of the Expiratory Reserve Volume (the extra air that can be expired) and the Residual Volume (the air that cannot be expired).,2026-05-16T10:20:15.547859
SAQ_ECC102A1_Q3,C. Respiratory system,Physiological features of the respiratory system,A 22-year-old medical student participates in a respiratory physiology workshop. They are hooked up to a spirometer and then perform a series of exercise tests to observe changes in ventilation and lung function.,"The student then performs an exercise test on a treadmill, causing their ventilation rate to increase in response to metabolic demands.",Name the two anatomical locations where peripheral chemoreceptors are found that monitor changes in arterial blood gases and pH.,2,"[""Carotid bodies and Aortic bodies"", ""Carotid body and Aortic body"", ""The bifurcation of the common carotid arteries and the aortic arch""]",[Subtopic: Physiological features of the respiratory system] Peripheral chemoreceptors are located in the carotid bodies (at the bifurcation of the common carotid arteries) and the aortic bodies (in the aortic arch). They primarily detect decreases in PaO2 and increases in PaCO2 and H+ concentration.,2026-05-16T10:20:15.547861
SAQ_ECC102A1_Q4,C. Respiratory system,Histology of the respiratory system,A 22-year-old medical student participates in a respiratory physiology workshop. They are hooked up to a spirometer and then perform a series of exercise tests to observe changes in ventilation and lung function.,"To reinforce their understanding of the gas exchange surface, the instructor shows the student a high-magnification micrograph of the alveoli.",Identify the squamous cell type that forms 95% of the alveolar surface area and name the cuboidal cell type responsible for producing pulmonary surfactant.,2,"[""Type I pneumocyte and Type II pneumocyte"", ""Type 1 alveolar cell and Type 2 alveolar cell"", ""Type I pneumocytes and Type II pneumocytes""]","[Subtopic: Histology of the respiratory system] Type I pneumocytes are extremely thin squamous cells optimized for gas exchange, covering the vast majority of the alveolar surface. Type II pneumocytes are cuboidal cells that secrete pulmonary surfactant and act as progenitor cells for Type I cells.",2026-05-16T10:20:15.547863
SAQ_ECC102A1_Q5,C. Respiratory system,Physiological features of the respiratory system,A 22-year-old medical student participates in a respiratory physiology workshop. They are hooked up to a spirometer and then perform a series of exercise tests to observe changes in ventilation and lung function.,The student asks why the smallest alveoli in the lungs do not simply collapse into the larger ones during expiration.,"State the physical law that relates the collapsing pressure of an alveolus to its surface tension and radius, and identify the primary phospholipid component of surfactant that prevents this collapse.",2,"[""Laplace's Law and DPPC"", ""Law of Laplace and Dipalmitoylphosphatidylcholine"", ""Laplace's Law and Dipalmitoyl lecithin""]","[Subtopic: Physiological features of the respiratory system] Laplace's Law (P=2T/r) states that collapsing pressure (P) is proportional to surface tension (T) and inversely proportional to radius (r). Surfactant, primarily composed of dipalmitoylphosphatidylcholine (DPPC), reduces surface tension more effectively in smaller alveoli, preventing collapse.",2026-05-16T10:20:15.547865
SAQ_F983EA95_Q1,D. Gastrointestinal tract and liver (GI-L),"Anatomical features of the gastrointestinal tract and liver, and abdomen","A 24-year-old man presents with dull, poorly localized pain in the epigastric region of his abdomen.",,"Name the major sympathetic nerve plexus through which visceral afferent fibers from the stomach and proximal duodenum pass to reach the spinal cord, leading to referred pain in this region.",2,"[""Celiac plexus"", ""Coeliac plexus""]","[Subtopic: Anatomical features of the gastrointestinal tract and liver, and abdomen] Visceral afferent fibers from the foregut follow the sympathetic pathways (via the greater splanchnic nerves) back to the celiac plexus and then to the T5-T9 spinal segments. Because these segments also receive somatic input from the epigastric skin, the pain is referred to that region.",2026-05-16T10:20:40.841718
SAQ_F983EA95_Q2,D. Gastrointestinal tract and liver (GI-L),ILA 5 - Gastritis and Appendicitis,"A 24-year-old man presents with dull, poorly localized pain in the epigastric region of his abdomen.",The patient's stomach is functioning normally to produce digestive secretions.,Identify the specific cell type located within the gastric glands that is responsible for the secretion of hydrochloric acid (HCl) and intrinsic factor.,2,"[""Parietal cell"", ""Parietal cells"", ""Oxyntic cell"", ""Oxyntic cells""]",[Subtopic: ILA 5 - Gastritis and Appendicitis] Parietal cells (also known as oxyntic cells) are found in the gastric pits/glands of the fundus and body of the stomach. They produce HCl to lower the pH of the stomach and intrinsic factor for Vitamin B12 absorption.,2026-05-16T10:20:40.841726
SAQ_F983EA95_Q3,D. Gastrointestinal tract and liver (GI-L),"Anatomical features of the gastrointestinal tract and liver, and abdomen","A 24-year-old man presents with dull, poorly localized pain in the epigastric region of his abdomen.",Proper blood supply is essential for the maintenance of the gastric mucosal barrier.,"Name the main arterial trunk, which branches directly from the abdominal aorta at the level of T12, that provides the primary blood supply to the stomach and other foregut structures.",2,"[""Celiac trunk"", ""Coeliac trunk"", ""Celiac artery"", ""Coeliac artery""]","[Subtopic: Anatomical features of the gastrointestinal tract and liver, and abdomen] The celiac trunk is the first major branch of the abdominal aorta. It divides into the left gastric, splenic, and common hepatic arteries to supply the foregut.",2026-05-16T10:20:40.841728
SAQ_F983EA95_Q4,D. Gastrointestinal tract and liver (GI-L),Histology of the gastrointestinal tract and liver,"A 24-year-old man presents with dull, poorly localized pain in the epigastric region of his abdomen.",The stomach has unique histological features to facilitate the mechanical churning of food.,State the specific muscular layer of the muscularis externa that is unique to the stomach compared to the rest of the gastrointestinal tract.,2,"[""Oblique layer"", ""Inner oblique layer"", ""Oblique""]","[Subtopic: Histology of the gastrointestinal tract and liver] Unlike the rest of the GI tract which typically has two layers of smooth muscle (inner circular and outer longitudinal), the stomach has a third, innermost layer called the oblique layer to assist in mechanical digestion.",2026-05-16T10:20:40.841729
SAQ_F983EA95_Q5,D. Gastrointestinal tract and liver (GI-L),Embryonic development of the gastrointestinal tract and liver,"A 24-year-old man presents with dull, poorly localized pain in the epigastric region of his abdomen.",The final position of the stomach is determined by specific movements during embryogenesis.,State the degree (in degrees) and the direction of rotation the stomach undergoes around its longitudinal axis during embryonic development.,2,"[""90 degrees clockwise"", ""90 degrees, clockwise"", ""90\u00b0 clockwise""]","[Subtopic: Embryonic development of the gastrointestinal tract and liver] During development, the stomach rotates 90 degrees clockwise around its longitudinal axis. This results in the left vagus nerve becoming the anterior vagal trunk and the right vagus nerve becoming the posterior vagal trunk.",2026-05-16T10:20:40.841731
SAQ_26D19DCD_Q1,E. Neuroscience,Neuroanatomy,"A 28-year-old man is brought to the Emergency Department following a high-impact road traffic collision. He has sustained a vertebral fracture. Neurological examination reveals a loss of pain and temperature sensation on his right side below the level of the umbilicus, while proprioception and vibration sense are preserved on that side.",,Name the specific ascending spinal tract that transmits pain and temperature information to the brain.,2,"[""Lateral spinothalamic tract"", ""Spinothalamic tract"", ""Anterolateral system""]",[Subtopic: Neuroanatomy] The lateral spinothalamic tract is responsible for the transmission of pain (nociception) and temperature information from the periphery to the thalamus.,2026-05-16T10:21:02.718992
SAQ_26D19DCD_Q2,E. Neuroscience,Neuroanatomy,"A 28-year-old man is brought to the Emergency Department following a high-impact road traffic collision. He has sustained a vertebral fracture. Neurological examination reveals a loss of pain and temperature sensation on his right side below the level of the umbilicus, while proprioception and vibration sense are preserved on that side.",Sensory information from the skin is organized into dermatomes corresponding to specific spinal cord segments.,Identify the spinal cord segment that corresponds to the dermatome at the level of the umbilicus.,1,"[""T10"", ""T10 spinal segment"", ""T10 dermatome""]",[Subtopic: Neuroanatomy] The T10 spinal segment provides the sensory innervation for the skin surrounding the umbilicus.,2026-05-16T10:21:02.719000
SAQ_26D19DCD_Q3,E. Neuroscience,Neurophysiology,"A 28-year-old man is brought to the Emergency Department following a high-impact road traffic collision. He has sustained a vertebral fracture. Neurological examination reveals a loss of pain and temperature sensation on his right side below the level of the umbilicus, while proprioception and vibration sense are preserved on that side.","To perceive a stimulus, an action potential must be generated and propagated along the primary afferent neuron.","During the depolarisation phase of an action potential, which specific ion channel opens to allow a rapid influx of ions into the axon?",2,"[""Voltage-gated sodium channels"", ""Voltage-gated Na+ channels"", ""Voltage-gated Na channels""]","[Subtopic: Neurophysiology] Depolarisation is driven by the opening of voltage-gated sodium channels, allowing Na+ to enter the cell down its electrochemical gradient.",2026-05-16T10:21:02.719002
SAQ_26D19DCD_Q4,E. Neuroscience,Neurophysiology,"A 28-year-old man is brought to the Emergency Department following a high-impact road traffic collision. He has sustained a vertebral fracture. Neurological examination reveals a loss of pain and temperature sensation on his right side below the level of the umbilicus, while proprioception and vibration sense are preserved on that side.",The primary afferent neuron in the pain pathway synapses with a second-order neuron within the dorsal horn of the spinal cord.,Name the primary excitatory neurotransmitter released by the first-order neuron at this synapse in the pain pathway.,2,"[""Glutamate"", ""Substance P""]","[Subtopic: Neurophysiology] Glutamate is the primary fast excitatory neurotransmitter in the CNS, while Substance P is a neuropeptide involved in the transmission of pain signals.",2026-05-16T10:21:02.719003
SAQ_26D19DCD_Q5,E. Neuroscience,Neuroanatomy,"A 28-year-old man is brought to the Emergency Department following a high-impact road traffic collision. He has sustained a vertebral fracture. Neurological examination reveals a loss of pain and temperature sensation on his right side below the level of the umbilicus, while proprioception and vibration sense are preserved on that side.",The injury occurred at the level of the thoracic vertebrae.,State one anatomical feature of a typical thoracic vertebra that distinguishes it from cervical or lumbar vertebrae.,1,"[""Costal facets"", ""Facets for rib articulation"", ""Heart-shaped body"", ""Long downward pointing spinous process"", ""Long spinous process""]",[Subtopic: Neuroanatomy] Thoracic vertebrae are unique because they possess costal facets (on the bodies and transverse processes) for articulation with the ribs.,2026-05-16T10:21:02.719005
SAQ_26D19DCD_Q6,E. Neuroscience,Neurophysiology,"A 28-year-old man is brought to the Emergency Department following a high-impact road traffic collision. He has sustained a vertebral fracture. Neurological examination reveals a loss of pain and temperature sensation on his right side below the level of the umbilicus, while proprioception and vibration sense are preserved on that side.",Pain perception involves different types of nerve fibres that conduct signals at different speeds.,"Identify the specific type of unmyelinated nerve fibre responsible for transmitting slow, dull, aching pain.",2,"[""C fibres"", ""Type C fibres"", ""Group C fibres""]","[Subtopic: Neurophysiology] C fibres are small-diameter, unmyelinated fibres that conduct signals slowly (0.5–2.0 m/s) and are associated with 'second' or dull, aching pain.",2026-05-16T10:21:02.719006
SAQ_070567CC_Q1,"F. Skin, UroGenital, Endocrine and Reproduction (SUGER)",Physiological features of the reproductive system,A 28-year-old woman presents to her GP for preconception counseling. She has a regular 28-day menstrual cycle and is tracking her ovulation in hopes of conceiving.,,Name the hypothalamic hormone that is released in a pulsatile manner to stimulate the anterior pituitary gland to secrete follicle-stimulating hormone (FSH) and luteinising hormone (LH).,1,"[""Gonadotropin-releasing hormone"", ""GnRH"", ""Gonadotrophin-releasing hormone""]","[Subtopic: Physiological features of the reproductive system] The HPO axis begins with the pulsatile release of GnRH from the hypothalamus, which acts on the gonadotrophs of the anterior pituitary.",2026-05-16T10:21:31.490855
SAQ_070567CC_Q2,"F. Skin, UroGenital, Endocrine and Reproduction (SUGER)",Physiological features of the reproductive system,A 28-year-old woman presents to her GP for preconception counseling. She has a regular 28-day menstrual cycle and is tracking her ovulation in hopes of conceiving.,"During the follicular phase, the recruitment and maturation of follicles involves complex hormonal interactions between the pituitary and the ovary, often referred to as the 'two-cell, two-gonadotropin' theory.",Identify the specific layer of cells within the ovarian follicle that is stimulated by LH to produce androgens (such as androstenedione).,2,"[""Theca cells"", ""Theca interna"", ""Theca interna cells""]","[Subtopic: Physiological features of the reproductive system] According to the two-cell theory, LH stimulates theca cells to produce androgens, which then diffuse to the granulosa cells to be converted into oestrogen via aromatase (stimulated by FSH).",2026-05-16T10:21:31.490862
SAQ_070567CC_Q3,"F. Skin, UroGenital, Endocrine and Reproduction (SUGER)",Physiological features of the endocrine system,A 28-year-old woman presents to her GP for preconception counseling. She has a regular 28-day menstrual cycle and is tracking her ovulation in hopes of conceiving.,Successful ovulation requires a switch from negative to positive feedback by oestrogen on the pituitary gland and hypothalamus.,Name the pituitary hormone that reaches a peak concentration ('surge') approximately 24 to 36 hours before ovulation occurs.,1,"[""Luteinising hormone"", ""LH"", ""Luteinizing hormone""]","[Subtopic: Physiological features of the endocrine system] High levels of oestrogen at the end of the follicular phase trigger a positive feedback loop, resulting in a surge of LH from the anterior pituitary, which triggers the final maturation and release of the oocyte.",2026-05-16T10:21:31.490864
SAQ_070567CC_Q4,"F. Skin, UroGenital, Endocrine and Reproduction (SUGER)",Histology of SUGER,A 28-year-old woman presents to her GP for preconception counseling. She has a regular 28-day menstrual cycle and is tracking her ovulation in hopes of conceiving.,"Following ovulation, the lining of the uterus undergoes specific histological changes to prepare for potential implantation.",Name the specific histological layer of the endometrium that is shed during the menstrual phase of the cycle.,2,"[""Stratum functionalis"", ""Functional layer"", ""Functional zone"", ""Endometrial functional layer""]",[Subtopic: Histology of SUGER] The endometrium is divided into the stratum basalis (which remains intact) and the stratum functionalis. The stratum functionalis proliferates and becomes secretory during the cycle but is shed if fertilisation does not occur.,2026-05-16T10:21:31.490866
SAQ_070567CC_Q5,"F. Skin, UroGenital, Endocrine and Reproduction (SUGER)",Physiological features of the reproductive system,A 28-year-old woman presents to her GP for preconception counseling. She has a regular 28-day menstrual cycle and is tracking her ovulation in hopes of conceiving.,The corpus luteum is formed from the remnants of the Graafian follicle and acts as a temporary endocrine organ during the luteal phase.,Name the steroid hormone produced in high quantities by the corpus luteum that induces the 'secretory phase' of the uterine cycle.,2,"[""Progesterone""]","[Subtopic: Physiological features of the reproductive system] Progesterone is the dominant hormone of the luteal phase. It induces secretory changes in the endometrium (tortuous glands, increased vascularity) to facilitate implantation.",2026-05-16T10:21:31.490867
SAQ_070567CC_Q6,"F. Skin, UroGenital, Endocrine and Reproduction (SUGER)",Anatomical features of the urogenital and pelvic organs,A 28-year-old woman presents to her GP for preconception counseling. She has a regular 28-day menstrual cycle and is tracking her ovulation in hopes of conceiving.,"If coitus occurs during the fertile window, sperm must travel from the vagina through the cervix and uterus to reach the site of fertilisation.",Identify the specific anatomical region of the uterine (fallopian) tube where fertilisation most commonly occurs.,2,"[""Ampulla"", ""Ampulla of the uterine tube"", ""Ampulla of the fallopian tube""]","[Subtopic: Anatomical features of the urogenital and pelvic organs] The ampulla is the widest and longest part of the uterine tube, situated between the infundibulum and the isthmus, and is the physiological site of fertilisation.",2026-05-16T10:21:31.490871
SAQ_0D30A65D_Q1,G. Musculoskeletal (MSK),ILA 10 - Distal Radius Fracture,"A 72-year-old woman is brought to the Emergency Department after falling onto her outstretched right hand. She has an obvious ""dinner-fork"" deformity of the wrist. Radiographs confirm a fracture of the distal radius.",,List the two carpal bones that articulate directly with the distal radius to form the radiocarpal joint.,2,"[""Scaphoid and Lunate"", ""Scaphoid, Lunate"", ""Lunate and Scaphoid"", ""The scaphoid and the lunate""]","[Subtopic: ILA 10 - Distal Radius Fracture] The distal radius articulates with the scaphoid and lunate bones of the proximal carpal row. The triquetrum articulates with the articular disc of the distal radioulnar joint, not the radius itself.",2026-05-16T10:22:02.360793
SAQ_0D30A65D_Q2,G. Musculoskeletal (MSK),Histology,"A 72-year-old woman is brought to the Emergency Department after falling onto her outstretched right hand. She has an obvious ""dinner-fork"" deformity of the wrist. Radiographs confirm a fracture of the distal radius.","The outer layer of the radius consists of dense, cortical bone organized into functional microscopic units.",Name the structural units that comprise cortical bone and the central canal within each unit that houses the neurovascular bundle.,2,"[""Osteons and Haversian canals"", ""Osteon and Haversian canal"", ""Osteons, Haversian canal"", ""Haversian systems and Haversian canals""]",[Subtopic: Histology] Cortical (compact) bone is made of repeating units called osteons (or Haversian systems). Each osteon contains a central Haversian canal containing blood vessels and nerves.,2026-05-16T10:22:02.360804
SAQ_0D30A65D_Q3,G. Musculoskeletal (MSK),Bone,"A 72-year-old woman is brought to the Emergency Department after falling onto her outstretched right hand. She has an obvious ""dinner-fork"" deformity of the wrist. Radiographs confirm a fracture of the distal radius.",The mechanical strength of the radius is provided by its specialized extracellular matrix.,Name the primary type of collagen found in the organic bone matrix and the specific calcium-phosphate mineral crystal that makes up the inorganic component.,2,"[""Type 1 collagen and hydroxyapatite"", ""Type I collagen and hydroxyapatite"", ""Collagen type 1 and hydroxyapatite"", ""Type 1 collagen and calcium hydroxyapatite""]","[Subtopic: Bone] Bone matrix is a composite material. The organic part is primarily Type 1 collagen (providing tensile strength), while the inorganic part is hydroxyapatite (providing compressive strength).",2026-05-16T10:22:02.360807
SAQ_0D30A65D_Q4,G. Musculoskeletal (MSK),Biochemistry/homeostasis,"A 72-year-old woman is brought to the Emergency Department after falling onto her outstretched right hand. She has an obvious ""dinner-fork"" deformity of the wrist. Radiographs confirm a fracture of the distal radius.",Mineral homeostasis is essential for normal bone maintenance and the healing process following a fracture.,Name the hormone secreted by the parathyroid glands in response to low serum calcium and identify the bone-resorbing cell type it indirectly stimulates to release calcium into the blood.,2,"[""Parathyroid hormone and osteoclasts"", ""PTH and osteoclasts"", ""Parathyroid hormone (PTH) and osteoclasts""]","[Subtopic: Biochemistry/homeostasis] Parathyroid hormone (PTH) is released when blood calcium is low. It binds to receptors on osteoblasts, which then signal to osteoclasts (via RANKL) to increase bone resorption.",2026-05-16T10:22:02.360809
SAQ_0D30A65D_Q5,G. Musculoskeletal (MSK),Muscle,"A 72-year-old woman is brought to the Emergency Department after falling onto her outstretched right hand. She has an obvious ""dinner-fork"" deformity of the wrist. Radiographs confirm a fracture of the distal radius.",The clinician assesses the patient's motor function to ensure the injury has not compromised the nerves supplying the forearm muscles.,Name the neurotransmitter released at the neuromuscular junction to initiate skeletal muscle contraction and the specific ion whose influx into the nerve terminal triggers this release.,2,"[""Acetylcholine and Calcium"", ""ACh and Calcium"", ""Acetylcholine and Ca2+"", ""ACh and Ca2+""]","[Subtopic: Muscle] At the neuromuscular junction, an action potential reaches the presynaptic terminal, opening voltage-gated calcium channels. The resulting calcium influx triggers the exocytosis of acetylcholine (ACh).",2026-05-16T10:22:02.360811
SAQ_C7211E14_Q1,H. Prescribing,Sustainable prescribing (linked to 'Asthma / Sustainable healthcare' - EYGP session 4),A 62-year-old man presents to his GP for a review of his asthma and chronic knee pain caused by osteoarthritis. He is currently prescribed a salbutamol metered-dose inhaler (MDI) and an oral strong opiate.,,"Name the specific class of greenhouse gases used as propellants in Metered Dose Inhalers (MDIs) that contribute to their high carbon footprint, and state the alternative type of inhaler device that does not require these propellants.",2,"[""Hydrofluoroalkanes (HFAs) and Dry Powder Inhaler (DPI)"", ""HFAs and Dry Powder Inhaler"", ""Hydrofluoroalkanes and DPI"", ""Fluorinated gases and Dry Powder Inhaler""]","[Subtopic: Sustainable prescribing (linked to 'Asthma / Sustainable healthcare' - EYGP session 4)] MDIs use hydrofluoroalkanes (HFAs) as propellants, which are potent greenhouse gases. Dry Powder Inhalers (DPIs) do not use propellants and generally have a much lower environmental impact.",2026-05-16T10:22:34.311043
SAQ_C7211E14_Q2,H. Prescribing,Drugs associated with dependence and withdrawal symptoms (linked to 'Osteoarthritis / Chronic pain - EYGP session 11),A 62-year-old man presents to his GP for a review of his asthma and chronic knee pain caused by osteoarthritis. He is currently prescribed a salbutamol metered-dose inhaler (MDI) and an oral strong opiate.,The patient reports that his opiate medication is no longer as effective at relieving his pain as it was six months ago.,"State the physiological term used to describe the requirement for increasing doses of a drug to achieve the same effect, and name the cellular process involving receptors that typically underlies this phenomenon.",2,"[""Tolerance and Downregulation"", ""Tolerance and Receptor downregulation"", ""Tolerance and Internalisation"", ""Tolerance and Receptor internalisation""]","[Subtopic: Drugs associated with dependence and withdrawal symptoms (linked to 'Osteoarthritis / Chronic pain - EYGP session 11)] Tolerance occurs when the body's response to a drug decreases over time, often due to the downregulation or internalisation of receptors in response to chronic stimulation.",2026-05-16T10:22:34.311050
SAQ_C7211E14_Q3,H. Prescribing,Use of FP10 prescriptions in Primary Care (linked to 'Generalism and holistic patient care' - EYGP session 1),A 62-year-old man presents to his GP for a review of his asthma and chronic knee pain caused by osteoarthritis. He is currently prescribed a salbutamol metered-dose inhaler (MDI) and an oral strong opiate.,The GP decides to issue a new FP10 prescription for the patient's medications.,"According to UK legal requirements for a valid prescription, name TWO patient-specific identifiers that must be present on the FP10 form.",2,"[""Patient name and Patient address"", ""Name and Address"", ""Patient's name and address""]","[Subtopic: Use of FP10 prescriptions in Primary Care (linked to 'Generalism and holistic patient care' - EYGP session 1)] For a prescription to be legally valid for dispensing, it must include the patient's name, the patient's address, the prescriber's name/address/signature, the date, and the particulars of the drug (name, dose, strength, quantity).",2026-05-16T10:22:34.311052
SAQ_C7211E14_Q4,H. Prescribing,Routes of drug administration and medicine formulations (linked to 'Ischaemic heart disease / Health inequalities' - EYGP session 3),A 62-year-old man presents to his GP for a review of his asthma and chronic knee pain caused by osteoarthritis. He is currently prescribed a salbutamol metered-dose inhaler (MDI) and an oral strong opiate.,,"Classify the salbutamol inhaler's route of administration in terms of its intended site of action (local or systemic), and name the specific level of the lower respiratory tract it primarily targets to produce bronchodilation.",2,"[""Local and Bronchi"", ""Local and Bronchioles"", ""Local and Small airways""]",[Subtopic: Routes of drug administration and medicine formulations (linked to 'Ischaemic heart disease / Health inequalities' - EYGP session 3)] Inhaled medications for asthma are intended for local administration to act directly on the smooth muscle of the bronchi and bronchioles.,2026-05-16T10:22:34.311054
SAQ_C7211E14_Q5,H. Prescribing,Adherence and non-adherence (linked to 'Chronic kidney disease (CKD) / Accessing healthcare for non-English speaking populations' - EYGP session 9),A 62-year-old man presents to his GP for a review of his asthma and chronic knee pain caused by osteoarthritis. He is currently prescribed a salbutamol metered-dose inhaler (MDI) and an oral strong opiate.,"During the consultation, the patient mentions that he frequently forgets to take his evening doses of medication because he gets distracted by the television.",Classify this specific type of non-adherence and state one practical strategy (other than education) that could be used to help the patient remember his doses.,2,"[""Unintentional non-adherence and Alarms"", ""Unintentional non-adherence and Dosette boxes"", ""Unintentional non-adherence and Multi-compartment compliance aids"", ""Unintentional non-adherence and Linking to daily routine"", ""Unintentional and Pill boxes"", ""Unintentional and Reminders""]","[Subtopic: Adherence and non-adherence (linked to 'Chronic kidney disease (CKD) / Accessing healthcare for non-English speaking populations' - EYGP session 9)] Unintentional non-adherence occurs when a patient wants to follow the treatment plan but is prevented by barriers like forgetfulness. Strategies include reminders (alarms), multi-compartment compliance aids (dosette boxes), or habit-stacking (linking medication to a routine like brushing teeth).",2026-05-16T10:22:34.311055
SAQ_0E6B8411_Q1,I. Public health,Three pillars of public health,"A local GP practice in an urban area is reviewing their population health data. They observe that the community has high rates of respiratory illness, poor housing quality, and low uptake of seasonal vaccinations.","To address these issues, the practice works with the regional Public Health England (or equivalent) team, which operates across three main pillars of public health.","Name the specific pillar of public health that focuses on protecting the population from infectious diseases, chemicals, and environmental hazards, such as the management of a local tuberculosis outbreak.",2,"[""Health protection"", ""Protection""]","[Subtopic: Three pillars of public health] The three pillars of public health are health protection, health improvement, and health services. Health protection involves responding to infectious diseases and environmental hazards.",2026-05-16T10:22:54.210656
SAQ_0E6B8411_Q2,I. Public health,Address social determinants of health,"A local GP practice in an urban area is reviewing their population health data. They observe that the community has high rates of respiratory illness, poor housing quality, and low uptake of seasonal vaccinations.",,"What is the term used to describe the systematic, avoidable, and unfair differences in health status and outcomes between different groups of people, often driven by the conditions in which they are born and live?",2,"[""Health inequities"", ""Health inequalities"", ""Health inequity"", ""Health inequality""]","[Subtopic: Address social determinants of health] Health inequities are unfair and avoidable differences in health across the population, and between different groups within society, arising from the social determinants of health.",2026-05-16T10:22:54.210664
SAQ_0E6B8411_Q3,I. Public health,Medical sociology,"A local GP practice in an urban area is reviewing their population health data. They observe that the community has high rates of respiratory illness, poor housing quality, and low uptake of seasonal vaccinations.",A 45-year-old patient from this community is diagnosed with chronic obstructive pulmonary disease (COPD). The patient expects to be excused from their job in a factory and expects their family to take over household chores.,"According to the sociological theory developed by Talcott Parsons, what is the term for the set of social expectations and obligations that define the behavior of a person who is ill?",2,"[""The Sick Role"", ""Sick Role""]","[Subtopic: Medical sociology] The 'Sick Role' is a concept in medical sociology that describes the rights (e.g., exemption from normal social roles) and obligations (e.g., seeking professional help and wanting to get well) of an ill person.",2026-05-16T10:22:54.210666
SAQ_0E6B8411_Q4,I. Public health,Public health in practice – application of the principles of public health,"A local GP practice in an urban area is reviewing their population health data. They observe that the community has high rates of respiratory illness, poor housing quality, and low uptake of seasonal vaccinations.",The practice is considering implementing a new screening program for early detection of Type 2 Diabetes within their local population.,"According to the Wilson and Jungner criteria for screening, what must be available for patients who are identified as having the condition through a screening test?",2,"[""An accepted treatment"", ""Effective treatment"", ""Accepted management"", ""Treatment""]",[Subtopic: Public health in practice – application of the principles of public health] One of the key Wilson and Jungner criteria is that there should be an accepted treatment for patients with recognized disease.,2026-05-16T10:22:54.210667
SAQ_0E6B8411_Q5,I. Public health,Behaviour and society,"A local GP practice in an urban area is reviewing their population health data. They observe that the community has high rates of respiratory illness, poor housing quality, and low uptake of seasonal vaccinations.","The GP wants to reduce the overall risk of cardiovascular disease in the entire community by encouraging all local shops to reduce the salt content in their pre-packaged meals, rather than only advising high-risk individuals to change their diet.","Name the prevention strategy, described by Geoffrey Rose, which aims to shift the distribution of a risk factor in the whole population rather than targeting only those at high risk.",2,"[""Population approach"", ""The population strategy"", ""Population strategy of prevention"", ""Rose's population strategy""]","[Subtopic: Behaviour and society] Rose's population strategy focuses on the whole population, aiming to reduce the level of risk for everyone, which can result in a large total benefit even if the benefit to each individual is small.",2026-05-16T10:22:54.210669
SAQ_FC47200F_Q1,J. Critical numbers,Quantitative study design,A group of researchers conducts a study to investigate whether a new 12-week daily stretching programme improves the range of motion (measured in degrees) in the hip joint of healthy adults. They recruit 200 participants from a local fitness centre.,"Participants are randomly allocated into two groups: one group performs the daily stretching programme, and the other group continues their usual activity level.",Name the specific type of quantitative study design described in this scenario.,2,"[""Randomised controlled trial"", ""RCT"", ""Randomized controlled trial""]","[Subtopic: Quantitative study design] A study where participants are randomly assigned to an intervention or a control group to compare outcomes is a randomised controlled trial, which sits high on the hierarchy of evidence for intervention efficacy.",2026-05-16T10:23:18.917193
SAQ_FC47200F_Q2,J. Critical numbers,Summary statistics,A group of researchers conducts a study to investigate whether a new 12-week daily stretching programme improves the range of motion (measured in degrees) in the hip joint of healthy adults. They recruit 200 participants from a local fitness centre.,"The primary outcome measure is the change in hip flexion range of motion, recorded in degrees (e.g., 120.5 degrees).",State the specific type of numerical data that 'degrees of motion' represents.,2,"[""Continuous"", ""Continuous data"", ""Numerical continuous""]","[Subtopic: Summary statistics] Numerical data that can take any value within a range and can be measured to decimal places (like degrees, height, or weight) is classified as continuous data.",2026-05-16T10:23:18.917201
SAQ_FC47200F_Q3,J. Critical numbers,Inferential statistics,A group of researchers conducts a study to investigate whether a new 12-week daily stretching programme improves the range of motion (measured in degrees) in the hip joint of healthy adults. They recruit 200 participants from a local fitness centre.,The researchers set out to test the assumption that there is no difference in the mean range of motion between the stretching group and the control group.,Give the formal statistical term for the hypothesis that assumes no difference or effect exists between the two study groups.,2,"[""Null hypothesis"", ""The null hypothesis"", ""H0""]",[Subtopic: Inferential statistics] The null hypothesis (H0) is the starting assumption in hypothesis testing that there is no relationship between variables or no difference between groups.,2026-05-16T10:23:18.917202
SAQ_FC47200F_Q4,J. Critical numbers,Inferential statistics,A group of researchers conducts a study to investigate whether a new 12-week daily stretching programme improves the range of motion (measured in degrees) in the hip joint of healthy adults. They recruit 200 participants from a local fitness centre.,The results show a mean improvement of 5 degrees in the stretching group compared to the control group. The 95% confidence interval for this difference is -1.5 to +11.5 degrees.,"Based on the provided 95% confidence interval, state whether the result is statistically significant at the 5% level.",2,"[""No"", ""Not statistically significant"", ""It is not significant""]","[Subtopic: Inferential statistics] When a 95% confidence interval for a difference between means includes the value of zero (null value), the result is not considered statistically significant at the p < 0.05 level.",2026-05-16T10:23:18.917203
SAQ_FC47200F_Q5,J. Critical numbers,Critical appraisal,A group of researchers conducts a study to investigate whether a new 12-week daily stretching programme improves the range of motion (measured in degrees) in the hip joint of healthy adults. They recruit 200 participants from a local fitness centre.,It is noted that participants in the stretching group were significantly younger on average than those in the control group. Age is known to independently influence joint flexibility.,"What is the specific statistical term for a variable, such as age in this study, that is associated with both the intervention and the outcome, potentially distorting the perceived relationship?",2,"[""Confounder"", ""Confounding variable"", ""Confounding factor""]","[Subtopic: Critical appraisal] A confounding variable is an extraneous factor that correlates with both the independent and dependent variables, leading to a possible false association if not controlled for.",2026-05-16T10:23:18.917205
SAQ_96618FCD_Q1,K. Early Years General Practice (EYGP),○ Additional tests offered to screen for and diagnose foetal genetic abnormalities.,"A 32-year-old woman, Sarah, attends her first 'booking' appointment with her midwife at 10 weeks gestation. She has a past medical history of Irritable Bowel Syndrome (IBS) and a family history of early-onset ischaemic heart disease.",,"Name two routine screening or diagnostic tests that are offered to pregnant women in the UK to detect fetal genetic abnormalities, such as trisomy 21.",2,"[""Combined test"", ""Quadruple test"", ""NIPT"", ""Non-invasive prenatal testing"", ""Amniocentesis"", ""CVS"", ""Chorionic villus sampling""]",[Subtopic: ○ Additional tests offered to screen for and diagnose foetal genetic abnormalities.] Routine screening includes the combined test (ultrasound and bloods) or the quadruple test. Diagnostic options include amniocentesis or chorionic villus sampling (CVS).,2026-05-16T10:23:53.369677
SAQ_96618FCD_Q2,K. Early Years General Practice (EYGP),Session 2 'Pregnancy' (during IMMS block),"A 32-year-old woman, Sarah, attends her first 'booking' appointment with her midwife at 10 weeks gestation. She has a past medical history of Irritable Bowel Syndrome (IBS) and a family history of early-onset ischaemic heart disease.",Sarah asks about dietary changes she should make now that she is pregnant.,List two specific dietary or nutritional supplement recommendations routinely given to pregnant women in the UK to promote fetal health or reduce the risk of birth defects.,2,"[""400 micrograms of folic acid daily"", ""10 micrograms of Vitamin D daily"", ""Avoid unpasteurised dairy or soft cheeses"", ""Avoid pate or liver products"", ""Avoid raw or undercooked meat"", ""Limit caffeine intake"", ""Avoid vitamin A supplements""]",[Subtopic: Session 2 'Pregnancy' (during IMMS block)] Routine advice includes taking 400mcg of folic acid (to prevent neural tube defects) and 10mcg of vitamin D. Women are also advised to avoid foods high in Listeria (unpasteurised cheese) or high in Vitamin A (liver/pate).,2026-05-16T10:23:53.369689
SAQ_96618FCD_Q3,K. Early Years General Practice (EYGP),Session 5 'Irritable bowel syndrome (IBS) / Functional disorders' (during GI-Liver block),"A 32-year-old woman, Sarah, attends her first 'booking' appointment with her midwife at 10 weeks gestation. She has a past medical history of Irritable Bowel Syndrome (IBS) and a family history of early-onset ischaemic heart disease.",Sarah mentions she is relieved her IBS symptoms have settled. She asks for a simple explanation of why her tests were all normal despite her having pain in the past.,"Briefly define the term 'functional illness' using non-medical language, as you would to a patient.",2,"[""A condition where the body's processes (or how it works) are not functioning correctly, despite the structure appearing normal on tests or scans."", ""A condition where there is a problem with the way the body works rather than a physical or structural abnormality."", ""The body's 'software' is having an issue, even though the 'hardware' (organs) looks fine.""]",[Subtopic: Session 5 'Irritable bowel syndrome (IBS) / Functional disorders' (during GI-Liver block)] A functional illness (like IBS) is defined by a disturbance in the function of an organ or system without any detectable structural change or physical abnormality on conventional medical investigation.,2026-05-16T10:23:53.369692
SAQ_96618FCD_Q4,K. Early Years General Practice (EYGP),Session 3 'Ischaemic heart disease / Health inequalities' (during Cardiovascular block),"A 32-year-old woman, Sarah, attends her first 'booking' appointment with her midwife at 10 weeks gestation. She has a past medical history of Irritable Bowel Syndrome (IBS) and a family history of early-onset ischaemic heart disease.","Discussing her family history of heart disease, the midwife mentions the importance of 'primary prevention' and 'secondary prevention'.",Define the difference between primary prevention and secondary prevention in the context of cardiovascular disease.,2,"[""Primary prevention involves preventing the onset of disease in healthy individuals; secondary prevention involves preventing recurrence or progression in those who already have the disease."", ""Primary is for people without the disease; secondary is for people with the disease.""]","[Subtopic: Session 3 'Ischaemic heart disease / Health inequalities' (during Cardiovascular block)] Primary prevention aims to stop the disease from occurring in the first place (e.g., managing BP in healthy adults). Secondary prevention aims to reduce the impact of a disease that has already occurred (e.g., taking aspirin after a heart attack).",2026-05-16T10:23:53.369694
SAQ_96618FCD_Q5,K. Early Years General Practice (EYGP),Session 1 'Generalism and holistic patient care' (during IMMS block),"A 32-year-old woman, Sarah, attends her first 'booking' appointment with her midwife at 10 weeks gestation. She has a past medical history of Irritable Bowel Syndrome (IBS) and a family history of early-onset ischaemic heart disease.",Sarah asks why most of her pregnancy care will happen at the GP surgery rather than in the hospital.,State two general differences between primary care and secondary care within the UK health system.,2,"[""Primary care is the first point of contact whereas secondary care requires a referral."", ""Primary care is generalist whereas secondary care is specialist."", ""Primary care is community-based whereas secondary care is usually hospital-based.""]","[Subtopic: Session 1 'Generalism and holistic patient care' (during IMMS block)] Primary care (GPs, midwives, etc.) acts as the first point of contact and provides generalist care in the community. Secondary care provides specialist services and usually requires a referral from a primary care provider.",2026-05-16T10:23:53.369697
SAQ_D61FCCC1_Q1,A. Introduction to Medicine and Medical Science (IMMS),ILA 1 - Cystic Fibrosis,A 24-year-old woman is attending a preconception genetic counseling session because her brother has Cystic Fibrosis. Her brother is known to be homozygous for the ΔF508 mutation.,,"The ΔF508 variant is the most common mutation in the CFTR gene. State the specific type of DNA mutation (e.g., substitution, insertion, or deletion) and the number of nucleotides involved that characterizes this variant.",2,"[""Deletion of 3 nucleotides"", ""3 nucleotide deletion"", ""Three base pair deletion"", ""Deletion of 3 bases""]",[Subtopic: ILA 1 - Cystic Fibrosis] The ΔF508 mutation is a class II mutation involving the deletion of three nucleotides (CTT) which results in the loss of a single amino acid (phenylalanine) at position 508 of the CFTR protein.,2026-05-16T10:26:20.569993
SAQ_D61FCCC1_Q2,A. Introduction to Medicine and Medical Science (IMMS),Genetics,A 24-year-old woman is attending a preconception genetic counseling session because her brother has Cystic Fibrosis. Her brother is known to be homozygous for the ΔF508 mutation.,The counselor explains that Cystic Fibrosis follows an autosomal recessive inheritance pattern. Both of the patient's parents are healthy.,"Calculate the probability (expressed as a percentage or fraction) that the patient herself is a carrier of the CFTR mutation, given that she does not have the condition.",2,"[""66.7%"", ""67%"", ""2/3"", ""Two thirds""]","[Subtopic: Genetics] Since both parents must be carriers (Aa) for the brother to be affected (aa), the patient's possible genotypes are AA, Aa, or aA. Because she is healthy, the 'aa' possibility is excluded, leaving a 2 in 3 (66.7%) chance that she is a carrier.",2026-05-16T10:26:20.570001
SAQ_D61FCCC1_Q3,A. Introduction to Medicine and Medical Science (IMMS),Cell biology,A 24-year-old woman is attending a preconception genetic counseling session because her brother has Cystic Fibrosis. Her brother is known to be homozygous for the ΔF508 mutation.,The counselor describes how the normal CFTR protein functions within the plasma membrane of epithelial cells to transport chloride ions.,"Name the specific type of membrane transport protein that uses the hydrolysis of ATP to move substances against a concentration gradient, of which the CFTR protein is a member.",2,"[""ABC transporter"", ""ATP-binding cassette transporter"", ""Active transporter""]","[Subtopic: Cell biology] The CFTR protein belongs to the ATP-binding cassette (ABC) transporter superfamily. Unlike most ABC transporters that act as pumps, CFTR functions as an ion channel, though it still binds and hydrolyses ATP to regulate its function.",2026-05-16T10:26:20.570003
SAQ_D61FCCC1_Q4,A. Introduction to Medicine and Medical Science (IMMS),Energy metabolism / Biochemistry,A 24-year-old woman is attending a preconception genetic counseling session because her brother has Cystic Fibrosis. Her brother is known to be homozygous for the ΔF508 mutation.,"The counselor explains that the ΔF508 mutation results in the loss of an amino acid, which prevents the protein from folding correctly into its tertiary structure.",Name the specific type of covalent bond that links amino acids together in a protein's primary structure.,2,"[""Peptide bond"", ""Peptide""]","[Subtopic: Energy metabolism / Biochemistry] The primary structure of a protein is the linear sequence of amino acids held together by covalent peptide bonds, which form between the carboxyl group of one amino acid and the amino group of another.",2026-05-16T10:26:20.570005
SAQ_D61FCCC1_Q5,A. Introduction to Medicine and Medical Science (IMMS),Cell histology and their ultrastructural components,A 24-year-old woman is attending a preconception genetic counseling session because her brother has Cystic Fibrosis. Her brother is known to be homozygous for the ΔF508 mutation.,The clinical consequences of Cystic Fibrosis are most prominent in the respiratory tract where the CFTR protein is normally expressed in the epithelium.,"Identify the specific type of epithelium (including any surface specialisations) that normally lines the majority of the conducting airways, such as the trachea and bronchi.",2,"[""Pseudostratified ciliated columnar epithelium"", ""Pseudostratified ciliated columnar"", ""Ciliated pseudostratified columnar epithelium""]","[Subtopic: Cell histology and their ultrastructural components] The respiratory tract is primarily lined by pseudostratified ciliated columnar epithelium, which contains goblet cells to produce mucus and cilia to move the mucus out of the airways (the mucociliary escalator).",2026-05-16T10:26:20.570006
SAQ_C0A96CD4_Q1,B. Cardiovascular system,Anatomical features of the cardiovascular system,"A 22-year-old student athlete attends a sports medicine clinic for a pre-participation screening. As part of the assessment, the physician performs a physical examination and reviews the surface anatomy of the heart in relation to the chest wall.",,State the specific chamber of the heart that forms the majority of the anterior (sternocostal) surface of the heart.,2,"[""Right ventricle""]","[Subtopic: Anatomical features of the cardiovascular system] The right ventricle occupies most of the anterior surface of the heart, while the left ventricle forms the apex and the left border.",2026-05-16T10:26:45.468173
SAQ_C0A96CD4_Q2,B. Cardiovascular system,Physiological features of the cardiovascular system,"A 22-year-old student athlete attends a sports medicine clinic for a pre-participation screening. As part of the assessment, the physician performs a physical examination and reviews the surface anatomy of the heart in relation to the chest wall.","An electrocardiogram (ECG) is performed as part of the screening, which shows a normal sinus rhythm with a clearly defined P-wave.",Name the specific electrical event in the cardiac cycle that is represented by the P-wave on a normal ECG trace.,2,"[""Atrial depolarisation"", ""Atrial depolarization""]","[Subtopic: Physiological features of the cardiovascular system] The P-wave represents the spread of electrical activity (depolarisation) from the SA node through the atrial musculature, preceding atrial contraction.",2026-05-16T10:26:45.468181
SAQ_C0A96CD4_Q3,B. Cardiovascular system,Histology of the cardiovascular system,"A 22-year-old student athlete attends a sports medicine clinic for a pre-participation screening. As part of the assessment, the physician performs a physical examination and reviews the surface anatomy of the heart in relation to the chest wall.",The physician discusses the efficiency of the myocardium in coordinating contraction to maintain a high cardiac output during exercise.,Name the specialized intercellular junctions located within intercalated discs that provide low-resistance electrical coupling between adjacent cardiac myocytes.,2,"[""Gap junctions"", ""Nexuses""]","[Subtopic: Histology of the cardiovascular system] Gap junctions allow for the rapid passage of ions between cells, ensuring the myocardium functions as a functional syncytium. They are found in the longitudinal portions of intercalated discs.",2026-05-16T10:26:45.468182
SAQ_C0A96CD4_Q4,B. Cardiovascular system,Embryonic development of the heart and circulation,"A 22-year-old student athlete attends a sports medicine clinic for a pre-participation screening. As part of the assessment, the physician performs a physical examination and reviews the surface anatomy of the heart in relation to the chest wall.","During the screening, the athlete asks about how the heart changes at birth when the lungs begin to function.","Name the fetal vascular shunt that connects the pulmonary trunk directly to the descending aorta, normally closing shortly after birth to become the ligamentum arteriosum.",2,"[""Ductus arteriosus""]",[Subtopic: Embryonic development of the heart and circulation] The ductus arteriosus allows blood to bypass the non-functional fetal lungs by shunting blood from the pulmonary artery to the systemic circulation.,2026-05-16T10:26:45.468184
SAQ_C0A96CD4_Q5,B. Cardiovascular system,Principle features of haematology,"A 22-year-old student athlete attends a sports medicine clinic for a pre-participation screening. As part of the assessment, the physician performs a physical examination and reviews the surface anatomy of the heart in relation to the chest wall.",Routine blood tests are performed to ensure the athlete is healthy. The labs show a normal plasma protein profile.,Name the most abundant plasma protein that is primarily responsible for maintaining the colloid osmotic (oncotic) pressure of the blood.,2,"[""Albumin"", ""Serum albumin""]","[Subtopic: Principle features of haematology] Albumin is the major plasma protein produced by the liver. It accounts for about 75-80% of the plasma colloid osmotic pressure, preventing excessive fluid loss from capillaries into the interstitial space.",2026-05-16T10:26:45.468185
SAQ_A84F0756_Q1,C. Respiratory system,Physiological features of the respiratory system,A healthy 22-year-old male is participating in a baseline respiratory assessment for a sports science study. He is asked to perform several breathing manoeuvres while connected to a spirometer.,,"Name the lung volume that remains in the lungs following a maximal, forceful expiration and name the capacity that describes the maximum volume of air that can be exhaled following a maximal inhalation.",2,"[""Residual Volume and Vital Capacity"", ""Residual Volume; Vital Capacity"", ""RV and VC""]","[Subtopic: Physiological features of the respiratory system] Residual volume (RV) is the volume of air remaining in the lungs after maximal exhalation, which cannot be measured by simple spirometry. Vital capacity (VC) is the total volume of air that can be voluntarily moved in one breath (VC = IRV + TV + ERV).",2026-05-16T10:27:10.484342
SAQ_A84F0756_Q2,C. Respiratory system,Anatomical features of the respiratory system / thorax,A healthy 22-year-old male is participating in a baseline respiratory assessment for a sports science study. He is asked to perform several breathing manoeuvres while connected to a spirometer.,The assessment observes the movement of the primary muscle of inspiration during deep breathing.,Name the specific nerve that provides motor innervation to the diaphragm and state the spinal cord segments from which its fibres originate.,2,"[""Phrenic nerve; C3, C4, C5"", ""Phrenic; C3-C5"", ""Phrenic nerve; C3, 4, 5""]","[Subtopic: Anatomical features of the respiratory system / thorax] The diaphragm is the primary muscle of respiration. It is innervated by the phrenic nerve, which arises from the ventral rami of the C3, C4, and C5 spinal nerves ('C3, 4, 5 keep the diaphragm alive').",2026-05-16T10:27:10.484351
SAQ_A84F0756_Q3,C. Respiratory system,Histology of the respiratory system,A healthy 22-year-old male is participating in a baseline respiratory assessment for a sports science study. He is asked to perform several breathing manoeuvres while connected to a spirometer.,The study includes a discussion on the efficiency of the blood-air barrier where gas exchange occurs at the microscopic level.,"Name the specific type of alveolar epithelial cell that covers the majority of the alveolar surface area for gas exchange, and name the other cellular component that forms the blood-air barrier.",2,"[""Type I pneumocyte and capillary endothelial cell"", ""Type 1 pneumocyte and endothelial cell"", ""Type I alveolar cell and endothelial cell""]","[Subtopic: Histology of the respiratory system] The blood-air barrier is composed of the Type I pneumocyte (a thin squamous cell), the fused basement membrane, and the capillary endothelial cell. Type II pneumocytes are more numerous but cover less surface area as they produce surfactant.",2026-05-16T10:27:10.484353
SAQ_A84F0756_Q4,C. Respiratory system,Anatomical features of the respiratory system / thorax,A healthy 22-year-old male is participating in a baseline respiratory assessment for a sports science study. He is asked to perform several breathing manoeuvres while connected to a spirometer.,A physical examination of the thoracic cage is performed to identify surface landmarks used for auscultation.,"Identify the anatomical landmark formed by the articulation of the manubrium and the body of the sternum, and state which rib articulates with the sternum at this specific level.",2,"[""Sternal angle and second rib"", ""Angle of Louis and 2nd rib"", ""Sternal angle; 2nd rib""]","[Subtopic: Anatomical features of the respiratory system / thorax] The sternal angle (Angle of Louis) is a critical surface landmark at the T4/T5 vertebral level. It marks the site of the second costal cartilage/rib articulation, the bifurcation of the trachea, and the beginning/end of the aortic arch.",2026-05-16T10:27:10.484354
SAQ_A84F0756_Q5,C. Respiratory system,Physiological features of the respiratory system,A healthy 22-year-old male is participating in a baseline respiratory assessment for a sports science study. He is asked to perform several breathing manoeuvres while connected to a spirometer.,"The participant is asked to perform a breath-hold, which triggers the body's homeostatic response to changing arterial blood gas levels.",Identify the two anatomical structures that house the peripheral chemoreceptors and name the cranial nerve that transmits sensory information from the receptors located in the neck to the medulla.,2,"[""Carotid bodies and aortic bodies; Glossopharyngeal nerve"", ""Carotid and aortic bodies; CN IX"", ""Carotid body and aortic body; Glossopharyngeal""]","[Subtopic: Physiological features of the respiratory system] Peripheral chemoreceptors are located in the carotid bodies (at the bifurcation of the common carotid arteries) and the aortic bodies (in the aortic arch). The carotid bodies signal via the glossopharyngeal nerve (CN IX), while the aortic bodies signal via the vagus nerve (CN X).",2026-05-16T10:27:10.484356
SAQ_D9133998_Q1,D. Gastrointestinal tract and liver (GI-L),"Anatomical features of the gastrointestinal tract and liver, and abdomen","A 45-year-old male is undergoing an elective laparoscopic cholecystectomy. During the procedure, the surgeon identifies the blood supply to the upper gastrointestinal organs and explains the normal anatomical relationships within the foregut.",,Name the three main branches of the celiac trunk that provide the arterial supply to the stomach and other foregut structures.,3,"[""Left gastric artery"", ""Splenic artery"", ""Common hepatic artery""]","[Subtopic: Anatomical features of the gastrointestinal tract and liver, and abdomen] The celiac trunk is the main artery of the foregut, arising from the abdominal aorta at the T12 level. It gives off the left gastric, splenic, and common hepatic arteries.",2026-05-16T10:27:34.688632
SAQ_D9133998_Q2,D. Gastrointestinal tract and liver (GI-L),Physiological features of the gut,"A 45-year-old male is undergoing an elective laparoscopic cholecystectomy. During the procedure, the surgeon identifies the blood supply to the upper gastrointestinal organs and explains the normal anatomical relationships within the foregut.",The surgical team discusses the normal secretory functions of the stomach mucosa that must be maintained for proper digestion.,"Identify the specific cell type in the gastric glands responsible for secreting hydrochloric acid, and name ONE of the three primary neurohumoral molecules that directly stimulate these cells to produce acid.",2,"[""Parietal cell"", ""Oxyntic cell"", ""Gastrin"", ""Histamine"", ""Acetylcholine"", ""ACh""]","[Subtopic: Physiological features of the gut] Parietal (oxyntic) cells produce HCl. Their acid secretion is stimulated by the binding of gastrin (to CCK2 receptors), histamine (to H2 receptors), and acetylcholine (to M3 receptors).",2026-05-16T10:27:34.688640
SAQ_D9133998_Q3,D. Gastrointestinal tract and liver (GI-L),Histology of the gastrointestinal tract and liver,"A 45-year-old male is undergoing an elective laparoscopic cholecystectomy. During the procedure, the surgeon identifies the blood supply to the upper gastrointestinal organs and explains the normal anatomical relationships within the foregut.",The surgeon notes that the stomach is uniquely adapted for mechanical digestion.,The stomach wall contains an additional layer of smooth muscle in its muscularis externa compared to the rest of the GI tract. Name this specific layer.,1,"[""Inner oblique layer"", ""Oblique layer"", ""Inner oblique""]","[Subtopic: Histology of the gastrointestinal tract and liver] While most of the GI tract has two layers of muscularis externa (inner circular and outer longitudinal), the stomach has a third, innermost 'oblique' layer to facilitate the churning and mechanical breakdown of food.",2026-05-16T10:27:34.688642
SAQ_D9133998_Q4,D. Gastrointestinal tract and liver (GI-L),Embryonic development of the gastrointestinal tract and liver,"A 45-year-old male is undergoing an elective laparoscopic cholecystectomy. During the procedure, the surgeon identifies the blood supply to the upper gastrointestinal organs and explains the normal anatomical relationships within the foregut.",,Name the embryological division from which the stomach originates and state the vertebral level at which the artery supplying this division typically arises from the abdominal aorta.,2,"[""Foregut AND T12"", ""Foregut AND Twelfth thoracic vertebra""]","[Subtopic: Embryonic development of the gastrointestinal tract and liver] The stomach is a derivative of the embryonic foregut. The foregut is supplied by the celiac trunk, which originates from the aorta at the level of the T12 vertebra.",2026-05-16T10:27:34.688643
SAQ_D9133998_Q5,D. Gastrointestinal tract and liver (GI-L),"Physiological features of the liver, gallbladder and pancreas","A 45-year-old male is undergoing an elective laparoscopic cholecystectomy. During the procedure, the surgeon identifies the blood supply to the upper gastrointestinal organs and explains the normal anatomical relationships within the foregut.",The surgeon reflects on how the exocrine pancreas normally responds to the arrival of acidic chyme in the duodenum.,State the primary inorganic ion secreted by the ductal cells of the exocrine pancreas and name the hormone that primarily stimulates its release in response to low duodenal pH.,2,"[""Bicarbonate AND Secretin"", ""HCO3- AND Secretin""]","[Subtopic: Physiological features of the liver, gallbladder and pancreas] Secretin is released from S-cells in the duodenum in response to acid. It stimulates pancreatic duct cells to secrete bicarbonate-rich fluid to neutralize the chyme.",2026-05-16T10:27:34.688645
SAQ_131F70C2_Q1,E. Neuroscience,Neuroanatomy,"A 68-year-old man is brought to the Emergency Department after suddenly developing weakness in his right arm and leg, and difficulty speaking. A neurological examination identifies a deficit in the primary motor cortex of the left hemisphere.",,In which specific gyrus of the cerebral cortex is the primary motor cortex located?,1,"[""Precentral gyrus"", ""The precentral gyrus""]","[Subtopic: Neuroanatomy] The primary motor cortex is located in the precentral gyrus of the frontal lobe, which is situated immediately anterior to the central sulcus.",2026-05-16T10:28:00.965092
SAQ_131F70C2_Q2,E. Neuroscience,Neuroanatomy,"A 68-year-old man is brought to the Emergency Department after suddenly developing weakness in his right arm and leg, and difficulty speaking. A neurological examination identifies a deficit in the primary motor cortex of the left hemisphere.",The patient's symptoms suggest a vascular event affecting the blood supply to the lateral aspect of the left cerebral hemisphere.,Name the specific cerebral artery that supplies the lateral aspect of the hemisphere AND the arterial circle located at the base of the brain from which the cerebral arteries originate.,2,"[""Middle cerebral artery and Circle of Willis"", ""MCA and Circle of Willis"", ""Middle cerebral artery and circulus arteriosus cerebri""]","[Subtopic: Neuroanatomy] The middle cerebral artery (MCA) supplies the majority of the lateral surface of the brain. It originates from the Circle of Willis (circulus arteriosus cerebri), which provides collateral circulation at the base of the brain.",2026-05-16T10:28:00.965099
SAQ_131F70C2_Q3,E. Neuroscience,Neurophysiology,"A 68-year-old man is brought to the Emergency Department after suddenly developing weakness in his right arm and leg, and difficulty speaking. A neurological examination identifies a deficit in the primary motor cortex of the left hemisphere.",Signals from the motor cortex are transmitted via action potentials along axons to the spinal cord.,"During the depolarization phase of a normal action potential, state the specific ion that moves across the neuronal membrane AND the direction of its net movement (into or out of the cell).",2,"[""Sodium and into the cell"", ""Na+ and influx"", ""Na+ and into the cell""]","[Subtopic: Neurophysiology] Depolarization is caused by the opening of voltage-gated sodium (Na+) channels, allowing a rapid influx of sodium ions into the cell down their electrochemical gradient.",2026-05-16T10:28:00.965104
SAQ_131F70C2_Q4,E. Neuroscience,Neurohistology,"A 68-year-old man is brought to the Emergency Department after suddenly developing weakness in his right arm and leg, and difficulty speaking. A neurological examination identifies a deficit in the primary motor cortex of the left hemisphere.",Efficient signal transmission in the central nervous system depends on the histological structure of the axons.,Name the specific glial cell responsible for the myelination of axons in the brain AND the term for the periodic gaps in this myelin sheath where ion exchange occurs.,2,"[""Oligodendrocyte and Nodes of Ranvier"", ""Oligodendrocytes and Nodes of Ranvier""]","[Subtopic: Neurohistology] In the central nervous system, oligodendrocytes produce the myelin sheath. The gaps between myelin segments are the Nodes of Ranvier, which facilitate saltatory conduction.",2026-05-16T10:28:00.965106
SAQ_131F70C2_Q5,E. Neuroscience,Psychiatry and psychological & sociological principles in behavioural neuroscience,"A 68-year-old man is brought to the Emergency Department after suddenly developing weakness in his right arm and leg, and difficulty speaking. A neurological examination identifies a deficit in the primary motor cortex of the left hemisphere.","While checking the patient's recovery, he reports that while he can feel the touch of a pen on his arm (sensation), he struggles to recognize the object without looking at it.",State the psychological term used to describe the mental process of organizing and interpreting sensory information to recognize objects or environments.,2,"[""Perception"", ""Sensory perception""]","[Subtopic: Psychiatry and psychological & sociological principles in behavioural neuroscience] Sensation is the physical detection of stimuli, whereas perception is the higher-order psychological process of interpreting that sensory information.",2026-05-16T10:28:00.965108
SAQ_131F70C2_Q6,E. Neuroscience,Neuroanatomy,"A 68-year-old man is brought to the Emergency Department after suddenly developing weakness in his right arm and leg, and difficulty speaking. A neurological examination identifies a deficit in the primary motor cortex of the left hemisphere.","The motor signals travel through the corticospinal tract, which decussates before reaching the spinal cord nerves that innervate the limbs.",Name the specific part of the brainstem where the decussation of the pyramids (corticospinal tracts) occurs.,1,"[""Medulla oblongata"", ""Medulla"", ""Caudal medulla""]","[Subtopic: Neuroanatomy] The decussation of the pyramids occurs in the lower (caudal) part of the medulla oblongata, explaining why the left hemisphere controls the right side of the body.",2026-05-16T10:28:00.965109
SAQ_B69F39AD_Q1,"F. Skin, UroGenital, Endocrine and Reproduction (SUGER)",Physiological features of the renal and urinary system,A 28-year-old woman attends her first antenatal appointment at 12 weeks gestation. She is healthy with no significant past medical history. Routine blood tests are performed as part of her antenatal care. The GP notes her serum creatinine is 45 µmol/L (normal range for non-pregnant female: 45-90 µmol/L).,,"State the physiological change in Glomerular Filtration Rate (GFR) that occurs during normal pregnancy, which typically accounts for this lower serum creatinine concentration.",2,"[""Increased GFR"", ""Increased Glomerular Filtration Rate"", ""Increase in GFR"", ""It increases"", ""Increased""]","[Subtopic: Physiological features of the renal and urinary system] During normal pregnancy, renal plasma flow and GFR increase significantly (often by 50%). This leads to more efficient clearance of creatinine, resulting in lower baseline serum creatinine levels compared to the non-pregnant state.",2026-05-16T10:28:27.718639
SAQ_B69F39AD_Q2,"F. Skin, UroGenital, Endocrine and Reproduction (SUGER)",Physiological features of the reproductive system,A 28-year-old woman attends her first antenatal appointment at 12 weeks gestation. She is healthy with no significant past medical history. Routine blood tests are performed as part of her antenatal care. The GP notes her serum creatinine is 45 µmol/L (normal range for non-pregnant female: 45-90 µmol/L).,The patient is curious about the hormonal changes maintaining her pregnancy during this first trimester.,Name the specific ovarian structure that is the primary source of progesterone required to maintain the endometrium during the first 8-10 weeks of pregnancy.,2,"[""Corpus luteum"", ""Corpus luteum of pregnancy""]","[Subtopic: Physiological features of the reproductive system] The corpus luteum is formed from the remains of the ovarian follicle after ovulation. In early pregnancy, it is rescued from degeneration by human chorionic gonadotrophin (hCG) and continues to secrete progesterone until the placenta takes over steroidogenesis around week 10.",2026-05-16T10:28:27.718647
SAQ_B69F39AD_Q3,"F. Skin, UroGenital, Endocrine and Reproduction (SUGER)",Physiological features of the endocrine system,A 28-year-old woman attends her first antenatal appointment at 12 weeks gestation. She is healthy with no significant past medical history. Routine blood tests are performed as part of her antenatal care. The GP notes her serum creatinine is 45 µmol/L (normal range for non-pregnant female: 45-90 µmol/L).,"As the pregnancy progresses towards term, the maternal body prepares for labour and delivery.",Name the hormone secreted by the posterior pituitary gland that is responsible for stimulating uterine smooth muscle contractions during the second stage of labour.,2,"[""Oxytocin""]","[Subtopic: Physiological features of the endocrine system] Oxytocin is synthesized in the hypothalamus and stored in the posterior pituitary. During labour, stretching of the cervix triggers its release, which in turn stimulates uterine contractions in a positive feedback loop.",2026-05-16T10:28:27.718649
SAQ_B69F39AD_Q4,"F. Skin, UroGenital, Endocrine and Reproduction (SUGER)",Histology of SUGER,A 28-year-old woman attends her first antenatal appointment at 12 weeks gestation. She is healthy with no significant past medical history. Routine blood tests are performed as part of her antenatal care. The GP notes her serum creatinine is 45 µmol/L (normal range for non-pregnant female: 45-90 µmol/L).,The placenta serves as the vital interface between the mother and the fetus for nutrient and waste exchange.,Name the specialized multinucleated outer layer of the placental trophoblast that is in direct contact with the maternal blood in the intervillous space.,2,"[""Syncytiotrophoblast"", ""Syncytiotrophoblasts""]","[Subtopic: Histology of SUGER] The syncytiotrophoblast is the outer, syncytial layer of the trophoblast that actively invades the uterine wall. It lacks individual cell boundaries and forms the primary barrier and transport surface between maternal blood and fetal tissues.",2026-05-16T10:28:27.718651
SAQ_B69F39AD_Q5,"F. Skin, UroGenital, Endocrine and Reproduction (SUGER)",Embryonic development of the urogenital and reproductive organs,A 28-year-old woman attends her first antenatal appointment at 12 weeks gestation. She is healthy with no significant past medical history. Routine blood tests are performed as part of her antenatal care. The GP notes her serum creatinine is 45 µmol/L (normal range for non-pregnant female: 45-90 µmol/L).,"During a routine ultrasound, the development of the fetal renal system is monitored.",State the term for the third and final stage of renal development that forms the definitive adult kidney in humans.,2,"[""Metanephros"", ""Metanephroi""]","[Subtopic: Embryonic development of the urogenital and reproductive organs] Human kidney development occurs in three successive stages: the pronephros (rudimentary), the mesonephros (interim), and the metanephros, which becomes the permanent kidney and starts functioning around the 10th-12th week of gestation.",2026-05-16T10:28:27.718652
SAQ_D261376F_Q1,G. Musculoskeletal (MSK),Bone,A 68-year-old male presents to his GP for a routine health review. He is concerned about his skeletal health and mentions he has increased his dietary intake of calcium and started daily walking to maintain his bone strength.,,Name the two types of bone cells that must be 'coupled' to ensure balanced bone remodeling (1 mark) and identify which of these two cell types expresses the RANK-ligand (RANKL) (1 mark).,2,"[""Osteoblasts and Osteoclasts; Osteoblasts"", ""Osteoblasts, Osteoclasts; Osteoblasts"", ""Osteoclasts, Osteoblasts; Osteoblasts""]","[Subtopic: Bone] Bone remodeling involves the coordinated action (coupling) of bone-resorbing osteoclasts and bone-forming osteoblasts. Osteoblasts (and osteocytes) produce RANKL, which binds to the RANK receptor on osteoclast precursors to stimulate their differentiation and activity.",2026-05-16T10:29:01.314323
SAQ_D261376F_Q2,G. Musculoskeletal (MSK),Biochemistry/homeostasis,A 68-year-old male presents to his GP for a routine health review. He is concerned about his skeletal health and mentions he has increased his dietary intake of calcium and started daily walking to maintain his bone strength.,The patient's blood tests are normal: Serum calcium 2.35 mmol/L [2.20-2.60 mmol/L]; Serum phosphate 1.1 mmol/L [0.8-1.5 mmol/L].,Describe the direct effect of parathyroid hormone (PTH) on renal phosphate handling (1 mark) and name the active form of Vitamin D produced by the kidneys in response to PTH stimulation (1 mark).,2,"[""Decreases phosphate reabsorption; 1,25-dihydroxyvitamin D"", ""Inhibits phosphate reabsorption; Calcitriol"", ""Increases phosphate excretion; 1,25-dihydroxycholecalciferol"", ""Decreases phosphate reabsorption in the proximal tubule; 1,25(OH)2D""]","[Subtopic: Biochemistry/homeostasis] PTH decreases the reabsorption of phosphate in the renal proximal convoluted tubule (promoting phosphaturia). It also stimulates the 1-alpha-hydroxylase enzyme to convert 25-hydroxyvitamin D into its active form, 1,25-dihydroxyvitamin D (calcitriol).",2026-05-16T10:29:01.314331
SAQ_D261376F_Q3,G. Musculoskeletal (MSK),Histology,A 68-year-old male presents to his GP for a routine health review. He is concerned about his skeletal health and mentions he has increased his dietary intake of calcium and started daily walking to maintain his bone strength.,The GP explains that the strength of the femur is due to its organized microscopic structure.,"Name the structural unit of compact (cortical) bone, consisting of concentric lamellae (1 mark), and name the small spaces within the matrix where mature bone cells are located (1 mark).",2,"[""Osteon; Lacunae"", ""Haversian system; Lacunae"", ""Osteon; Lacuna""]",[Subtopic: Histology] The functional and structural unit of compact bone is the osteon (or Haversian system). Osteocytes reside in small cavities within the mineralized matrix called lacunae.,2026-05-16T10:29:01.314332
SAQ_D261376F_Q4,G. Musculoskeletal (MSK),Exercise,A 68-year-old male presents to his GP for a routine health review. He is concerned about his skeletal health and mentions he has increased his dietary intake of calcium and started daily walking to maintain his bone strength.,The patient asks why walking is specifically recommended for his bones compared to non-weight-bearing activities like swimming.,"According to the 'Mechanostat' model, identify the mature bone cell that acts as the primary mechanosensor (1 mark) and state the term for the process where bone is added to a surface without prior resorption in response to high mechanical strain (1 mark).",2,"[""Osteocyte; Bone modeling"", ""Osteocytes; Modeling"", ""Osteocyte; Bone formation""]","[Subtopic: Exercise] Osteocytes, embedded within the bone matrix, sense mechanical strain through their dendritic processes. When strain exceeds a certain threshold (the modeling threshold), bone modeling occurs, which involves the addition of new bone to strengthen the structure.",2026-05-16T10:29:01.314334
SAQ_D261376F_Q5,G. Musculoskeletal (MSK),Intro,A 68-year-old male presents to his GP for a routine health review. He is concerned about his skeletal health and mentions he has increased his dietary intake of calcium and started daily walking to maintain his bone strength.,A discussion occurs regarding the biochemical composition of the bone matrix that allows it to resist different types of forces.,Name the specific type of collagen that makes up approximately 90% of the organic bone matrix (1 mark) and name the mineral crystal that provides bone with its compressive stiffness (1 mark).,2,"[""Type 1 collagen; Hydroxyapatite"", ""Type I collagen; Calcium hydroxyapatite"", ""Type 1; Hydroxyapatite""]","[Subtopic: Intro] Bone is a composite material. The organic component is predominantly Type 1 collagen, providing tensile strength (toughness), while the inorganic component is primarily hydroxyapatite crystals, providing compressive strength (stiffness).",2026-05-16T10:29:01.314336
SAQ_1461498A_Q1,H. Prescribing,Use of FP10 prescriptions in Primary Care (linked to 'Generalism and holistic patient care' - EYGP session 1),A 42-year-old man visits his GP surgery to discuss his treatment for chronic back pain. He has been using over-the-counter paracetamol but feels it is no longer sufficient to manage his symptoms.,,"For a standard FP10 prescription to be legally valid in the UK, it must include specific identifiers for the patient. Name TWO required patient identifiers that must appear on the prescription.",2,"[""Patient's name"", ""Patient's address"", ""Patient's full name""]","[Subtopic: Use of FP10 prescriptions in Primary Care (linked to 'Generalism and holistic patient care' - EYGP session 1)] A valid prescription must include the patient's name and address, the prescriber's details, the date, and the drug details (name, strength, dose, and frequency).",2026-05-16T10:29:31.398528
SAQ_1461498A_Q2,H. Prescribing,Drugs associated with dependence and withdrawal symptoms (linked to 'Osteoarthritis / Chronic pain - EYGP session 11),A 42-year-old man visits his GP surgery to discuss his treatment for chronic back pain. He has been using over-the-counter paracetamol but feels it is no longer sufficient to manage his symptoms.,The patient expresses concern about the risk of becoming 'hooked' on stronger medications used for pain management.,"Name TWO classes of medication, other than opioids, that are specifically recognized for their potential to cause physical dependence or withdrawal symptoms.",2,"[""Benzodiazepines"", ""Gabapentinoids"", ""Z-drugs"", ""Pregabalin"", ""Gabapentin"", ""Hypnotics""]","[Subtopic: Drugs associated with dependence and withdrawal symptoms (linked to 'Osteoarthritis / Chronic pain - EYGP session 11)] In addition to opioids, benzodiazepines (used for anxiety/insomnia) and gabapentinoids (used for nerve pain) are associated with dependence and require careful management and tapering.",2026-05-16T10:29:31.398535
SAQ_1461498A_Q3,H. Prescribing,Routes of drug administration and medicine formulations (linked to 'Ischaemic heart disease / Health inequalities' - EYGP session 3),A 42-year-old man visits his GP surgery to discuss his treatment for chronic back pain. He has been using over-the-counter paracetamol but feels it is no longer sufficient to manage his symptoms.,The GP discusses the difference between using a topical gel (local administration) and an oral tablet (systemic administration) for his pain.,"In the context of drug delivery, define the term 'systemic administration'.",2,"[""Administration where the drug enters the circulatory system to be distributed throughout the body"", ""The drug enters the bloodstream and travels to the whole body"", ""Delivery to the blood for distribution to all tissues""]","[Subtopic: Routes of drug administration and medicine formulations (linked to 'Ischaemic heart disease / Health inequalities' - EYGP session 3)] Systemic administration refers to any route where the drug enters the bloodstream, allowing it to act on multiple sites throughout the body, unlike local administration which acts only at the site of application.",2026-05-16T10:29:31.398537
SAQ_1461498A_Q4,H. Prescribing,Non-pharmacological interventions (linked to 'Irritable bowel syndrome (IBS) / Functional disorders' - EYGP session 5),A 42-year-old man visits his GP surgery to discuss his treatment for chronic back pain. He has been using over-the-counter paracetamol but feels it is no longer sufficient to manage his symptoms.,"Before increasing his medication dose, the GP suggests a referral to a physiotherapist to focus on a non-pharmacological approach.","State TWO benefits of utilizing non-pharmacological interventions, such as physical therapy or exercise, compared to pharmacological treatments in chronic pain management.",2,"[""Reduced risk of side effects"", ""Avoidance of drug-drug interactions"", ""Lower risk of dependence"", ""Addresses psychosocial factors"", ""Promotes self-management"", ""Fewer physiological complications""]","[Subtopic: Non-pharmacological interventions (linked to 'Irritable bowel syndrome (IBS) / Functional disorders' - EYGP session 5)] Non-pharmacological treatments avoid many of the adverse effects associated with long-term medication use, such as organ toxicity, dependence, and interactions with other medicines.",2026-05-16T10:29:31.398539
SAQ_1461498A_Q5,H. Prescribing,National processes for medicines management (linked to 'Epilepsy' - EYGP session 7),A 42-year-old man visits his GP surgery to discuss his treatment for chronic back pain. He has been using over-the-counter paracetamol but feels it is no longer sufficient to manage his symptoms.,The GP consults the local area prescribing guide before selecting a specific NSAID to ensure it aligns with local policy.,State the primary purpose of a local drug formulary within the NHS.,2,"[""To promote safe, evidence-based, and cost-effective prescribing"", ""To provide a list of preferred/recommended medicines for local clinicians"", ""To ensure consistency of prescribing within a local health area""]","[Subtopic: National processes for medicines management (linked to 'Epilepsy' - EYGP session 7)] Local formularies are used by Integrated Care Boards (ICBs) to guide clinicians toward prescribing medicines that are clinically effective, safe, and cost-effective for their specific population.",2026-05-16T10:29:31.398542
SAQ_EFEAB99F_Q1,I. Public health,Three pillars of public health,"A 65-year-old man visits his GP for a health check. He lives in a deprived urban area, has smoked 20 cigarettes a day for forty years, and has a Body Mass Index (BMI) of 32 kg/m². The GP considers how population-level strategies can improve health outcomes for patients with similar profiles.",,"Public health is often described as resting on three 'pillars'. Name the specific pillar that focuses on protecting the population from infectious diseases, environmental hazards, and radiation.",2,"[""Health protection""]","[Subtopic: Three pillars of public health] The three pillars of public health are health protection, health improvement, and health services. Health protection specifically involves managing risks associated with infectious diseases and environmental hazards.",2026-05-16T10:29:53.348405
SAQ_EFEAB99F_Q2,I. Public health,Address social determinants of health,"A 65-year-old man visits his GP for a health check. He lives in a deprived urban area, has smoked 20 cigarettes a day for forty years, and has a Body Mass Index (BMI) of 32 kg/m². The GP considers how population-level strategies can improve health outcomes for patients with similar profiles.",The GP uses the Dahlgren and Whitehead 'rainbow' model to understand the various layers of influence on this patient's health.,"According to the Dahlgren and Whitehead model of the social determinants of health, state the three factors that form the fixed 'core' at the centre of the diagram.",2,"[""Age, sex, and hereditary factors"", ""Age, sex, and genetics"", ""Age, gender, and genetics""]","[Subtopic: Address social determinants of health] The Dahlgren and Whitehead model places age, sex, and hereditary factors at the centre as fixed biological determinants, surrounded by layers of individual lifestyle, social networks, and wider socio-economic conditions.",2026-05-16T10:29:53.348415
SAQ_EFEAB99F_Q3,I. Public health,Medical sociology,"A 65-year-old man visits his GP for a health check. He lives in a deprived urban area, has smoked 20 cigarettes a day for forty years, and has a Body Mass Index (BMI) of 32 kg/m². The GP considers how population-level strategies can improve health outcomes for patients with similar profiles.","The patient is struggling to maintain his employment due to chronic cough and breathlessness, which leads to a discussion regarding the 'Sick Role' in society.","In Talcott Parsons' concept of the 'Sick Role', there are two rights and two obligations. State the TWO obligations an individual must fulfill to be legitimately granted the status of being 'sick'.",2,"[""Must want to get well and seek technically competent help/cooperate with professionals"", ""To want to get well and to seek help"", ""Seek medical help and cooperate with treatment""]","[Subtopic: Medical sociology] Under Parsons' Sick Role, the patient's obligations are: 1) They must want to get well as soon as possible, and 2) They must seek technically competent help and cooperate with the advice of the professional.",2026-05-16T10:29:53.348417
SAQ_EFEAB99F_Q4,I. Public health,Prevent disease and promote good health,"A 65-year-old man visits his GP for a health check. He lives in a deprived urban area, has smoked 20 cigarettes a day for forty years, and has a Body Mass Index (BMI) of 32 kg/m². The GP considers how population-level strategies can improve health outcomes for patients with similar profiles.",The GP reflects on Geoffrey Rose’s strategies for preventive medicine to address the high prevalence of obesity and smoking in the local community.,"Name the specific preventive strategy described by Rose that aims to reduce the health risks of an entire population by shifting the whole distribution of a risk factor (e.g., mean BMI) in a favourable direction.",2,"[""Population strategy"", ""The population approach"", ""Mass strategy""]","[Subtopic: Prevent disease and promote good health] Rose's 'population strategy' aims to shift the entire distribution of risk in a population, whereas the 'high-risk strategy' targets only those individuals at the extreme end of the distribution.",2026-05-16T10:29:53.348420
SAQ_EFEAB99F_Q5,I. Public health,Behaviour and society,"A 65-year-old man visits his GP for a health check. He lives in a deprived urban area, has smoked 20 cigarettes a day for forty years, and has a Body Mass Index (BMI) of 32 kg/m². The GP considers how population-level strategies can improve health outcomes for patients with similar profiles.",The patient expresses a desire to stop smoking within the next month and has already bought nicotine replacement patches.,Identify the specific stage of the Transtheoretical (Stages of Change) Model that this patient is currently in.,2,"[""Preparation"", ""Preparation stage""]",[Subtopic: Behaviour and society] The Preparation stage is characterized by an individual intending to take action in the immediate future (usually the next month) and having already taken some behavioral steps toward the change.,2026-05-16T10:29:53.348422
SAQ_F3EB2E59_Q1,J. Critical numbers,Quantitative study design,A group of researchers conducts a study to investigate the relationship between weekly aerobic exercise (measured in hours) and resting heart rate in a population of 500 healthy adults aged 20-30. Data on both exercise habits and heart rate are collected for all participants during a single visit to a physiology lab.,,Identify the specific type of observational study design used in this scenario where data is collected from a population at one specific point in time.,2,"[""Cross-sectional study"", ""Cross sectional"", ""Cross-sectional""]","[Subtopic: Quantitative study design] A cross-sectional study measures the exposure and outcome in a population at a single point in time, providing a 'snapshot' of the data.",2026-05-16T10:30:13.758906
SAQ_F3EB2E59_Q2,J. Critical numbers,Summary statistics,A group of researchers conducts a study to investigate the relationship between weekly aerobic exercise (measured in hours) and resting heart rate in a population of 500 healthy adults aged 20-30. Data on both exercise habits and heart rate are collected for all participants during a single visit to a physiology lab.,The resting heart rate data collected (measured in beats per minute) is found to follow a normal (Gaussian) distribution.,Name the two most appropriate summary statistics used to describe the central tendency and the dispersion of this normally distributed numeric data.,2,"[""Mean and standard deviation"", ""Mean and SD"", ""Arithmetic mean and standard deviation""]","[Subtopic: Summary statistics] For numeric data that is normally distributed, the mean is the standard measure of central tendency and the standard deviation is the standard measure of dispersion.",2026-05-16T10:30:13.758916
SAQ_F3EB2E59_Q3,J. Critical numbers,Inferential statistics,A group of researchers conducts a study to investigate the relationship between weekly aerobic exercise (measured in hours) and resting heart rate in a population of 500 healthy adults aged 20-30. Data on both exercise habits and heart rate are collected for all participants during a single visit to a physiology lab.,The researchers compare the mean resting heart rate of participants who exercise more than 5 hours a week to those who exercise less than 1 hour a week. They calculate a p-value of 0.002.,Define what a 'p-value' represents in the context of the null hypothesis.,2,"[""The probability of obtaining the observed results (or more extreme) if the null hypothesis is true"", ""Probability of the data given the null hypothesis is true"", ""The probability of the observed difference occurring by chance if the null hypothesis is true""]","[Subtopic: Inferential statistics] The p-value is the probability of observing a result as extreme as, or more extreme than, the one obtained, assuming that the null hypothesis (usually stating no difference) is correct.",2026-05-16T10:30:13.758919
SAQ_F3EB2E59_Q4,J. Critical numbers,Inferential statistics,A group of researchers conducts a study to investigate the relationship between weekly aerobic exercise (measured in hours) and resting heart rate in a population of 500 healthy adults aged 20-30. Data on both exercise habits and heart rate are collected for all participants during a single visit to a physiology lab.,The researchers report that the mean difference in resting heart rate between the high-exercise and low-exercise groups is 8 beats per minute.,Name the statistical range that should be provided alongside this point estimate to indicate the precision of the result and the range within which the true population mean difference likely falls.,2,"[""Confidence interval"", ""95% confidence interval"", ""CI""]","[Subtopic: Inferential statistics] A confidence interval (usually 95%) provides a range of values that is likely to contain the true population parameter, indicating the precision of the estimate.",2026-05-16T10:30:13.758921
SAQ_F3EB2E59_Q5,J. Critical numbers,Critical appraisal,A group of researchers conducts a study to investigate the relationship between weekly aerobic exercise (measured in hours) and resting heart rate in a population of 500 healthy adults aged 20-30. Data on both exercise habits and heart rate are collected for all participants during a single visit to a physiology lab.,"During analysis, the researchers realise that the participants' caffeine intake was not recorded. Caffeine intake is known to influence both exercise performance and resting heart rate.","State the epidemiological term for a variable, such as caffeine intake in this study, that is independently associated with both the exposure and the outcome, potentially distorting the observed association.",2,"[""Confounder"", ""Confounding variable"", ""Confounding""]","[Subtopic: Critical appraisal] A confounder is an extraneous variable that correlates with both the dependent and independent variables, potentially leading to a false conclusion about the relationship between them.",2026-05-16T10:30:13.758923
SAQ_B6B53691_Q1,K. Early Years General Practice (EYGP),Session 11 'Osteoarthritis / Chronic pain',"A 68-year-old man visits his GP regarding persistent pain in his right knee, which he describes as a dull ache. The pain is worse after walking long distances and improves with rest. He mentions that he is finding it increasingly difficult to enjoy his hobby of gardening because of the stiffness.",,The World Health Organization (WHO) pain ladder is used to guide analgesic management. Name the drug typically recommended for 'Step 1' (mild pain) and state one common side effect associated with the long-term use of opioids (Steps 2 or 3).,2,"[""Paracetamol and Constipation"", ""Paracetamol and Nausea"", ""Paracetamol and Respiratory depression"", ""Paracetamol and Addiction"", ""Paracetamol and Dependence"", ""Non-opioids and Constipation"", ""NSAIDs and Constipation""]","[Subtopic: Session 11 'Osteoarthritis / Chronic pain'] Step 1 of the WHO pain ladder involves non-opioids such as paracetamol or NSAIDs. Long-term opioid use is associated with several side effects, most commonly constipation, but also includes nausea, drowsiness, and the risk of dependence.",2026-05-16T10:30:36.301685
SAQ_B6B53691_Q2,K. Early Years General Practice (EYGP),Session 11 'Osteoarthritis / Chronic pain',"A 68-year-old man visits his GP regarding persistent pain in his right knee, which he describes as a dull ache. The pain is worse after walking long distances and improves with rest. He mentions that he is finding it increasingly difficult to enjoy his hobby of gardening because of the stiffness.",The GP wishes to discuss management strategies that do not rely solely on medication.,Provide two examples of non-pharmacological approaches that could be used to help manage this patient's chronic knee pain.,2,"[""Weight loss and Exercise"", ""Physiotherapy and Weight loss"", ""Exercise and Physiotherapy"", ""Heat/cold packs and Exercise"", ""Transcutaneous Electrical Nerve Stimulation (TENS) and Weight loss"", ""Supportive footwear and Physiotherapy""]","[Subtopic: Session 11 'Osteoarthritis / Chronic pain'] Non-pharmacological management is essential for chronic conditions like osteoarthritis. This includes weight loss (to reduce mechanical load), regular low-impact exercise (to strengthen supporting muscles), and physiotherapy.",2026-05-16T10:30:36.301693
SAQ_B6B53691_Q3,K. Early Years General Practice (EYGP),Session 11 'Osteoarthritis / Chronic pain',"A 68-year-old man visits his GP regarding persistent pain in his right knee, which he describes as a dull ache. The pain is worse after walking long distances and improves with rest. He mentions that he is finding it increasingly difficult to enjoy his hobby of gardening because of the stiffness.",The GP assesses the impact of the pain on the patient's wider life.,"List two ways in which chronic pain can impact a patient's quality of life, excluding physical discomfort.",2,"[""Social isolation and Depression"", ""Loss of independence and Sleep disturbance"", ""Anxiety and Reduced mobility/ADLs"", ""Economic impact and Low mood"", ""Impact on relationships and Mental wellbeing""]","[Subtopic: Session 11 'Osteoarthritis / Chronic pain'] Chronic pain has bio-psycho-social impacts. It can lead to mental health issues (depression/anxiety), social isolation due to inability to participate in hobbies, sleep disturbances, and a loss of independence in activities of daily living (ADLs).",2026-05-16T10:30:36.301695
SAQ_B6B53691_Q4,K. Early Years General Practice (EYGP),Session 1 'Generalism and holistic patient care',"A 68-year-old man visits his GP regarding persistent pain in his right knee, which he describes as a dull ache. The pain is worse after walking long distances and improves with rest. He mentions that he is finding it increasingly difficult to enjoy his hobby of gardening because of the stiffness.","During the consultation, the GP uses a 'person-centred' approach.",Define what is meant by 'person-centred care' in the context of a primary care consultation.,2,"[""Focusing on the individual's needs, values, and preferences"", ""A partnership between the clinician and patient"", ""Involving the patient in shared decision-making"", ""Treating the person as a whole, not just the disease""]","[Subtopic: Session 1 'Generalism and holistic patient care'] Person-centred care involves treating the patient as an individual and equal partner in their care. It focuses on their specific needs, values, and preferences, and utilizes shared decision-making rather than a paternalistic approach.",2026-05-16T10:30:36.301696
SAQ_B6B53691_Q5,K. Early Years General Practice (EYGP),Session 1 'Generalism and holistic patient care',"A 68-year-old man visits his GP regarding persistent pain in his right knee, which he describes as a dull ache. The pain is worse after walking long distances and improves with rest. He mentions that he is finding it increasingly difficult to enjoy his hobby of gardening because of the stiffness.",The GP manages the patient's care within the community setting.,State two key differences between the roles of primary care and secondary care in the UK.,2,"[""Primary care is the first point of contact; secondary care is specialist/referral-based"", ""Primary care manages undifferentiated illness; secondary care manages specific diseases"", ""Primary care provides longitudinal/continuous care; secondary care is often episodic"", ""Primary care is generalist; secondary care is specialist""]","[Subtopic: Session 1 'Generalism and holistic patient care'] Primary care (GPs) acts as the first point of contact for patients and provides holistic, longitudinal care for undifferentiated problems. Secondary care (Hospitals/Specialists) typically requires a referral and provides specialized expertise for specific conditions.",2026-05-16T10:30:36.301698
SAQ_D652C1CE_Q1,A. Introduction to Medicine and Medical Science (IMMS),Introduction to anatomical features of the human body,A 22-year-old medical student is practicing a routine physical examination on a healthy peer in a clinical skills lab. They are identifying standard anatomical landmarks and discussing the underlying biological principles that maintain health.,,"Define the 'anatomical position' used as the global reference for anatomical terminology, specifically describing the required orientation of the palms and the feet.",2,"[""Palms facing forward"", ""Palms facing anteriorly"", ""Feet flat on the floor and pointing forward"", ""Feet together and pointing forward""]","[Subtopic: Introduction to anatomical features of the human body] The anatomical position is the standard reference: body standing erect, feet slightly apart and pointing forward, arms at the sides with palms facing forward (supinated).",2026-05-16T10:30:59.011955
SAQ_D652C1CE_Q2,A. Introduction to Medicine and Medical Science (IMMS),Cell histology and their ultrastructural components,A 22-year-old medical student is practicing a routine physical examination on a healthy peer in a clinical skills lab. They are identifying standard anatomical landmarks and discussing the underlying biological principles that maintain health.,The student observes the skin of the forearm during the examination.,Identify the specific type of epithelium that constitutes the normal epidermis of the skin.,2,"[""Keratinised stratified squamous epithelium"", ""Keratinized stratified squamous epithelium""]","[Subtopic: Cell histology and their ultrastructural components] The epidermis is composed of keratinised stratified squamous epithelium, which provides a protective, waterproof barrier.",2026-05-16T10:30:59.011963
SAQ_D652C1CE_Q3,A. Introduction to Medicine and Medical Science (IMMS),Genetics,A 22-year-old medical student is practicing a routine physical examination on a healthy peer in a clinical skills lab. They are identifying standard anatomical landmarks and discussing the underlying biological principles that maintain health.,The student takes a basic family history. They discuss traits that are only expressed when an individual inherits two copies of a specific genetic variant located on a non-sex chromosome.,State the term for this specific pattern of Mendelian inheritance.,1,"[""Autosomal recessive""]",[Subtopic: Genetics] Autosomal recessive inheritance occurs when a trait or condition is expressed only in individuals who have two copies of the variant allele (homozygotes) on a non-sex chromosome.,2026-05-16T10:30:59.011965
SAQ_D652C1CE_Q4,A. Introduction to Medicine and Medical Science (IMMS),Energy metabolism / Biochemistry,A 22-year-old medical student is practicing a routine physical examination on a healthy peer in a clinical skills lab. They are identifying standard anatomical landmarks and discussing the underlying biological principles that maintain health.,The student considers the biochemical processes required to provide energy (ATP) for muscle contraction during the examination.,Name the metabolic pathway that occurs in the cytosol of the cell to convert one molecule of glucose into two molecules of pyruvate.,2,"[""Glycolysis"", ""Aerobic glycolysis""]","[Subtopic: Energy metabolism / Biochemistry] Glycolysis is the metabolic pathway in the cytosol that breaks down glucose into pyruvate, yielding a small amount of ATP and NADH.",2026-05-16T10:30:59.011966
SAQ_D652C1CE_Q5,A. Introduction to Medicine and Medical Science (IMMS),Cell biology,A 22-year-old medical student is practicing a routine physical examination on a healthy peer in a clinical skills lab. They are identifying standard anatomical landmarks and discussing the underlying biological principles that maintain health.,"To maintain tissue integrity, cells in the peer's body are constantly undergoing the cell cycle to replace old cells.",Identify the specific phase of the cell cycle during which DNA replication occurs.,1,"[""S phase"", ""Synthesis phase""]","[Subtopic: Cell biology] DNA replication occurs during the S phase (Synthesis phase) of interphase, ensuring that each daughter cell receives a complete set of chromosomes.",2026-05-16T10:30:59.011968
SAQ_D652C1CE_Q6,A. Introduction to Medicine and Medical Science (IMMS),Cell histology and their ultrastructural components,A 22-year-old medical student is practicing a routine physical examination on a healthy peer in a clinical skills lab. They are identifying standard anatomical landmarks and discussing the underlying biological principles that maintain health.,"While palpating the radial pulse, the student recalls the histological structure of a muscular artery.",Name the specific histological layer (tunica) of the arterial wall that is composed predominantly of smooth muscle cells and elastic fibres.,2,"[""Tunica media"", ""Media""]","[Subtopic: Cell histology and their ultrastructural components] The tunica media is the middle layer of a blood vessel, consisting primarily of smooth muscle and elastic tissue, which allows the vessel to constrict or dilate.",2026-05-16T10:30:59.011970
SAQ_11F9932D_Q1,B. Cardiovascular system,Anatomical features of the cardiovascular system,"A 62-year-old man attends a routine cardiovascular screening appointment. He is asymptomatic and has no significant medical history. As part of the physical examination, the GP performs precordial auscultation.",,State the specific anatomical location on the chest wall (intercostal space and landmark) where the mitral valve is best auscultated.,2,"[""5th left intercostal space, mid-clavicular line"", ""Fifth left intercostal space, midclavicular line"", ""Left 5th ICS, MCL""]","[Subtopic: Anatomical features of the cardiovascular system] The mitral valve (bicuspid valve) is best heard at the apex of the heart, which normally lies in the 5th left intercostal space in the mid-clavicular line.",2026-05-16T10:31:25.627672
SAQ_11F9932D_Q2,B. Cardiovascular system,Physiological features of the cardiovascular system,"A 62-year-old man attends a routine cardiovascular screening appointment. He is asymptomatic and has no significant medical history. As part of the physical examination, the GP performs precordial auscultation.","During the examination, the patient's heart rate is measured at 70 beats per minute (bpm) and his stroke volume is estimated to be 70 mL.","Provide the mathematical formula for calculating Cardiac Output (CO) using Heart Rate (HR) and Stroke Volume (SV), and calculate this patient's CO in Litres per minute (L/min).",2,"[""CO = HR x SV; 4.9 L/min"", ""Cardiac Output = Heart Rate x Stroke Volume; 4.9"", ""CO = HR * SV; 4.9 litres/min""]","[Subtopic: Physiological features of the cardiovascular system] Cardiac output is the volume of blood pumped by the heart per minute. It is calculated as HR (70 bpm) x SV (0.07 L), which equals 4.9 L/min.",2026-05-16T10:31:25.627679
SAQ_11F9932D_Q3,B. Cardiovascular system,Physiological features of the cardiovascular system,"A 62-year-old man attends a routine cardiovascular screening appointment. He is asymptomatic and has no significant medical history. As part of the physical examination, the GP performs precordial auscultation.","An ECG is performed as part of the screening, which confirms a normal sinus rhythm. This rhythm is driven by the coordinated action potentials of the cardiac myocytes.",Name the specific ion whose inward flux is primarily responsible for the 'plateau' phase (Phase 2) of the ventricular myocyte action potential.,1,"[""Calcium"", ""Calcium ions"", ""Ca2+"", ""Ca++""]",[Subtopic: Physiological features of the cardiovascular system] Phase 2 (the plateau phase) of the cardiac action potential is caused by the balance between the inward movement of Calcium (Ca2+) through L-type calcium channels and the outward movement of Potassium (K+).,2026-05-16T10:31:25.627681
SAQ_11F9932D_Q4,B. Cardiovascular system,Histology of the cardiovascular system,"A 62-year-old man attends a routine cardiovascular screening appointment. He is asymptomatic and has no significant medical history. As part of the physical examination, the GP performs precordial auscultation.",Cardiac muscle tissue is characterized by its ability to function as a functional syncytium due to specialized connections between cells.,"Cardiac myocytes are joined by intercalated discs. Name the TWO specific types of membrane junctions found within these discs that provide mechanical attachment and electrical coupling, respectively.",2,"[""Desmosomes and gap junctions"", ""Macula adherens and nexus"", ""Desmosome and gap junction"", ""Fascia adherens and gap junctions""]","[Subtopic: Histology of the cardiovascular system] Intercalated discs contain desmosomes (and fascia adherens) to physically hold cells together under mechanical stress, and gap junctions (nexus) to allow ions to flow between cells for electrical synchronization.",2026-05-16T10:31:25.627682
SAQ_11F9932D_Q5,B. Cardiovascular system,Embryonic development of the heart and circulation,"A 62-year-old man attends a routine cardiovascular screening appointment. He is asymptomatic and has no significant medical history. As part of the physical examination, the GP performs precordial auscultation.",The patient's heart developed from a simple heart tube into a four-chambered organ during embryogenesis.,"Name the embryonic structure that is incorporated into the right atrium to form its smooth-walled part, known as the sinus venarum.",1,"[""Sinus venosus"", ""Right horn of the sinus venosus"", ""Right sinus horn""]","[Subtopic: Embryonic development of the heart and circulation] During heart development, the right horn of the sinus venosus is incorporated into the right atrium to form the smooth-walled sinus venarum, while the original atrium forms the pectinate (muscular) part.",2026-05-16T10:31:25.627683
SAQ_11F9932D_Q6,B. Cardiovascular system,Anatomical features of the cardiovascular system,"A 62-year-old man attends a routine cardiovascular screening appointment. He is asymptomatic and has no significant medical history. As part of the physical examination, the GP performs precordial auscultation.","The heart rate is regulated by the autonomic nervous system, which modulates the intrinsic activity of the sinoatrial (SA) node.",Name the cranial nerve that provides parasympathetic innervation to the heart and state its corresponding Roman numeral.,2,"[""Vagus nerve; CN X"", ""Vagus; X"", ""Vagus; Cranial Nerve 10""]",[Subtopic: Anatomical features of the cardiovascular system] The Vagus nerve (Cranial Nerve X) provides parasympathetic supply to the heart. Acetylcholine release from the vagus nerve acts on the SA node to decrease the heart rate.,2026-05-16T10:31:25.627684
SAQ_2FEF1BF0_Q1,C. Respiratory system,Anatomical features of the respiratory system / thorax,"A 22-year-old man is participating in his first marathon. As he nears the halfway point, his rate and depth of breathing have significantly increased to meet the metabolic demands of his muscles.",,Name the primary muscle responsible for inspiration and the specific spinal nerve roots that provide its motor innervation.,2,"[""Diaphragm"", ""C3, C4, C5"", ""C3-C5"", ""C3,4,5""]","[Subtopic: Anatomical features of the respiratory system / thorax] The diaphragm is the primary muscle of inspiration. It is innervated by the phrenic nerve, which is derived from the spinal nerve roots C3, C4, and C5 (""C3, 4, 5 keep the diaphragm alive"").",2026-05-16T10:31:52.112840
SAQ_2FEF1BF0_Q2,C. Respiratory system,Physiological features of the respiratory system,"A 22-year-old man is participating in his first marathon. As he nears the halfway point, his rate and depth of breathing have significantly increased to meet the metabolic demands of his muscles.",The runner's ventilation is closely regulated by chemoreceptors to maintain arterial gas homeostasis despite the increased production of carbon dioxide.,State the anatomical location of the central chemoreceptors and name the specific chemical species in the cerebrospinal fluid (CSF) that they are most directly sensitive to.,2,"[""Medulla oblongata"", ""Medulla"", ""Ventrolateral medulla"", ""Hydrogen ions"", ""H+"", ""Protons"", ""pH""]","[Subtopic: Physiological features of the respiratory system] Central chemoreceptors are located on the ventrolateral surface of the medulla oblongata. While triggered by rising PaCO2, they are directly sensitive to the resulting increase in hydrogen ion concentration (decreased pH) in the CSF, as H+ cannot cross the blood-brain barrier but CO2 can.",2026-05-16T10:31:52.112848
SAQ_2FEF1BF0_Q3,C. Respiratory system,Physiological features of the respiratory system,"A 22-year-old man is participating in his first marathon. As he nears the halfway point, his rate and depth of breathing have significantly increased to meet the metabolic demands of his muscles.","As the intensity of exercise increases, the volume of air moved in and out of the lungs with each breath changes to increase alveolar ventilation.","Name the lung volume that represents the amount of air inspired or expired during a single breath, and state whether this volume increases, decreases, or remains the same during heavy exercise.",2,"[""Tidal volume"", ""Increases""]","[Subtopic: Physiological features of the respiratory system] Tidal volume (VT) is the volume of air moved during a single respiratory cycle. During exercise, tidal volume increases by utilizing parts of the inspiratory and expiratory reserve volumes.",2026-05-16T10:31:52.112850
SAQ_2FEF1BF0_Q4,C. Respiratory system,Histology of the respiratory system,"A 22-year-old man is participating in his first marathon. As he nears the halfway point, his rate and depth of breathing have significantly increased to meet the metabolic demands of his muscles.",Efficient gas exchange is reliant on the extremely thin interface between the air in the alveoli and the blood in the surrounding vessels.,Identify the two specific cell types that form the primary layers of the blood-air barrier in the alveoli.,2,"[""Type I pneumocytes"", ""Type I alveolar cells"", ""Capillary endothelial cells"", ""Endothelium"", ""Endothelial cells""]","[Subtopic: Histology of the respiratory system] The blood-air barrier (alveolar-capillary membrane) is composed of the Type I pneumocyte (epithelium), the fused basement membrane, and the capillary endothelial cell. Type II pneumocytes produce surfactant and are not primarily responsible for gas exchange.",2026-05-16T10:31:52.112852
SAQ_2FEF1BF0_Q5,C. Respiratory system,Physiological features of the respiratory system,"A 22-year-old man is participating in his first marathon. As he nears the halfway point, his rate and depth of breathing have significantly increased to meet the metabolic demands of his muscles.","In the runner's active skeletal muscles, the local environment exhibits increased temperature and a lower pH.",Describe the shift (left or right) that occurs in the oxygen-haemoglobin dissociation curve under these conditions and state the effect this has on the affinity of haemoglobin for oxygen.,2,"[""Right shift"", ""Rightward shift"", ""Decreased affinity"", ""Lower affinity""]","[Subtopic: Physiological features of the respiratory system] Increased temperature, increased H+ (lower pH), and increased CO2 cause a rightward shift in the oxygen-haemoglobin dissociation curve (the Bohr effect). This represents a decreased affinity of haemoglobin for oxygen, facilitating oxygen unloading in the metabolically active tissues.",2026-05-16T10:31:52.112853
SAQ_7C433266_Q1,D. Gastrointestinal tract and liver (GI-L),Physiological features of the gut,"A 42-year-old male presents with epigastric discomfort. A gastroscopy is performed, which shows a healthy gastric mucosa. The consultant discusses the normal physiological mechanisms that regulate acid secretion and protect the stomach lining.",,"Name the three specific physiological secretagogues (hormonal, paracrine, or neural) that act directly on the gastric parietal cell to stimulate hydrochloric acid production.",3,"[""Gastrin, Histamine, and Acetylcholine"", ""Gastrin, Histamine, Acetylcholine"", ""Gastrin, Histamine, ACh""]","[Subtopic: Physiological features of the gut] Gastric acid (HCl) secretion by parietal cells is stimulated by three main pathways: Gastrin (hormonal, from G cells), Histamine (paracrine, from ECL cells), and Acetylcholine (neural, from the vagus nerve).",2026-05-16T10:32:18.361952
SAQ_7C433266_Q2,D. Gastrointestinal tract and liver (GI-L),"Anatomical features of the gastrointestinal tract and liver, and abdomen","A 42-year-old male presents with epigastric discomfort. A gastroscopy is performed, which shows a healthy gastric mucosa. The consultant discusses the normal physiological mechanisms that regulate acid secretion and protect the stomach lining.",The consultant discusses the vascular supply to the stomach as a derivative of the embryological foregut.,"Name the single main arterial branch of the abdominal aorta that provides the primary blood supply to all foregut derivatives, including the stomach.",1,"[""Coeliac trunk"", ""Celiac trunk"", ""Coeliac artery"", ""Coeliac axis""]","[Subtopic: Anatomical features of the gastrointestinal tract and liver, and abdomen] The coeliac trunk is the artery of the foregut, providing blood supply to the stomach, proximal duodenum, liver, gallbladder, and spleen.",2026-05-16T10:32:18.361963
SAQ_7C433266_Q3,D. Gastrointestinal tract and liver (GI-L),Physiological features of the gut,"A 42-year-old male presents with epigastric discomfort. A gastroscopy is performed, which shows a healthy gastric mucosa. The consultant discusses the normal physiological mechanisms that regulate acid secretion and protect the stomach lining.",The discussion moves to the normal protective factors that prevent the gastric wall from being digested by acid and enzymes.,The gastric mucosal barrier consists of a physical and chemical layer. Name the two primary substances secreted by the surface mucous cells to form this barrier.,2,"[""Mucus and Bicarbonate"", ""Mucin and Bicarbonate"", ""Mucus and HCO3"", ""Mucus and Bicarbonate ions""]","[Subtopic: Physiological features of the gut] The stomach protects itself from highly acidic gastric juice using a mucosal barrier composed of a thick layer of mucus (mucin) and the secretion of bicarbonate ions (HCO3-), which neutralise acid at the epithelial surface.",2026-05-16T10:32:18.361965
SAQ_7C433266_Q4,D. Gastrointestinal tract and liver (GI-L),"Anatomical features of the gastrointestinal tract and liver, and abdomen","A 42-year-old male presents with epigastric discomfort. A gastroscopy is performed, which shows a healthy gastric mucosa. The consultant discusses the normal physiological mechanisms that regulate acid secretion and protect the stomach lining.",The physician performs a physical examination and palpates the nine regions of the abdomen.,In which of the nine clinical regions of the abdomen is the majority of the stomach normally located?,1,"[""Epigastric region"", ""Epigastrium"", ""Left hypochondrium""]","[Subtopic: Anatomical features of the gastrointestinal tract and liver, and abdomen] The stomach is primarily situated in the epigastric and left hypochondriac regions of the abdomen.",2026-05-16T10:32:18.361967
SAQ_7C433266_Q5,D. Gastrointestinal tract and liver (GI-L),Histology of the gastrointestinal tract and liver,"A 42-year-old male presents with epigastric discomfort. A gastroscopy is performed, which shows a healthy gastric mucosa. The consultant discusses the normal physiological mechanisms that regulate acid secretion and protect the stomach lining.",The consultant shows the student a histological slide of a normal gastric gland from the body of the stomach.,Identify the specific cell type found in the base of the gastric pits (gastric glands) that secretes the proenzyme pepsinogen.,2,"[""Chief cells"", ""Peptic cells"", ""Zymogenic cells""]","[Subtopic: Histology of the gastrointestinal tract and liver] Chief cells (also known as peptic or zymogenic cells) are found in the deeper parts of the gastric glands and are responsible for secreting pepsinogen, which is the inactive precursor to the protein-digesting enzyme pepsin.",2026-05-16T10:32:18.361970
SAQ_7C433266_Q6,D. Gastrointestinal tract and liver (GI-L),"Anatomical features of the gastrointestinal tract and liver, and abdomen","A 42-year-old male presents with epigastric discomfort. A gastroscopy is performed, which shows a healthy gastric mucosa. The consultant discusses the normal physiological mechanisms that regulate acid secretion and protect the stomach lining.",The consultant asks the student about the peritoneal reflections associated with the stomach.,Name the specific double-layered fold of peritoneum that connects the lesser curvature of the stomach to the liver.,1,"[""Lesser omentum"", ""Hepatogastric ligament""]","[Subtopic: Anatomical features of the gastrointestinal tract and liver, and abdomen] The lesser omentum is a peritoneal fold extending from the lesser curvature of the stomach and the first part of the duodenum to the liver (specifically the porta hepatis and fissure for the ligamentum venosum).",2026-05-16T10:32:18.361972
SAQ_8FC11FC9_Q1,E. Neuroscience,Neuroanatomy,"A 72-year-old man is brought to the hospital with sudden onset weakness of the right face and arm, and difficulty speaking. A clinical diagnosis of a left-sided stroke is made.",,"Identify the specific gyrus of the frontal lobe that contains the primary motor cortex, which normally controls voluntary movement on the contralateral side of the body.",2,"[""Precentral gyrus"", ""The precentral gyrus""]","[Subtopic: Neuroanatomy] The primary motor cortex is located in the precentral gyrus of the frontal lobe, which is situated immediately anterior to the central sulcus.",2026-05-16T10:33:05.694190
SAQ_8FC11FC9_Q2,E. Neuroscience,ILA 6 - Stroke,"A 72-year-old man is brought to the hospital with sudden onset weakness of the right face and arm, and difficulty speaking. A clinical diagnosis of a left-sided stroke is made.",A CT scan confirms an infarct in the territory of the left Middle Cerebral Artery (MCA).,"Based on normal neuroanatomy, state whether the MCA primarily supplies the medial surface or the lateral surface of the cerebral hemisphere.",2,"[""Lateral"", ""Lateral surface"", ""Lateral aspect""]","[Subtopic: ILA 6 - Stroke] The middle cerebral artery (MCA) provides the arterial supply to most of the lateral surface of the cerebral hemispheres, including the motor and sensory areas for the face and upper limb.",2026-05-16T10:33:05.694198
SAQ_8FC11FC9_Q3,E. Neuroscience,Neurophysiology,"A 72-year-old man is brought to the hospital with sudden onset weakness of the right face and arm, and difficulty speaking. A clinical diagnosis of a left-sided stroke is made.",Movement is initiated by signals passing from the motor cortex through descending pathways to the muscles.,Name the specific neurotransmitter that is normally released at the synapse between the lower motor neuron and the skeletal muscle fiber to trigger contraction.,2,"[""Acetylcholine"", ""ACh""]","[Subtopic: Neurophysiology] Acetylcholine is the excitatory neurotransmitter released at the neuromuscular junction (NMJ), which binds to nicotinic acetylcholine receptors on the motor end-plate.",2026-05-16T10:33:05.694200
SAQ_8FC11FC9_Q4,E. Neuroscience,Neurohistology,"A 72-year-old man is brought to the hospital with sudden onset weakness of the right face and arm, and difficulty speaking. A clinical diagnosis of a left-sided stroke is made.","The axons within the descending motor pathways, such as the corticospinal tract, are myelinated to ensure rapid signal transmission via saltatory conduction.",Name the specific type of glial cell responsible for producing the myelin sheath for axons located within the central nervous system.,2,"[""Oligodendrocyte"", ""Oligodendrocytes""]","[Subtopic: Neurohistology] Oligodendrocytes are the myelinating cells of the central nervous system (CNS). In contrast, Schwann cells provide myelination in the peripheral nervous system (PNS).",2026-05-16T10:33:05.694201
SAQ_8FC11FC9_Q5,E. Neuroscience,Psychiatry and psychological & sociological principles in behavioural neuroscience,"A 72-year-old man is brought to the hospital with sudden onset weakness of the right face and arm, and difficulty speaking. A clinical diagnosis of a left-sided stroke is made.",Neuroscience often explores the relationship between physical brain function and the subjective experience of the 'mind'.,State the philosophical term for the view that the mind and the body (including the brain) are fundamentally distinct and separate entities.,2,"[""Mind-body dualism"", ""Dualism"", ""Cartesian dualism""]","[Subtopic: Psychiatry and psychological & sociological principles in behavioural neuroscience] Mind-body dualism is the philosophical position that mental phenomena are non-physical, suggesting that the mind and the body are distinct substances.",2026-05-16T10:33:05.694203
SAQ_6BFDEC0E_Q1,"F. Skin, UroGenital, Endocrine and Reproduction (SUGER)",Physiological features of the renal and urinary system,A 24-year-old male volunteers for a medical research study investigating renal haemodynamics. Baseline measurements are taken while he is at rest and normovolemic.,"During the study, researchers calculate the Starling forces acting across the glomerular filtration barrier.",Name the two physical forces that normally oppose the filtration of fluid out of the glomerular capillaries and into Bowman's space.,2,"[""Hydrostatic pressure in Bowman's space"", ""Glomerular capillary oncotic pressure"", ""Colloid osmotic pressure of glomerular blood"", ""Capsular hydrostatic pressure"", ""Plasma oncotic pressure""]","[Subtopic: Physiological features of the renal and urinary system] Net filtration pressure is determined by the balance of Starling forces. The glomerular capillary hydrostatic pressure promotes filtration, while the hydrostatic pressure within Bowman's space and the oncotic pressure of the plasma (due to proteins) oppose it.",2026-05-16T10:33:29.163321
SAQ_6BFDEC0E_Q2,"F. Skin, UroGenital, Endocrine and Reproduction (SUGER)",Anatomical features of the urogenital and pelvic organs,A 24-year-old male volunteers for a medical research study investigating renal haemodynamics. Baseline measurements are taken while he is at rest and normovolemic.,An ultrasound with Doppler is used to visualize the blood flow through the various segments of the renal arterial tree.,Identify the specific branch of the renal artery that passes between the renal pyramids within the renal columns.,2,"[""Interlobar artery"", ""Interlobar arteries""]","[Subtopic: Anatomical features of the urogenital and pelvic organs] The renal artery divides into segmental arteries, which then branch into interlobar arteries. These travel through the renal columns of Bertin between the medullary pyramids.",2026-05-16T10:33:29.163331
SAQ_6BFDEC0E_Q3,"F. Skin, UroGenital, Endocrine and Reproduction (SUGER)",Physiological features of the endocrine system,A 24-year-old male volunteers for a medical research study investigating renal haemodynamics. Baseline measurements are taken while he is at rest and normovolemic.,"To test homeostatic responses, the researchers mildly decrease the participant's effective circulating volume to trigger the renin-angiotensin-aldosterone system (RAAS).",Name the specialized cells located in the wall of the afferent arteriole that act as intrarenal baroreceptors and secrete renin into the circulation.,2,"[""Juxtaglomerular cells"", ""JG cells"", ""Granular cells""]","[Subtopic: Physiological features of the endocrine system] Juxtaglomerular (granular) cells are modified smooth muscle cells in the afferent arteriole that synthesize, store, and secrete renin in response to decreased stretch (low blood pressure).",2026-05-16T10:33:29.163333
SAQ_6BFDEC0E_Q4,"F. Skin, UroGenital, Endocrine and Reproduction (SUGER)",Physiological features of the renal and urinary system,A 24-year-old male volunteers for a medical research study investigating renal haemodynamics. Baseline measurements are taken while he is at rest and normovolemic.,The researchers observe the autoregulatory mechanisms that maintain a constant Glomerular Filtration Rate (GFR) despite fluctuations in systemic blood pressure.,State the change in diameter (dilation or constriction) of the afferent arteriole required to maintain GFR when systemic blood pressure decreases.,1,"[""Dilation"", ""Vasodilation"", ""Dilate""]","[Subtopic: Physiological features of the renal and urinary system] To maintain GFR when systemic pressure drops, the afferent arteriole must dilate (reducing resistance) to allow more blood into the glomerulus and maintain capillary hydrostatic pressure.",2026-05-16T10:33:29.163336
SAQ_6BFDEC0E_Q5,"F. Skin, UroGenital, Endocrine and Reproduction (SUGER)",Histology of SUGER,A 24-year-old male volunteers for a medical research study investigating renal haemodynamics. Baseline measurements are taken while he is at rest and normovolemic.,The study moves on to analyze the microscopic structure of the nephron segments involved in bulk reabsorption.,Identify the specific histological epithelium type that lines the proximal convoluted tubule (PCT) and name its specialized apical surface modification.,2,"[""Simple cuboidal epithelium and brush border"", ""Simple cuboidal and microvilli"", ""Cuboidal epithelium and brush border""]","[Subtopic: Histology of SUGER] The PCT is lined by simple cuboidal epithelium. The apical surface has a prominent brush border composed of microvilli, which significantly increases the surface area for reabsorption of water, ions, and nutrients.",2026-05-16T10:33:29.163338
SAQ_6BFDEC0E_Q6,"F. Skin, UroGenital, Endocrine and Reproduction (SUGER)",Physiological features of the renal and urinary system,A 24-year-old male volunteers for a medical research study investigating renal haemodynamics. Baseline measurements are taken while he is at rest and normovolemic.,The participant's urine is analyzed for electrolyte and acid-base handling.,In which specific part of the renal tubule is the vast majority (approximately 80-90%) of filtered bicarbonate (HCO3-) reabsorbed?,1,"[""Proximal convoluted tubule"", ""PCT"", ""Proximal tubule""]","[Subtopic: Physiological features of the renal and urinary system] The proximal convoluted tubule is the primary site for bicarbonate reabsorption, facilitated by carbonic anhydrase and sodium-hydrogen exchangers.",2026-05-16T10:33:29.163340
SAQ_649D0180_Q1,G. Musculoskeletal (MSK),Bone,"A 25-year-old female athlete is training for a marathon. Her training schedule involves high-impact running, which stimulates physiological adaptations in her skeletal system and muscles to handle the increased mechanical load.",,The athlete's femur consists of a dense outer shell that provides significant structural strength. State the name given to this specific type of bone tissue.,1,"[""Cortical bone"", ""Compact bone"", ""Cortical"", ""Compact""]","[Subtopic: Bone] Cortical (or compact) bone forms the hard outer layer of bones, providing strength and resistance to bending, whereas trabecular (cancellous) bone is found internally.",2026-05-16T10:34:04.175636
SAQ_649D0180_Q2,G. Musculoskeletal (MSK),Histology,"A 25-year-old female athlete is training for a marathon. Her training schedule involves high-impact running, which stimulates physiological adaptations in her skeletal system and muscles to handle the increased mechanical load.","During her training, bone remodeling occurs to adapt to the repetitive stress of running. This process involves the resorption of existing bone matrix by specialized multinucleated cells.",Name the hematopoietic cell lineage from which these bone-resorbing cells are derived.,2,"[""Monocyte-macrophage lineage"", ""Monocyte lineage"", ""Monocytes"", ""Macrophages"", ""Hematopoietic stem cells""]","[Subtopic: Histology] Osteoclasts are multinucleated cells responsible for bone resorption. Unlike osteoblasts (which come from mesenchymal stem cells), osteoclasts are derived from the monocyte-macrophage lineage of hematopoietic stem cells.",2026-05-16T10:34:04.175644
SAQ_649D0180_Q3,G. Musculoskeletal (MSK),Bone,"A 25-year-old female athlete is training for a marathon. Her training schedule involves high-impact running, which stimulates physiological adaptations in her skeletal system and muscles to handle the increased mechanical load.","The toughness and tensile strength of the athlete's bones are primarily provided by the organic matrix, which consists mainly of Type 1 collagen.",Name the specific vitamin that serves as an essential cofactor for the enzymes responsible for hydroxylating proline and lysine residues during collagen synthesis.,2,"[""Vitamin C"", ""Ascorbic acid"", ""Ascorbate""]","[Subtopic: Bone] Vitamin C is a critical cofactor for prolyl hydroxylase and lysyl hydroxylase. These enzymes hydroxylate amino acids in procollagen, which is essential for the stabilization of the collagen triple helix.",2026-05-16T10:34:04.175646
SAQ_649D0180_Q4,G. Musculoskeletal (MSK),Biochemistry/homeostasis,"A 25-year-old female athlete is training for a marathon. Her training schedule involves high-impact running, which stimulates physiological adaptations in her skeletal system and muscles to handle the increased mechanical load.","Systemic mineral balance must be maintained to support bone health. If the athlete's plasma calcium levels drop, parathyroid hormone (PTH) is released to restore homeostasis.",State the effect of parathyroid hormone (PTH) on the reabsorption of phosphate in the proximal convoluted tubule of the kidney.,1,"[""Decreased reabsorption"", ""Reduced reabsorption"", ""Inhibits reabsorption"", ""Increases excretion"", ""Decreases phosphate reabsorption""]",[Subtopic: Biochemistry/homeostasis] PTH acts on the kidney to increase calcium reabsorption but significantly decreases phosphate reabsorption (causing phosphaturia) by internalizing sodium-phosphate cotransporters in the proximal tubule.,2026-05-16T10:34:04.175647
SAQ_649D0180_Q5,G. Musculoskeletal (MSK),Muscle,"A 25-year-old female athlete is training for a marathon. Her training schedule involves high-impact running, which stimulates physiological adaptations in her skeletal system and muscles to handle the increased mechanical load.","As the athlete runs, her skeletal muscles undergo repeated cycles of contraction and relaxation.","In the sliding filament model of contraction, calcium ions are released from the sarcoplasmic reticulum. Name the specific protein component of the thin filament that binds these calcium ions to initiate the cross-bridge cycle.",2,"[""Troponin"", ""Troponin C""]","[Subtopic: Muscle] In skeletal muscle, calcium binds to Troponin C. This causes a conformational change in the troponin-tropomyosin complex, moving tropomyosin away from the myosin-binding sites on the actin filament.",2026-05-16T10:34:04.175649
SAQ_649D0180_Q6,G. Musculoskeletal (MSK),Joints,"A 25-year-old female athlete is training for a marathon. Her training schedule involves high-impact running, which stimulates physiological adaptations in her skeletal system and muscles to handle the increased mechanical load.","The athlete relies on the proper function of her synovial joints, such as the hip and knee, to facilitate movement.",Name the two distinct layers that constitute the articular (joint) capsule of a typical synovial joint.,2,"[""Fibrous layer and synovial membrane"", ""Outer fibrous layer and inner synovial membrane"", ""Fibrous capsule and synovial membrane"", ""Fibrous layer and synovium""]",[Subtopic: Joints] The articular capsule of a synovial joint consists of an outer fibrous layer (dense irregular connective tissue) that provides stability and an inner synovial membrane that secretes synovial fluid.,2026-05-16T10:34:04.175651
SAQ_EE06914E_Q1,H. Prescribing,Sustainable prescribing,"A 22-year-old university student attends their GP surgery complaining of increased shortness of breath and wheezing during exercise. They are diagnosed with mild intermittent asthma and the GP discusses the choice of inhaler device, taking into account the environmental impact.",,"Name the specific type of inhaler device that contains hydrofluorocarbon propellants, which are potent greenhouse gases and contribute significantly to the environmental footprint of prescribing.",2,"[""Pressurised metered-dose inhaler"", ""pMDI"", ""Metered-dose inhaler"", ""MDI""]","[Subtopic: Sustainable prescribing] Pressurised metered-dose inhalers (pMDIs) use hydrofluorocarbons (HFCs) as propellants. HFCs are powerful greenhouse gases. Where clinically appropriate, switching to dry powder inhalers (DPIs) can significantly reduce the carbon footprint of asthma care.",2026-05-16T10:34:30.520449
SAQ_EE06914E_Q2,H. Prescribing,Use of FP10 prescriptions in Primary Care,"A 22-year-old university student attends their GP surgery complaining of increased shortness of breath and wheezing during exercise. They are diagnosed with mild intermittent asthma and the GP discusses the choice of inhaler device, taking into account the environmental impact.",The GP decides to issue a standard FP10 prescription for a Salbutamol inhaler.,"State two legal requirements (aside from the drug name, dose, and patient's name/address) that must be present on a prescription for it to be legally valid in the UK.",2,"[""Signature of the prescriber"", ""Date"", ""Address of the prescriber"", ""Type of prescriber"", ""Particulars of the prescriber""]","[Subtopic: Use of FP10 prescriptions in Primary Care] To be legally valid, a prescription must include the patient's name and address, the prescriber's signature, the date (valid for 6 months), the address of the prescriber, and an indication of the type of prescriber (e.g., Doctor, Dentist).",2026-05-16T10:34:30.520457
SAQ_EE06914E_Q3,H. Prescribing,Communication and patient counselling,"A 22-year-old university student attends their GP surgery complaining of increased shortness of breath and wheezing during exercise. They are diagnosed with mild intermittent asthma and the GP discusses the choice of inhaler device, taking into account the environmental impact.",The patient is counselled on how to use their new inhaler and where to find further information.,Name the mandatory document produced by the pharmaceutical manufacturer that must be included in every medicine pack to provide the patient with detailed information about the medication.,1,"[""Patient Information Leaflet"", ""PIL"", ""Package leaflet""]","[Subtopic: Communication and patient counselling] The Patient Information Leaflet (PIL) is a legal requirement in every medicine pack, containing information on indications, dosage, contraindications, and potential side effects.",2026-05-16T10:34:30.520459
SAQ_EE06914E_Q4,H. Prescribing,Routes of drug administration and medicine formulations,"A 22-year-old university student attends their GP surgery complaining of increased shortness of breath and wheezing during exercise. They are diagnosed with mild intermittent asthma and the GP discusses the choice of inhaler device, taking into account the environmental impact.",Inhaled medications for asthma are primarily used for their local effect on the respiratory tract.,"Define what is meant by 'systemic' drug administration, in contrast to local administration.",2,"[""The drug enters the bloodstream"", ""The drug enters the systemic circulation"", ""The drug is distributed throughout the entire body via the blood""]","[Subtopic: Routes of drug administration and medicine formulations] Systemic administration means the drug enters the systemic circulation (bloodstream) and is distributed throughout the body to reach its site of action, whereas local administration acts at the site of application.",2026-05-16T10:34:30.520460
SAQ_EE06914E_Q5,H. Prescribing,Adherence and non-adherence,"A 22-year-old university student attends their GP surgery complaining of increased shortness of breath and wheezing during exercise. They are diagnosed with mild intermittent asthma and the GP discusses the choice of inhaler device, taking into account the environmental impact.",The GP explores potential barriers to the patient taking the medication as prescribed.,"Identify two patient-related factors that may lead to 'intentional' non-adherence, where the patient makes a conscious decision not to take the medicine.",2,"[""Fear of side effects"", ""Experience of side effects"", ""Belief the medicine is not needed"", ""Lack of belief in the diagnosis"", ""Cultural or personal beliefs about medicines"", ""Concerns about long-term dependency"", ""Inconvenience of the regimen""]","[Subtopic: Adherence and non-adherence] Intentional non-adherence occurs when a patient chooses not to take medication, often due to beliefs about the illness, fears of side effects, or a lack of perceived need for the treatment.",2026-05-16T10:34:30.520462
SAQ_EE06914E_Q6,H. Prescribing,National processes for medicines management,"A 22-year-old university student attends their GP surgery complaining of increased shortness of breath and wheezing during exercise. They are diagnosed with mild intermittent asthma and the GP discusses the choice of inhaler device, taking into account the environmental impact.",,State the name given to the local list of approved medicines used within an NHS Trust or region to promote safe and cost-effective prescribing.,1,"[""Formulary"", ""Local drug formulary"", ""Prescribing formulary""]","[Subtopic: National processes for medicines management] A local drug formulary is a curated list of medications that healthcare professionals in a specific area are encouraged to prescribe, based on clinical evidence and cost.",2026-05-16T10:34:30.520463
SAQ_A66FC9F8_Q1,I. Public health,Three pillars of public health,A 45-year-old man attends a routine health check at his GP surgery. He reports a 20 pack-year smoking history and works long hours in a sedentary office job. His Body Mass Index (BMI) is calculated as 31 kg/m².,,Public health is often described as resting on three pillars. Name the specific pillar that focuses on protecting the population from infectious diseases and environmental hazards.,2,"[""Health protection""]","[Subtopic: Three pillars of public health] The three pillars of public health are health protection (e.g., infectious disease control), health improvement (e.g., lifestyle changes), and health services (e.g., service efficiency and evidence-based medicine).",2026-05-16T10:34:55.662124
SAQ_A66FC9F8_Q2,I. Public health,Address social determinants of health,A 45-year-old man attends a routine health check at his GP surgery. He reports a 20 pack-year smoking history and works long hours in a sedentary office job. His Body Mass Index (BMI) is calculated as 31 kg/m².,The patient mentions he finds it difficult to exercise because his neighborhood lacks safe green spaces and he cannot afford a gym membership.,"State the term used to describe the conditions in which people are born, grow, live, work, and age, which shape their health outcomes.",2,"[""Social determinants of health"", ""Social determinants"", ""SDOH""]","[Subtopic: Address social determinants of health] Social determinants of health are the non-medical factors such as socioeconomic status, education, and the physical environment that influence health disparities and outcomes.",2026-05-16T10:34:55.662134
SAQ_A66FC9F8_Q3,I. Public health,Public health in practice – application of the principles of public health,A 45-year-old man attends a routine health check at his GP surgery. He reports a 20 pack-year smoking history and works long hours in a sedentary office job. His Body Mass Index (BMI) is calculated as 31 kg/m².,"The GP explains that while individual advice helps, government policies like the smoking ban in public places are also necessary to improve health outcomes across the whole country.","According to Geoffrey Rose's paradigm, what is the term for a prevention strategy that aims to shift the distribution of a risk factor across the entire population, rather than just targeting high-risk individuals?",2,"[""Population approach"", ""The population strategy"", ""Population-based approach"", ""Mass strategy""]","[Subtopic: Public health in practice – application of the principles of public health] Geoffrey Rose's 'Population Strategy' focuses on reducing the level of risk in the whole population, which can lead to a larger total decrease in disease burden than only targeting individuals at high risk.",2026-05-16T10:34:55.662137
SAQ_A66FC9F8_Q4,I. Public health,Medical sociology,A 45-year-old man attends a routine health check at his GP surgery. He reports a 20 pack-year smoking history and works long hours in a sedentary office job. His Body Mass Index (BMI) is calculated as 31 kg/m².,"The patient feels that his obesity is a personal failure, but the GP discusses how the surrounding 'obesogenic environment' and food industry regulations contribute to his weight.",Name the model of health that views health and illness as products of social and environmental factors rather than purely biological or physiological malfunctions.,2,"[""Social model of health"", ""The social model"", ""Social model""]","[Subtopic: Medical sociology] The social model of health emphasizes the role of social, economic, and environmental factors in health, whereas the medical model focuses primarily on biological pathology.",2026-05-16T10:34:55.662140
SAQ_A66FC9F8_Q5,I. Public health,Behaviour and society,A 45-year-old man attends a routine health check at his GP surgery. He reports a 20 pack-year smoking history and works long hours in a sedentary office job. His Body Mass Index (BMI) is calculated as 31 kg/m².,The patient takes a week off work due to a stress-related illness. His employer expects him to seek medical help and follow advice in order to return to his duties.,"According to Talcott Parsons, what is the sociological term for the set of rights and obligations granted to a person who is ill, allowing them temporary exemption from normal social roles?",2,"[""The sick role"", ""Sick role""]","[Subtopic: Behaviour and society] Talcott Parsons described the 'Sick Role' as a form of sanctioned deviance where the ill person has the right to be exempt from normal social duties, provided they fulfill the obligation to seek professional help and attempt to recover.",2026-05-16T10:34:55.662142
SAQ_E43C85CD_Q1,J. Critical numbers,Quantitative study design,A general practitioner is reviewing a recently published paper to evaluate whether a new dietary supplement increases high-density lipoprotein (HDL) cholesterol levels in healthy adults. The paper describes a study where 400 healthy volunteers were randomly allocated to receive either the supplement or a placebo for six months.,,Identify the specific type of quantitative study design described in this scenario.,2,"[""Randomised Controlled Trial"", ""Randomized Controlled Trial"", ""RCT""]",[Subtopic: Quantitative study design] A Randomized Controlled Trial (RCT) is an experimental study design where participants are randomly assigned to an intervention or control group to evaluate the effect of an intervention.,2026-05-16T10:35:20.189284
SAQ_E43C85CD_Q2,J. Critical numbers,Summary statistics,A general practitioner is reviewing a recently published paper to evaluate whether a new dietary supplement increases high-density lipoprotein (HDL) cholesterol levels in healthy adults. The paper describes a study where 400 healthy volunteers were randomly allocated to receive either the supplement or a placebo for six months.,The researchers reported the baseline HDL cholesterol levels of participants using a mean value and a standard deviation.,State the category of data (categorical or numeric) that HDL cholesterol level represents.,2,"[""Numeric"", ""Numerical"", ""Continuous"", ""Quantitative""]","[Subtopic: Summary statistics] HDL cholesterol levels are measured on a continuous scale with meaningful arithmetic distances between values, classifying it as numeric (or quantitative) data.",2026-05-16T10:35:20.189292
SAQ_E43C85CD_Q3,J. Critical numbers,Inferential statistics,A general practitioner is reviewing a recently published paper to evaluate whether a new dietary supplement increases high-density lipoprotein (HDL) cholesterol levels in healthy adults. The paper describes a study where 400 healthy volunteers were randomly allocated to receive either the supplement or a placebo for six months.,"The study findings showed that the supplement group had a significantly higher mean HDL level compared to the placebo group, with a reported p-value of 0.03.",Define what the p-value of 0.03 represents in relation to the null hypothesis.,2,"[""The probability of obtaining the observed result (or more extreme) if the null hypothesis is true"", ""The probability of seeing this difference by chance if there is no real effect""]",[Subtopic: Inferential statistics] The p-value is the probability of observing the study results (or more extreme results) under the assumption that the null hypothesis (no effect) is true.,2026-05-16T10:35:20.189294
SAQ_E43C85CD_Q4,J. Critical numbers,Inferential statistics,A general practitioner is reviewing a recently published paper to evaluate whether a new dietary supplement increases high-density lipoprotein (HDL) cholesterol levels in healthy adults. The paper describes a study where 400 healthy volunteers were randomly allocated to receive either the supplement or a placebo for six months.,The researchers reported that the mean increase in HDL in the supplement group was 0.15 mmol/L (95% Confidence Interval [CI]: 0.05 to 0.25 mmol/L).,What does a 95% Confidence Interval indicate about the true population mean increase in HDL?,2,"[""We are 95% confident that the true population mean lies within this range"", ""There is a 95% probability that the interval contains the true population mean"", ""It provides a range of values that is likely to include the true population parameter""]","[Subtopic: Inferential statistics] A 95% Confidence Interval provides an estimated range of values which is likely to include the unknown population parameter, based on a given level of confidence.",2026-05-16T10:35:20.189295
SAQ_E43C85CD_Q5,J. Critical numbers,Critical appraisal,A general practitioner is reviewing a recently published paper to evaluate whether a new dietary supplement increases high-density lipoprotein (HDL) cholesterol levels in healthy adults. The paper describes a study where 400 healthy volunteers were randomly allocated to receive either the supplement or a placebo for six months.,The GP notes that the researchers used randomization to ensure that factors such as baseline diet and exercise levels were balanced between the groups.,Name the type of systematic error or 'mixing of effects' that randomization is designed to minimize in this study.,2,"[""Confounding"", ""Selection bias"", ""Confounder""]","[Subtopic: Critical appraisal] Randomization helps to ensure that both known and unknown confounders (baseline characteristics that might influence the outcome) are distributed equally between study groups, minimizing confounding and selection bias.",2026-05-16T10:35:20.189297
SAQ_E9EB3CB8_Q1,K. Early Years General Practice (EYGP),Session 2 'Pregnancy' (during IMMS block),A 24-year-old woman attends her first appointment at her local GP surgery to discuss her recently confirmed pregnancy. She is currently 8 weeks gestation and has no significant past medical history.,,State the names of the two routine ultrasound scans offered to all pregnant women in the UK as part of the NHS Fetal Anomaly Screening Programme.,2,"[""Dating scan"", ""Anomaly scan"", ""20-week scan"", ""Mid-pregnancy scan""]","[Subtopic: Session 2 'Pregnancy' (during IMMS block)] In the UK, pregnant women are routinely offered a dating scan (usually between 10 and 14 weeks) and an anomaly scan (usually between 18 and 21 weeks) to check the baby's development.",2026-05-16T10:35:50.142625
SAQ_E9EB3CB8_Q2,K. Early Years General Practice (EYGP),Session 2 'Pregnancy' (during IMMS block),A 24-year-old woman attends her first appointment at her local GP surgery to discuss her recently confirmed pregnancy. She is currently 8 weeks gestation and has no significant past medical history.,"During the booking appointment, the midwife performs a risk assessment to determine if the patient requires consultant-led care.",Identify two factors from a patient's medical history or current pregnancy status that would classify a pregnancy as 'higher risk'.,2,"[""Pre-existing diabetes"", ""Hypertension"", ""BMI over 35"", ""BMI over 30"", ""Previous caesarean section"", ""Multiple pregnancy"", ""Twins"", ""Age over 40"", ""Chronic kidney disease"", ""Autoimmune disease""]","[Subtopic: Session 2 'Pregnancy' (during IMMS block)] Higher risk pregnancies include those with pre-existing medical conditions (like diabetes or hypertension), maternal age over 40, high BMI, or obstetric history such as a previous C-section or carrying multiples.",2026-05-16T10:35:50.142634
SAQ_E9EB3CB8_Q3,K. Early Years General Practice (EYGP),Session 2 'Pregnancy' (during IMMS block),A 24-year-old woman attends her first appointment at her local GP surgery to discuss her recently confirmed pregnancy. She is currently 8 weeks gestation and has no significant past medical history.,"As part of the routine assessment, the midwife uses the HARK screening tool to identify potential domestic abuse.","In the HARK screening tool, what do the letters 'R' and 'K' represent?",2,"[""Rape"", ""Kicked"", ""Forced sexual activity"", ""Physically hurt""]","[Subtopic: Session 2 'Pregnancy' (during IMMS block)] The HARK tool stands for: Humiliation, Afraid, Rape, and Kicked. It is a validated tool used in clinical practice to screen for domestic violence.",2026-05-16T10:35:50.142636
SAQ_E9EB3CB8_Q4,K. Early Years General Practice (EYGP),Session 1 'Generalism and holistic patient care' (during IMMS block),A 24-year-old woman attends her first appointment at her local GP surgery to discuss her recently confirmed pregnancy. She is currently 8 weeks gestation and has no significant past medical history.,"The patient's care is managed within the primary care setting, but she may be referred to secondary care if complications arise.",State two fundamental differences between primary care and secondary care in the United Kingdom health system.,2,"[""Primary care is the first point of contact / secondary care is via referral"", ""Primary care is generalist / secondary care is specialist"", ""Primary care provides longitudinal care / secondary care is episodic"", ""Primary care is community-based / secondary care is hospital-based""]","[Subtopic: Session 1 'Generalism and holistic patient care' (during IMMS block)] Primary care (GPs) acts as the 'gatekeeper' and first point of contact providing holistic, continuous care. Secondary care (hospitals) provides specialist, often episodic care for patients referred by primary care.",2026-05-16T10:35:50.142638
SAQ_E9EB3CB8_Q5,K. Early Years General Practice (EYGP),Session 2 'Pregnancy' (during IMMS block),A 24-year-old woman attends her first appointment at her local GP surgery to discuss her recently confirmed pregnancy. She is currently 8 weeks gestation and has no significant past medical history.,The midwife provides Sarah with advice regarding diet and nutritional supplements.,State the standard recommended daily dose of Folic Acid for a low-risk pregnancy and name one specific vitamin supplement that should be avoided during pregnancy due to its teratogenic effects.,2,"[""400 micrograms; Vitamin A"", ""400mcg; Vitamin A"", ""400 micrograms; Retinol"", ""400mcg; Retinol""]",[Subtopic: Session 2 'Pregnancy' (during IMMS block)] Women are advised to take 400 micrograms of Folic Acid daily to reduce the risk of neural tube defects. Vitamin A (retinol) should be avoided as high doses are teratogenic (can cause birth defects).,2026-05-16T10:35:50.142639
SAQ_55F2F061_Q1,A. Introduction to Medicine and Medical Science (IMMS),Energy metabolism / Biochemistry,"A 22-year-old athlete is performing a maximal effort sprint on a cycle ergometer as part of a sports science study on anaerobic threshold. During the first 30 seconds of high-intensity exercise, his muscles rely heavily on anaerobic pathways for ATP production.",,Name the specific 3-carbon metabolic end-product produced in the skeletal muscle during anaerobic glycolysis which is subsequently released into the bloodstream.,2,"[""Lactate"", ""Lactic acid""]","[Subtopic: Energy metabolism / Biochemistry] In the absence of sufficient oxygen or at high intensities, pyruvate is reduced to lactate by the enzyme lactate dehydrogenase to regenerate NAD+ for glycolysis to continue.",2026-05-16T10:36:21.610209
SAQ_55F2F061_Q2,A. Introduction to Medicine and Medical Science (IMMS),Energy metabolism / Biochemistry,"A 22-year-old athlete is performing a maximal effort sprint on a cycle ergometer as part of a sports science study on anaerobic threshold. During the first 30 seconds of high-intensity exercise, his muscles rely heavily on anaerobic pathways for ATP production.",The athlete's muscles require an immediate and constant turnover of the ATP-ADP cycle to fuel cross-bridge cycling.,Name the high-energy chemical bond that is typically broken in ATP to release energy for muscle contraction.,1,"[""Phosphoanhydride bond"", ""Phosphoanhydride"", ""Phosphate bond"", ""Anhydride bond""]",[Subtopic: Energy metabolism / Biochemistry] ATP contains two high-energy phosphoanhydride bonds. Hydrolysis of the terminal bond (ATP to ADP) releases the energy required for cellular work.,2026-05-16T10:36:21.610218
SAQ_55F2F061_Q3,A. Introduction to Medicine and Medical Science (IMMS),Cell histology and their ultrastructural components,"A 22-year-old athlete is performing a maximal effort sprint on a cycle ergometer as part of a sports science study on anaerobic threshold. During the first 30 seconds of high-intensity exercise, his muscles rely heavily on anaerobic pathways for ATP production.",The contractile properties of the athlete's quadriceps muscles are determined by the highly organized arrangement of myofilaments within the muscle fibres.,"Name the basic repeating functional unit of a myofibril, located between two adjacent Z-discs, which shortens during muscle contraction.",2,"[""Sarcomere""]","[Subtopic: Cell histology and their ultrastructural components] The sarcomere is the fundamental unit of contraction in striated muscle, consisting of organized thick (myosin) and thin (actin) filaments.",2026-05-16T10:36:21.610220
SAQ_55F2F061_Q4,A. Introduction to Medicine and Medical Science (IMMS),Genetics,"A 22-year-old athlete is performing a maximal effort sprint on a cycle ergometer as part of a sports science study on anaerobic threshold. During the first 30 seconds of high-intensity exercise, his muscles rely heavily on anaerobic pathways for ATP production.","As part of the study, the athlete's general health is screened. He is confirmed to have a normal human karyotype.",State the total number of autosomes found in a normal human somatic cell.,1,"[""44"", ""22 pairs""]",[Subtopic: Genetics] A normal human somatic cell contains 46 chromosomes in total: 44 autosomes (22 pairs) and 2 sex chromosomes.,2026-05-16T10:36:21.610237
SAQ_55F2F061_Q5,A. Introduction to Medicine and Medical Science (IMMS),Cell biology,"A 22-year-old athlete is performing a maximal effort sprint on a cycle ergometer as part of a sports science study on anaerobic threshold. During the first 30 seconds of high-intensity exercise, his muscles rely heavily on anaerobic pathways for ATP production.","Following the sprint, the athlete recovers at a low intensity. During this aerobic phase, his muscle cells efficiently produce ATP via the Citric Acid (Krebs) cycle.",Name the specific sub-cellular compartment within the mitochondria where the enzymes of the Citric Acid cycle are located.,2,"[""Mitochondrial matrix"", ""Matrix""]","[Subtopic: Cell biology] The mitochondrial matrix contains the enzymes responsible for the Krebs cycle and fatty acid oxidation, while the electron transport chain is located on the inner mitochondrial membrane.",2026-05-16T10:36:21.610241
SAQ_55F2F061_Q6,A. Introduction to Medicine and Medical Science (IMMS),Cell biology,"A 22-year-old athlete is performing a maximal effort sprint on a cycle ergometer as part of a sports science study on anaerobic threshold. During the first 30 seconds of high-intensity exercise, his muscles rely heavily on anaerobic pathways for ATP production.","To support recovery and glycogen replenishment, glucose is transported from the blood into the athlete's muscle cells via GLUT4 transporters.","What is the specific term for this type of membrane transport, which uses a transmembrane protein to move a solute down its concentration gradient without using metabolic energy?",2,"[""Facilitated diffusion""]",[Subtopic: Cell biology] Facilitated diffusion is a form of passive transport where molecules move across the membrane through specific carrier or channel proteins without the expenditure of ATP.,2026-05-16T10:36:21.610243
SAQ_184C7CA5_Q1,B. Cardiovascular system,Anatomical features of the cardiovascular system,A 22-year-old medical student is performing a cardiovascular examination on a healthy volunteer in a clinical skills laboratory.,,Identify the specific intercostal space and the anatomical line where the mitral valve is typically best auscultated on the chest wall.,2,"[""5th intercostal space and mid-clavicular line"", ""Fifth intercostal space and mid-clavicular line"", ""5th ICS and MCL""]","[Subtopic: Anatomical features of the cardiovascular system] The mitral valve is auscultated at the apex of the heart, which is normally located in the 5th intercostal space in the mid-clavicular line.",2026-05-16T10:36:50.141074
SAQ_184C7CA5_Q2,B. Cardiovascular system,Embryonic development of the heart and circulation,A 22-year-old medical student is performing a cardiovascular examination on a healthy volunteer in a clinical skills laboratory.,The student considers the physiological transitions that occur when moving from fetal to adult circulation.,"Name the fetal vascular shunt that connects the pulmonary trunk to the descending aorta, and state the name of the fibrous remnant it becomes in the adult.",2,"[""Ductus arteriosus and ligamentum arteriosum"", ""Ductus arteriosus and the ligamentum arteriosum""]","[Subtopic: Embryonic development of the heart and circulation] The ductus arteriosus allows blood to bypass the non-functional fetal lungs. Upon closure after birth, it fibroses to become the ligamentum arteriosum.",2026-05-16T10:36:50.141081
SAQ_184C7CA5_Q3,B. Cardiovascular system,Physiological features of the cardiovascular system,A 22-year-old medical student is performing a cardiovascular examination on a healthy volunteer in a clinical skills laboratory.,The student measures the volunteer's heart rate and blood pressure to estimate cardiac function.,Cardiac output is a key measure of cardiovascular performance. State the two physiological variables that are multiplied together to calculate the cardiac output.,2,"[""Heart rate and stroke volume"", ""HR and SV""]","[Subtopic: Physiological features of the cardiovascular system] Cardiac output (CO) is the volume of blood pumped by the heart per minute, calculated as Heart Rate (HR) × Stroke Volume (SV).",2026-05-16T10:36:50.141083
SAQ_184C7CA5_Q4,B. Cardiovascular system,Physiological features of the cardiovascular system,A 22-year-old medical student is performing a cardiovascular examination on a healthy volunteer in a clinical skills laboratory.,,"The Frank-Starling law describes how the heart adapts to changes in venous return. According to this law, what is the effect on the stroke volume if the end-diastolic volume (preload) increases?",1,"[""Increases"", ""It increases"", ""Stroke volume increases""]",[Subtopic: Physiological features of the cardiovascular system] The Frank-Starling law states that the stroke volume of the heart increases in response to an increase in the volume of blood filling the heart (the end-diastolic volume) when all other factors remain constant.,2026-05-16T10:36:50.141084
SAQ_184C7CA5_Q5,B. Cardiovascular system,Histology of the cardiovascular system,A 22-year-old medical student is performing a cardiovascular examination on a healthy volunteer in a clinical skills laboratory.,The student reviews a histology slide showing the layers of the human heart wall.,Name the innermost layer of the heart wall and identify the specific type of simple squamous epithelium that lines this layer.,2,"[""Endocardium and endothelium"", ""The endocardium and endothelium""]","[Subtopic: Histology of the cardiovascular system] The heart wall consists of the epicardium, myocardium, and endocardium. The endocardium is the innermost layer and is lined by endothelium, which is a simple squamous epithelium.",2026-05-16T10:36:50.141086
SAQ_184C7CA5_Q6,B. Cardiovascular system,Principle features of haematology,A 22-year-old medical student is performing a cardiovascular examination on a healthy volunteer in a clinical skills laboratory.,A blood sample is taken for a physiology practical to analyze plasma constituents.,Name the most abundant plasma protein responsible for maintaining the oncotic pressure of the blood.,1,"[""Albumin"", ""Serum albumin""]","[Subtopic: Principle features of haematology] Albumin is the most abundant protein in human plasma and is the primary contributor to colloid osmotic (oncotic) pressure, which helps retain fluid within the vascular compartment.",2026-05-16T10:36:50.141087
SAQ_D4EAB4D3_Q1,C. Respiratory system,Physiological features of the respiratory system,"A 24-year-old man is trekking at high altitude in the Himalayas. As the atmospheric pressure decreases, his peripheral chemoreceptors detect a drop in the partial pressure of arterial oxygen (PaO2), triggering an increase in his minute ventilation.",,Name the specific sensory structures located at the bifurcation of the common carotid arteries that are responsible for detecting this decrease in PaO2.,1,"[""Carotid bodies"", ""The carotid body""]","[Subtopic: Physiological features of the respiratory system] The carotid bodies are peripheral chemoreceptors located at the bifurcation of the common carotid arteries. They are sensitive to decreases in PaO2, increases in PaCO2, and decreases in pH, signaling the medulla to increase ventilation.",2026-05-16T10:37:10.675814
SAQ_D4EAB4D3_Q2,C. Respiratory system,Physiological features of the respiratory system,"A 24-year-old man is trekking at high altitude in the Himalayas. As the atmospheric pressure decreases, his peripheral chemoreceptors detect a drop in the partial pressure of arterial oxygen (PaO2), triggering an increase in his minute ventilation.","During his journey, he undergoes a series of pulmonary function tests at a research station.",Define the lung volume known as 'Residual Volume'.,2,"[""The volume of air remaining in the lungs after maximal expiration"", ""The volume of air remaining in the lungs after a forceful expiration"", ""Volume of air left in lungs after maximal exhalation""]",[Subtopic: Physiological features of the respiratory system] Residual volume is the amount of air that stays in the lungs even after a person exhales as much as possible. It prevents the lungs from collapsing.,2026-05-16T10:37:10.675821
SAQ_D4EAB4D3_Q3,C. Respiratory system,Histology of the respiratory system,"A 24-year-old man is trekking at high altitude in the Himalayas. As the atmospheric pressure decreases, his peripheral chemoreceptors detect a drop in the partial pressure of arterial oxygen (PaO2), triggering an increase in his minute ventilation.",The efficiency of gas exchange at high altitude relies on the integrity of the alveolar-capillary barrier.,Identify the specific type of alveolar epithelial cell that covers the majority (approximately 95%) of the alveolar surface area and facilitates gas exchange.,1,"[""Type 1 pneumocyte"", ""Type I pneumocyte"", ""Type 1 alveolar cell"", ""Type I alveolar cell"", ""Squamous alveolar cell""]","[Subtopic: Histology of the respiratory system] Type I pneumocytes are thin, squamous cells that form the majority of the alveolar surface, providing a minimal distance for the diffusion of gases between the air and the blood.",2026-05-16T10:37:10.675822
SAQ_D4EAB4D3_Q4,C. Respiratory system,Anatomical features of the respiratory system / thorax,"A 24-year-old man is trekking at high altitude in the Himalayas. As the atmospheric pressure decreases, his peripheral chemoreceptors detect a drop in the partial pressure of arterial oxygen (PaO2), triggering an increase in his minute ventilation.",The trekker's increased ventilatory effort requires efficient contraction of his primary muscle of inspiration.,Name the nerve that provides motor innervation to the diaphragm and state its spinal root origins.,3,"[""Phrenic nerve; C3, C4, C5"", ""Phrenic; C3-C5"", ""The phrenic nerve; C3, C4 and C5""]","[Subtopic: Anatomical features of the respiratory system / thorax] The diaphragm is the primary muscle of inspiration. It is innervated by the phrenic nerve, which arises from the anterior rami of cervical spinal nerves C3, C4, and C5 ('C3, 4, 5 keep the diaphragm alive').",2026-05-16T10:37:10.675824
SAQ_D4EAB4D3_Q5,C. Respiratory system,Physiological features of the respiratory system,"A 24-year-old man is trekking at high altitude in the Himalayas. As the atmospheric pressure decreases, his peripheral chemoreceptors detect a drop in the partial pressure of arterial oxygen (PaO2), triggering an increase in his minute ventilation.",The movement of air into his lungs is governed by changes in thoracic volume and pressure.,State the name of the gas law that explains why intrapulmonary pressure drops as the volume of the thoracic cavity increases during inspiration.,1,"[""Boyle's Law"", ""Boyles Law""]","[Subtopic: Physiological features of the respiratory system] Boyle's Law states that the pressure of a gas is inversely proportional to its volume (at constant temperature). As the thoracic volume increases during inspiration, the pressure decreases below atmospheric pressure, drawing air into the lungs.",2026-05-16T10:37:10.675825
SAQ_D4EAB4D3_Q6,C. Respiratory system,Embryonic development of the respiratory system,"A 24-year-old man is trekking at high altitude in the Himalayas. As the atmospheric pressure decreases, his peripheral chemoreceptors detect a drop in the partial pressure of arterial oxygen (PaO2), triggering an increase in his minute ventilation.","To maintain alveolar stability during these rapid pressure changes, the lungs produce a substance that reduces surface tension.",Name the specialized cells that produce pulmonary surfactant and state how surfactant affects the work of breathing.,2,"[""Type 2 pneumocytes; decreases work of breathing"", ""Type II pneumocytes; reduces work of breathing"", ""Type 2 pneumocytes; makes breathing easier"", ""Type II pneumocytes; increases lung compliance""]","[Subtopic: Embryonic development of the respiratory system] Type II pneumocytes (which develop in the late canalicular/saccular stage of embryology) produce surfactant. By reducing alveolar surface tension, surfactant increases lung compliance and significantly reduces the work of breathing.",2026-05-16T10:37:10.675826
SAQ_262E591A_Q1,D. Gastrointestinal tract and liver (GI-L),"Anatomical features of the gastrointestinal tract and liver, and abdomen","A 24-year-old man presents to his GP with a 4-hour history of dull, poorly localized pain around his umbilicus. He mentions feeling nauseated and having a loss of appetite.",,The umbilicus is a key landmark in the surface anatomy of the abdomen. Name the horizontal plane that passes through the umbilicus and divides the abdomen into quadrants.,1,"[""Transumbilical plane"", ""Transumbilical""]","[Subtopic: Anatomical features of the gastrointestinal tract and liver, and abdomen] The transumbilical plane passes through the umbilicus and the L3-L4 intervertebral disc level, intersecting with the median plane to divide the abdomen into four quadrants.",2026-05-16T10:37:39.590702
SAQ_262E591A_Q2,D. Gastrointestinal tract and liver (GI-L),ILA 5 - Gastritis and Appendicitis,"A 24-year-old man presents to his GP with a 4-hour history of dull, poorly localized pain around his umbilicus. He mentions feeling nauseated and having a loss of appetite.","The patient's initial pain is visceral in nature, resulting from the stretching of the appendix.","State the spinal level (dermatome) that typically corresponds to referred pain from the midgut, and name the type of autonomic nerve fibers (sympathetic or parasympathetic) that carry these visceral pain afferents.",2,"[""T10 and sympathetic"", ""T10; sympathetic"", ""T10 and sympathetic nerves""]",[Subtopic: ILA 5 - Gastritis and Appendicitis] Visceral afferent fibers from the midgut organs (like the appendix) travel alongside sympathetic nerves to the T10 spinal cord level. Pain is therefore referred to the T10 dermatome at the level of the umbilicus.,2026-05-16T10:37:39.590709
SAQ_262E591A_Q3,D. Gastrointestinal tract and liver (GI-L),Embryonic development of the gastrointestinal tract and liver,"A 24-year-old man presents to his GP with a 4-hour history of dull, poorly localized pain around his umbilicus. He mentions feeling nauseated and having a loss of appetite.",The appendix is an embryonic derivative of the midgut.,"Name the specific branch of the abdominal aorta that provides the primary blood supply to all midgut derivatives, and state the vertebral level at which this artery typically originates.",2,"[""Superior mesenteric artery and L1"", ""SMA and L1"", ""Superior mesenteric artery; L1""]",[Subtopic: Embryonic development of the gastrointestinal tract and liver] The superior mesenteric artery (SMA) is the artery of the midgut. It arises from the abdominal aorta at the level of the L1 vertebra.,2026-05-16T10:37:39.590711
SAQ_262E591A_Q4,D. Gastrointestinal tract and liver (GI-L),Physiological features of the gut,"A 24-year-old man presents to his GP with a 4-hour history of dull, poorly localized pain around his umbilicus. He mentions feeling nauseated and having a loss of appetite.","The GP investigates the patient's symptoms further. To understand gastric health, it is important to consider the regulation of acid secretion in the stomach.",Gastric acid production by parietal cells is stimulated by three primary endogenous secretagogues. Name these three molecules.,3,"[""Gastrin, Histamine, and Acetylcholine"", ""Gastrin, Histamine, Acetylcholine"", ""Gastrin, Histamine, ACh""]","[Subtopic: Physiological features of the gut] Hydrochloric acid secretion is regulated by Gastrin (hormonal), Histamine (paracrine), and Acetylcholine (neurocrine). These act on receptors on the basolateral membrane of parietal cells.",2026-05-16T10:37:39.590713
SAQ_262E591A_Q5,D. Gastrointestinal tract and liver (GI-L),Histology of the gastrointestinal tract and liver,"A 24-year-old man presents to his GP with a 4-hour history of dull, poorly localized pain around his umbilicus. He mentions feeling nauseated and having a loss of appetite.",The gastric mucosa possesses several protective mechanisms to prevent damage from its acidic environment.,"Name the specific inorganic ion secreted by surface mucous cells that acts as a buffer, and name the anatomical layer of the gut tube where these cells are primarily located.",2,"[""Bicarbonate and mucosa"", ""Bicarbonate ion and mucosa"", ""HCO3- and mucosa""]",[Subtopic: Histology of the gastrointestinal tract and liver] Surface mucous cells in the gastric mucosa secrete an alkaline fluid rich in bicarbonate ions (HCO3-). This layer protects the epithelium from the low pH of the gastric lumen.,2026-05-16T10:37:39.590715
SAQ_227853C0_Q1,E. Neuroscience,Neuroanatomy,A 68-year-old man presents to the emergency department with sudden onset weakness of his right leg and foot. A CT scan of the head shows an acute ischaemic infarct in the territory of the left anterior cerebral artery.,,The anterior cerebral arteries are part of the cerebral arterial circle (Circle of Willis). Name the small vessel that connects the two anterior cerebral arteries to complete the anterior portion of this circle.,2,"[""Anterior communicating artery"", ""Anterior communicating"", ""AComm""]","[Subtopic: Neuroanatomy] The anterior communicating artery is a short vessel that connects the left and right anterior cerebral arteries, forming the anterior-most part of the Circle of Willis.",2026-05-16T10:38:07.007959
SAQ_227853C0_Q2,E. Neuroscience,Neuroanatomy,A 68-year-old man presents to the emergency department with sudden onset weakness of his right leg and foot. A CT scan of the head shows an acute ischaemic infarct in the territory of the left anterior cerebral artery.,The patient's weakness is due to a lack of blood supply to the primary motor cortex. The motor cortex is organized somatotopically.,"State the specific aspect (medial, lateral, or superior) of the precentral gyrus where the motor representation for the lower limb is located.",2,"[""Medial"", ""Medial aspect"", ""Medial surface""]","[Subtopic: Neuroanatomy] According to the motor homunculus, the lower limb (leg and foot) is represented on the medial aspect of the precentral gyrus, supplied by the anterior cerebral artery.",2026-05-16T10:38:07.007967
SAQ_227853C0_Q3,E. Neuroscience,Neurophysiology,A 68-year-old man presents to the emergency department with sudden onset weakness of his right leg and foot. A CT scan of the head shows an acute ischaemic infarct in the territory of the left anterior cerebral artery.,Normal motor function requires the rapid propagation of action potentials from the upper motor neurons in the cortex down through the internal capsule.,"Name the specific type of nerve conduction that occurs in myelinated axons, characterized by the action potential 'jumping' between gaps in the myelin sheath.",2,"[""Saltatory conduction"", ""Saltatory""]","[Subtopic: Neurophysiology] Saltatory conduction occurs in myelinated axons where the action potential skips from one Node of Ranvier to the next, significantly increasing the speed of transmission.",2026-05-16T10:38:07.007968
SAQ_227853C0_Q4,E. Neuroscience,Neurohistology,A 68-year-old man presents to the emergency department with sudden onset weakness of his right leg and foot. A CT scan of the head shows an acute ischaemic infarct in the territory of the left anterior cerebral artery.,The propagation of these signals depends on the integrity of the myelin sheath produced by glial cells within the central nervous system.,Name the specific type of glial cell responsible for producing the myelin sheath for axons located within the brain and spinal cord.,2,"[""Oligodendrocyte"", ""Oligodendrocytes""]",[Subtopic: Neurohistology] Oligodendrocytes are the macroglia responsible for myelinating axons in the Central Nervous System (CNS). A single oligodendrocyte can myelinate segments of multiple axons.,2026-05-16T10:38:07.007970
SAQ_227853C0_Q5,E. Neuroscience,Neurophysiology,A 68-year-old man presents to the emergency department with sudden onset weakness of his right leg and foot. A CT scan of the head shows an acute ischaemic infarct in the territory of the left anterior cerebral artery.,Action potentials are generated by the movement of ions across the neuronal membrane through specific channels.,"During the repolarization phase of a standard neuronal action potential, state which specific ion moves out of the cell and name the type of gated channel it moves through.",2,"[""Potassium and voltage-gated potassium channels"", ""Potassium ions and voltage-gated potassium channels"", ""K+ and voltage-gated K+ channels"", ""K+ and voltage-gated potassium channels""]","[Subtopic: Neurophysiology] Repolarization occurs when voltage-gated potassium channels open, allowing K+ ions to flow out of the neuron down their electrochemical gradient, returning the membrane potential toward the resting state.",2026-05-16T10:38:07.007972
SAQ_2707F409_Q1,"F. Skin, UroGenital, Endocrine and Reproduction (SUGER)",Physiological features of the reproductive system,A 26-year-old woman is attending a preconception counseling appointment. She has been tracking her menstrual cycle and notes that she typically has a 28-day cycle with regular menses.,,"Name the decapeptide hormone released by the hypothalamus that regulates the hypothalamic-pituitary-ovarian (HPO) axis, and state the required pattern of its release for normal physiological function.",2,"[""GnRH and pulsatile"", ""Gonadotropin-releasing hormone and pulsatile"", ""Gonadotrophin-releasing hormone and pulsatile"", ""GnRH; pulsatile"", ""Gonadotropin-releasing hormone; pulsatile""]","[Subtopic: Physiological features of the reproductive system] The hypothalamus releases Gonadotropin-releasing hormone (GnRH) in a pulsatile manner. Constant (non-pulsatile) release of GnRH actually downregulates the pituitary receptors, inhibiting the secretion of FSH and LH.",2026-05-16T10:38:39.217017
SAQ_2707F409_Q2,"F. Skin, UroGenital, Endocrine and Reproduction (SUGER)",Physiological features of the reproductive system,A 26-year-old woman is attending a preconception counseling appointment. She has been tracking her menstrual cycle and notes that she typically has a 28-day cycle with regular menses.,"During the mid-point of her cycle, a specific hormonal surge occurs to facilitate the release of the secondary oocyte.",Identify the pituitary hormone that surges to trigger ovulation and name the specific phase of the ovarian cycle that immediately follows ovulation.,2,"[""LH and Luteal phase"", ""Luteinising hormone and Luteal phase"", ""Luteinizing hormone and Luteal phase"", ""LH; Luteal phase"", ""Luteinising hormone; Luteal phase""]","[Subtopic: Physiological features of the reproductive system] A surge in Luteinising Hormone (LH) is the primary trigger for ovulation (the release of the oocyte from the dominant follicle). Following ovulation, the follicle collapses to form the corpus luteum, marking the start of the luteal phase.",2026-05-16T10:38:39.217025
SAQ_2707F409_Q3,"F. Skin, UroGenital, Endocrine and Reproduction (SUGER)",Histology of SUGER,A 26-year-old woman is attending a preconception counseling appointment. She has been tracking her menstrual cycle and notes that she typically has a 28-day cycle with regular menses.,The uterine lining undergoes significant changes in preparation for a potential pregnancy.,"Name the histological phase of the endometrium that occurs under the influence of progesterone after ovulation, and identify the specific layer of the endometrium that is NOT shed during menstruation.",2,"[""Secretory phase and Stratum basalis"", ""Secretory and Stratum basalis"", ""Secretory phase and Basal layer"", ""Secretory; Stratum basalis"", ""Secretory phase; Stratum basalis""]","[Subtopic: Histology of SUGER] Following ovulation, the endometrium enters the secretory phase, characterized by coiled glands and increased vascularity under the influence of progesterone. During menstruation, the stratum functionalis is shed, while the stratum basalis remains to regenerate the lining in the next cycle.",2026-05-16T10:38:39.217027
SAQ_2707F409_Q4,"F. Skin, UroGenital, Endocrine and Reproduction (SUGER)",Anatomical features of the urogenital and pelvic organs,A 26-year-old woman is attending a preconception counseling appointment. She has been tracking her menstrual cycle and notes that she typically has a 28-day cycle with regular menses.,The couple is concerned about the timing of fertilisation and how the egg moves through the reproductive tract.,"State the specific anatomical region of the uterine tube where fertilisation usually takes place, and name the cellular feature of the tubal epithelium that helps transport the oocyte towards the uterus.",2,"[""Ampulla and Cilia"", ""Ampulla and Ciliated cells"", ""Ampulla and Ciliated epithelium"", ""Ampulla; Cilia"", ""Ampulla; Ciliated cells""]","[Subtopic: Anatomical features of the urogenital and pelvic organs] Fertilisation typically occurs in the ampulla, the widest and longest part of the uterine (fallopian) tube. The movement of the oocyte is facilitated by the beating of cilia on the ciliated simple columnar epithelial cells lining the tube.",2026-05-16T10:38:39.217028
SAQ_2707F409_Q5,"F. Skin, UroGenital, Endocrine and Reproduction (SUGER)",Physiological features of the reproductive system,A 26-year-old woman is attending a preconception counseling appointment. She has been tracking her menstrual cycle and notes that she typically has a 28-day cycle with regular menses.,"For fertilisation to be successful, the sperm must undergo specific physiological changes once inside the female reproductive tract.","Name the process of functional maturation that sperm must undergo to become capable of fertilising an egg, and identify the reaction that occurs when the sperm contacts the zona pellucida.",2,"[""Capacitation and Acrosome reaction"", ""Capacitation and Acrosomal reaction"", ""Capacitation; Acrosome reaction"", ""Capacitation; Acrosomal reaction""]","[Subtopic: Physiological features of the reproductive system] Capacitation is the final step of sperm maturation occurring in the female tract, involving the removal of glycoproteins from the sperm head. Upon reaching the oocyte, the acrosome reaction involves the release of enzymes (like hyaluronidase) to digest the zona pellucida.",2026-05-16T10:38:39.217030
SAQ_27849548_Q1,G. Musculoskeletal (MSK),Joints,"A 25-year-old amateur gymnast attends a sports physiology assessment. During the examination, her range of motion at the shoulder and the cellular health of her skeletal tissues are discussed in relation to her training load.",,The glenohumeral joint is a synovial joint. State the specific structural sub-classification of this joint and name the fibrocartilaginous structure that deepens the glenoid fossa.,2,"[""Ball and socket"", ""Spheroid"", ""Glenoid labrum"", ""Labrum""]","[Subtopic: Joints] The shoulder is a ball and socket synovial joint. The glenoid labrum is a ring of fibrocartilage that attaches to the rim of the glenoid cavity, increasing its depth and stability.",2026-05-16T10:39:02.326926
SAQ_27849548_Q2,G. Musculoskeletal (MSK),Bone,"A 25-year-old amateur gymnast attends a sports physiology assessment. During the examination, her range of motion at the shoulder and the cellular health of her skeletal tissues are discussed in relation to her training load.",The mechanical loading during gymnastics promotes bone modelling and remodelling.,Name the specific type of bone cell that is embedded within the lacunae of the bone matrix and functions as the primary mechanosensor.,1,"[""Osteocyte"", ""Osteocytes""]",[Subtopic: Bone] Osteocytes are mature bone cells found within lacunae. They sense mechanical strain (mechanotransduction) and coordinate the activity of osteoblasts and osteoclasts during bone remodelling.,2026-05-16T10:39:02.326934
SAQ_27849548_Q3,G. Musculoskeletal (MSK),Biochemistry/homeostasis,"A 25-year-old amateur gymnast attends a sports physiology assessment. During the examination, her range of motion at the shoulder and the cellular health of her skeletal tissues are discussed in relation to her training load.","The gymnast's diet is reviewed to ensure adequate mineral intake for bone health, particularly calcium and phosphate.",Name the hormone secreted by the parathyroid glands in response to low serum calcium and state its primary effect on the renal handling of phosphate.,2,"[""Parathyroid hormone, Decreases phosphate reabsorption"", ""PTH, Increases phosphate excretion"", ""Parathyroid hormone, Phosphaturic"", ""PTH, Decreased reabsorption""]","[Subtopic: Biochemistry/homeostasis] Parathyroid hormone (PTH) is released in response to hypocalcaemia. In the kidneys, it inhibits the reabsorption of phosphate in the proximal convoluted tubule, leading to increased phosphate excretion (phosphaturia).",2026-05-16T10:39:02.326936
SAQ_27849548_Q4,G. Musculoskeletal (MSK),Muscle,"A 25-year-old amateur gymnast attends a sports physiology assessment. During the examination, her range of motion at the shoulder and the cellular health of her skeletal tissues are discussed in relation to her training load.","Gymnastics involves short bursts of high-intensity, explosive movements.","Identify the skeletal muscle fibre type (using the numerical classification) that is predominantly recruited for explosive, short-duration activities and state the primary metabolic pathway it uses to generate ATP.",2,"[""Type IIx, Anaerobic glycolysis"", ""Type 2x, Glycolysis"", ""Type IIb, Anaerobic glycolysis"", ""Type 2b, Glycolysis""]","[Subtopic: Muscle] Type IIx (or IIb in some older classifications) fibres are fast-glycolytic fibres. They have high myosin-ATPase activity and rely primarily on anaerobic glycolysis for rapid ATP production, making them suited for explosive power.",2026-05-16T10:39:02.326938
SAQ_27849548_Q5,G. Musculoskeletal (MSK),Histology,"A 25-year-old amateur gymnast attends a sports physiology assessment. During the examination, her range of motion at the shoulder and the cellular health of her skeletal tissues are discussed in relation to her training load.",,Name the basic structural and functional unit of mature compact (cortical) bone and state the name of the central canal within this unit that contains blood vessels and nerves.,2,"[""Osteon, Haversian canal"", ""Haversian system, Haversian canal""]","[Subtopic: Histology] The osteon (or Haversian system) is the fundamental unit of compact bone. At its centre is the Haversian canal, which houses the neurovascular supply for the lamellae.",2026-05-16T10:39:02.326939
SAQ_27849548_Q6,G. Musculoskeletal (MSK),Exercise,"A 25-year-old amateur gymnast attends a sports physiology assessment. During the examination, her range of motion at the shoulder and the cellular health of her skeletal tissues are discussed in relation to her training load.",The assessment includes a review of current health guidelines to maintain general cardiovascular and musculoskeletal health.,"According to the UK Chief Medical Officers' physical activity guidelines, what is the minimum number of minutes of moderate-intensity aerobic activity an adult should aim for per week?",1,"[""150"", ""150 minutes"", ""One hundred and fifty""]","[Subtopic: Exercise] The UK CMO guidelines recommend that adults should aim for at least 150 minutes of moderate-intensity activity, or 75 minutes of vigorous-intensity activity, per week.",2026-05-16T10:39:02.326941
SAQ_08C503CC_Q1,H. Prescribing,Use of FP10 prescriptions in Primary Care (linked to 'Generalism and holistic patient care' - EYGP session 1),"A 45-year-old man visits his GP for a routine health check. He has a history of hypertension and mild asthma. During the consultation, the GP decides to prescribe a new antihypertensive medication for the patient to collect from his local community pharmacy.",,Name the standard prescription form used by GPs in primary care in England to enable a patient to obtain a Prescription Only Medicine (POM) from a community pharmacy.,1,"[""FP10"", ""FP10HP""]","[Subtopic: Use of FP10 prescriptions in Primary Care (linked to 'Generalism and holistic patient care' - EYGP session 1)] The FP10 is the standard prescription form used in NHS primary care in England. Different versions exist for dentists (FP10D) and nurses (FP10P), but the standard GP version is the FP10.",2026-05-16T10:39:30.040550
SAQ_08C503CC_Q2,H. Prescribing,Sustainable prescribing (linked to 'Asthma / Sustainable healthcare' - EYGP session 4),"A 45-year-old man visits his GP for a routine health check. He has a history of hypertension and mild asthma. During the consultation, the GP decides to prescribe a new antihypertensive medication for the patient to collect from his local community pharmacy.",The GP reviews the patient's asthma management. The patient currently uses a Metered Dose Inhaler (MDI). The GP discusses the environmental impact of different inhaler types.,"State the specific component found in Metered Dose Inhalers (MDIs), but not in Dry Powder Inhalers (DPIs), which acts as a potent greenhouse gas and contributes significantly to the carbon footprint of the NHS.",2,"[""Propellant"", ""Hydrofluoroalkanes"", ""HFA"", ""HFAs"", ""Hydrofluorocarbons""]","[Subtopic: Sustainable prescribing (linked to 'Asthma / Sustainable healthcare' - EYGP session 4)] MDIs use hydrofluoroalkanes (HFAs) as propellants to deliver the medication. These are powerful greenhouse gases. Switching to Dry Powder Inhalers (DPIs), which do not require propellants, is a key step in sustainable prescribing.",2026-05-16T10:39:30.040558
SAQ_08C503CC_Q3,H. Prescribing,Routes of drug administration and medicine formulations (linked to 'Ischaemic heart disease / Health inequalities' - EYGP session 3),"A 45-year-old man visits his GP for a routine health check. He has a history of hypertension and mild asthma. During the consultation, the GP decides to prescribe a new antihypertensive medication for the patient to collect from his local community pharmacy.","The patient asks about emergency medications for chest pain, having heard about sprays used under the tongue (sublingual) that work 'systemically'.",Define the term 'systemic administration' and explain how it differs from 'local administration' in terms of drug distribution to the site of action.,2,"[""Systemic administration involves the drug entering the circulatory system/bloodstream to be carried to the site of action, whereas local administration involves applying the drug directly to the site of action."", ""Systemic means the drug travels through the blood; local means it is applied where it is needed.""]","[Subtopic: Routes of drug administration and medicine formulations (linked to 'Ischaemic heart disease / Health inequalities' - EYGP session 3)] Systemic administration (e.g., oral, intravenous, or sublingual for certain drugs) requires the medication to enter the systemic circulation to reach its target. Local administration (e.g., topical creams, certain eye drops) targets a specific area without needing significant systemic absorption.",2026-05-16T10:39:30.040559
SAQ_08C503CC_Q4,H. Prescribing,Prescribing Controlled Drugs (linked to 'Neurodiversity' - EYGP session 6),"A 45-year-old man visits his GP for a routine health check. He has a history of hypertension and mild asthma. During the consultation, the GP decides to prescribe a new antihypertensive medication for the patient to collect from his local community pharmacy.",The patient mentions his son is currently prescribed methylphenidate for ADHD. He notes that the prescription for this medication looks different from his own.,"Under the Misuse of Drugs Regulations 2001, methylphenidate is a Controlled Drug. State which 'Schedule' (1-5) this drug belongs to, and name one specific legal requirement for the 'total quantity' section of a prescription for this schedule of drug.",2,"[""Schedule 2; Total quantity must be in both words and figures"", ""Schedule 2; Words and figures"", ""Schedule 2; Total quantity in words and figures""]","[Subtopic: Prescribing Controlled Drugs (linked to 'Neurodiversity' - EYGP session 6)] Methylphenidate is a Schedule 2 controlled drug. Prescriptions for Schedule 2 and 3 drugs have strict legal requirements, including the need for the total quantity to be written in both words and figures to prevent alteration.",2026-05-16T10:39:30.040560
SAQ_08C503CC_Q5,H. Prescribing,Adherence and non-adherence (linked to 'Chronic kidney disease (CKD) / Accessing healthcare for non-English speaking populations' - EYGP session 9),"A 45-year-old man visits his GP for a routine health check. He has a history of hypertension and mild asthma. During the consultation, the GP decides to prescribe a new antihypertensive medication for the patient to collect from his local community pharmacy.",The patient is concerned about his elderly mother who has Chronic Kidney Disease (CKD) and often misses doses of her medications. The GP explains this is 'unintentional non-adherence'.,Provide one example of a patient-related factor that frequently leads to unintentional non-adherence.,1,"[""Forgetfulness"", ""Cognitive impairment"", ""Dementia"", ""Poor health literacy"", ""Language barriers"", ""Physical difficulty using the medicine"", ""Complexity of the regimen""]","[Subtopic: Adherence and non-adherence (linked to 'Chronic kidney disease (CKD) / Accessing healthcare for non-English speaking populations' - EYGP session 9)] Unintentional non-adherence occurs when the patient wants to follow the treatment plan but is prevented by factors outside their direct control, such as forgetfulness, poor understanding, or physical limitations.",2026-05-16T10:39:30.040562
SAQ_08C503CC_Q6,H. Prescribing,National processes for medicines management (linked to 'Epilepsy' - EYGP session 7),"A 45-year-old man visits his GP for a routine health check. He has a history of hypertension and mild asthma. During the consultation, the GP decides to prescribe a new antihypertensive medication for the patient to collect from his local community pharmacy.",The GP explains that all medications prescribed in the UK must be approved by national bodies to ensure they are safe and cost-effective.,"Name the national body responsible for providing evidence-based guidance on the clinical and cost-effectiveness of medicines in England (1 mark), and name the agency responsible for regulating the safety and efficacy of medicines before they are granted a marketing authorisation (license) (1 mark).",2,"[""NICE and MHRA"", ""National Institute for Health and Care Excellence and Medicines and Healthcare products Regulatory Agency""]","[Subtopic: National processes for medicines management (linked to 'Epilepsy' - EYGP session 7)] The National Institute for Health and Care Excellence (NICE) assesses cost-effectiveness for the NHS, while the Medicines and Healthcare products Regulatory Agency (MHRA) regulates the safety, quality, and efficacy of medicines and medical devices.",2026-05-16T10:39:30.040563
SAQ_FB9D8CBF_Q1,I. Public health,Three pillars of public health,"A 45-year-old man, Mr. Thompson, visits his GP for a health check-up. He is a regular smoker with a BMI of 32 kg/m². He works long hours in a low-income job and expresses difficulty accessing fresh, affordable food in his local neighbourhood.","The GP uses this consultation to reflect on the broader public health challenges facing the local population, including environmental hazards and service provision.",Name the three domains (pillars) of public health used to categorise these broad areas of practice.,3,"[""Health protection, health improvement, and health services"", ""Health protection, health improvement, and healthcare public health"", ""Health protection, health improvement, and health services delivery""]","[Subtopic: Three pillars of public health] The three pillars of public health are: 1) Health protection (e.g., infectious disease, environmental hazards); 2) Health improvement (e.g., lifestyle, social determinants); and 3) Health services (e.g., service efficiency, equity, and effectiveness).",2026-05-16T10:39:54.351413
SAQ_FB9D8CBF_Q2,I. Public health,Address social determinants of health,"A 45-year-old man, Mr. Thompson, visits his GP for a health check-up. He is a regular smoker with a BMI of 32 kg/m². He works long hours in a low-income job and expresses difficulty accessing fresh, affordable food in his local neighbourhood.",Mr. Thompson's inability to access healthy food and his low-income status represent systemic barriers to health.,State the term used to describe the unfair and avoidable differences in health status between different groups of people.,1,"[""Health inequality"", ""Health inequalities"", ""Health inequity"", ""Health inequities""]",[Subtopic: Address social determinants of health] Health inequalities (or inequities) are differences in health status or the distribution of health determinants between different population groups.,2026-05-16T10:39:54.351424
SAQ_FB9D8CBF_Q3,I. Public health,Public health in practice – application of the principles of public health,"A 45-year-old man, Mr. Thompson, visits his GP for a health check-up. He is a regular smoker with a BMI of 32 kg/m². He works long hours in a low-income job and expresses difficulty accessing fresh, affordable food in his local neighbourhood.","To address Mr. Thompson's smoking habit, the GP considers two main public health strategies for behaviour change.",Identify the two main types of approaches used in public health to implement behaviour change for risk factors like smoking.,2,"[""Individual and population"", ""High-risk and population"", ""Individual-level and population-level""]","[Subtopic: Public health in practice – application of the principles of public health] Public health strategies for behaviour change are usually divided into 'individual' (or high-risk) approaches, targeting those at highest risk, and 'population' (or whole population) approaches, which seek to shift the entire distribution of risk.",2026-05-16T10:39:54.351427
SAQ_FB9D8CBF_Q4,I. Public health,Medical sociology,"A 45-year-old man, Mr. Thompson, visits his GP for a health check-up. He is a regular smoker with a BMI of 32 kg/m². He works long hours in a low-income job and expresses difficulty accessing fresh, affordable food in his local neighbourhood.",The GP discusses how society views illness and the expectations placed on individuals when they are unwell.,"Name the sociologist who first described the 'sick role', outlining the rights and obligations of someone who is ill.",1,"[""Talcott Parsons"", ""Parsons""]","[Subtopic: Medical sociology] Talcott Parsons (1951) introduced the concept of the 'sick role', suggesting that being ill is a form of deviance that comes with specific social rights (e.g., exemption from normal social roles) and obligations (e.g., seeking technically competent help).",2026-05-16T10:39:54.351429
SAQ_FB9D8CBF_Q5,I. Public health,Prevent disease and promote good health,"A 45-year-old man, Mr. Thompson, visits his GP for a health check-up. He is a regular smoker with a BMI of 32 kg/m². He works long hours in a low-income job and expresses difficulty accessing fresh, affordable food in his local neighbourhood.",The GP advises Mr. Thompson to lose weight to prevent the development of type 2 diabetes.,Identify the level of prevention being practised when an intervention is used to prevent the initial onset of a disease.,2,"[""Primary prevention"", ""Primary""]",[Subtopic: Prevent disease and promote good health] Primary prevention aims to prevent the onset of disease by reducing exposure to risk factors or increasing resistance to disease. This differs from secondary prevention (early detection/screening) and tertiary prevention (reducing the impact of established disease).,2026-05-16T10:39:54.351432
SAQ_FB9D8CBF_Q6,I. Public health,Take an interdisciplinary approach,"A 45-year-old man, Mr. Thompson, visits his GP for a health check-up. He is a regular smoker with a BMI of 32 kg/m². He works long hours in a low-income job and expresses difficulty accessing fresh, affordable food in his local neighbourhood.",The GP wishes to analyse local data to determine if this 'food desert' is a widespread issue in the community.,Name the specific public health professional whose role primarily involves the collection and analysis of data regarding the distribution and determinants of health-related states in populations.,1,"[""Epidemiologist"", ""Epidemiologists""]","[Subtopic: Take an interdisciplinary approach] Epidemiologists are key members of the interdisciplinary public health team, specialising in the study of how often diseases occur in different groups of people and why.",2026-05-16T10:39:54.351434
SAQ_BA82E830_Q1,J. Critical numbers,Quantitative study design,A group of researchers wants to investigate the relationship between physical activity and resting heart rate in healthy adults aged 18 to 30. They recruit a group of 500 healthy individuals and record their baseline exercise habits. The participants are then followed over a 5-year period to observe changes in their resting heart rate.,,Name the type of observational study design where a group of individuals is recruited and followed forward in time to determine how an exposure affects an outcome.,2,"[""Prospective cohort study"", ""Cohort study"", ""Cohort""]",[Subtopic: Quantitative study design] A cohort study follows a group of people (the cohort) over time to see how different exposures (like exercise) relate to outcomes (like heart rate).,2026-05-16T10:40:25.554804
SAQ_BA82E830_Q2,J. Critical numbers,Summary statistics,A group of researchers wants to investigate the relationship between physical activity and resting heart rate in healthy adults aged 18 to 30. They recruit a group of 500 healthy individuals and record their baseline exercise habits. The participants are then followed over a 5-year period to observe changes in their resting heart rate.,"At the start of the study, the researchers measure the resting heart rate of all participants. The data collected for resting heart rate is found to be highly skewed rather than normally distributed.",Name the most appropriate measure of central tendency to use when summarizing numeric data that is not normally distributed.,2,"[""Median"", ""The median""]","[Subtopic: Summary statistics] For skewed numeric data, the median is the preferred measure of central tendency as it is less affected by outliers and extreme values than the mean.",2026-05-16T10:40:25.554811
SAQ_BA82E830_Q3,J. Critical numbers,Inferential statistics,A group of researchers wants to investigate the relationship between physical activity and resting heart rate in healthy adults aged 18 to 30. They recruit a group of 500 healthy individuals and record their baseline exercise habits. The participants are then followed over a 5-year period to observe changes in their resting heart rate.,The researchers want to test the theory that there is a difference in the mean resting heart rate between participants who exercise daily and those who do not.,State the statistical term for the hypothesis which assumes that there is no difference in the mean resting heart rate between the two groups.,2,"[""Null hypothesis"", ""H0""]","[Subtopic: Inferential statistics] The null hypothesis (H0) is the default position in hypothesis testing, stating that there is no relationship or difference between the variables being studied.",2026-05-16T10:40:25.554813
SAQ_BA82E830_Q4,J. Critical numbers,Inferential statistics,A group of researchers wants to investigate the relationship between physical activity and resting heart rate in healthy adults aged 18 to 30. They recruit a group of 500 healthy individuals and record their baseline exercise habits. The participants are then followed over a 5-year period to observe changes in their resting heart rate.,The researchers perform a statistical test to compare the two groups and obtain a p-value of 0.03. They have set their significance level (alpha) at 0.05.,State whether the researchers should 'reject' or 'fail to reject' the null hypothesis based on this p-value.,2,"[""Reject"", ""Reject the null hypothesis""]","[Subtopic: Inferential statistics] Since the p-value (0.03) is less than the significance level (0.05), the results are considered statistically significant, and the null hypothesis is rejected.",2026-05-16T10:40:25.554814
SAQ_BA82E830_Q5,J. Critical numbers,Critical appraisal,A group of researchers wants to investigate the relationship between physical activity and resting heart rate in healthy adults aged 18 to 30. They recruit a group of 500 healthy individuals and record their baseline exercise habits. The participants are then followed over a 5-year period to observe changes in their resting heart rate.,"During the analysis, the researchers find that the participants who exercise more also tend to have lower body mass index (BMI) scores. BMI is known to independently affect resting heart rate.","State the term used to describe a variable, such as BMI in this study, that is associated with both the exposure and the outcome, potentially distorting the observed relationship.",2,"[""Confounder"", ""Confounding variable"", ""Confounding factor"", ""Confounding""]","[Subtopic: Critical appraisal] A confounder is an extraneous variable that correlates with both the independent variable and the dependent variable, making it difficult to establish a true causal link.",2026-05-16T10:40:25.554815
SAQ_27114D08_Q1,K. Early Years General Practice (EYGP),Session 3 'Ischaemic heart disease / Health inequalities' (during Cardiovascular block),A 52-year-old man attends his General Practice for a routine health check. He has no current symptoms but is concerned about his cardiovascular health as his father had a myocardial infarction at age 55.,,What is the name of the validated risk assessment tool used in UK primary care to estimate a patient's 10-year probability of developing cardiovascular disease?,1,"[""QRISK3"", ""QRISK"", ""QRISK-3""]",[Subtopic: Session 3 'Ischaemic heart disease / Health inequalities' (during Cardiovascular block)] QRISK3 is the standard tool used in the UK to calculate the 10-year risk of a patient having a first formal cardiovascular event (such as a stroke or myocardial infarction).,2026-05-16T10:40:54.513731
SAQ_27114D08_Q2,K. Early Years General Practice (EYGP),Session 3 'Ischaemic heart disease / Health inequalities' (during Cardiovascular block),A 52-year-old man attends his General Practice for a routine health check. He has no current symptoms but is concerned about his cardiovascular health as his father had a myocardial infarction at age 55.,The GP explains that many factors contributing to ischaemic heart disease are modifiable through lifestyle changes.,List three modifiable risk factors for ischaemic heart disease that should be assessed in this patient.,3,"[""Smoking status"", ""Diet"", ""Physical inactivity"", ""Alcohol consumption"", ""Obesity"", ""Body Mass Index"", ""Blood pressure"", ""Cholesterol level""]","[Subtopic: Session 3 'Ischaemic heart disease / Health inequalities' (during Cardiovascular block)] Modifiable risk factors are those that can be changed to reduce risk, such as smoking, high BMI, poor diet, physical inactivity, and excessive alcohol intake.",2026-05-16T10:40:54.513738
SAQ_27114D08_Q3,K. Early Years General Practice (EYGP),Session 3 'Ischaemic heart disease / Health inequalities' (during Cardiovascular block),A 52-year-old man attends his General Practice for a routine health check. He has no current symptoms but is concerned about his cardiovascular health as his father had a myocardial infarction at age 55.,The GP also notes that some risk factors are non-modifiable.,Identify two non-modifiable risk factors for cardiovascular disease relevant to this patient's assessment.,2,"[""Age"", ""Sex"", ""Ethnicity"", ""Family history"", ""Genetics""]","[Subtopic: Session 3 'Ischaemic heart disease / Health inequalities' (during Cardiovascular block)] Non-modifiable risk factors include age, biological sex (males are generally at higher risk earlier in life), ethnicity (certain groups have higher predisposition), and family history/genetics.",2026-05-16T10:40:54.513740
SAQ_27114D08_Q4,K. Early Years General Practice (EYGP),Session 1 'Generalism and holistic patient care' (during IMMS block),A 52-year-old man attends his General Practice for a routine health check. He has no current symptoms but is concerned about his cardiovascular health as his father had a myocardial infarction at age 55.,"During the consultation, the GP ensures they use a holistic approach rather than focusing solely on the patient's physical risk markers.","In the context of general practice, define what is meant by a 'holistic' approach to patient care.",2,"[""Considering the whole person"", ""Addressing physical, psychological, and social factors"", ""Biopsychosocial model"", ""Treating the person as a whole rather than just the disease symptoms""]","[Subtopic: Session 1 'Generalism and holistic patient care' (during IMMS block)] Holistic care involves looking at the patient as a whole person, accounting for their physical health, psychological well-being, and social circumstances (the biopsychosocial model).",2026-05-16T10:40:54.513742
SAQ_27114D08_Q5,K. Early Years General Practice (EYGP),Session 3 'Ischaemic heart disease / Health inequalities' (during Cardiovascular block),A 52-year-old man attends his General Practice for a routine health check. He has no current symptoms but is concerned about his cardiovascular health as his father had a myocardial infarction at age 55.,The GP performs a manual blood pressure measurement as part of the health check.,"Name the specific artery in the antecubital fossa that is auscultated during manual blood pressure measurement, and state the name of the sounds the clinician listens for to determine the systolic and diastolic pressures.",2,"[""Brachial artery; Korotkoff sounds"", ""Brachial; Korotkoff""]","[Subtopic: Session 3 'Ischaemic heart disease / Health inequalities' (during Cardiovascular block)] To measure blood pressure manually, a stethoscope is placed over the brachial artery. The clinician listens for Korotkoff sounds, which are generated by turbulent blood flow as the cuff is deflated.",2026-05-16T10:40:54.513744
SAQ_FDD5DCF4_Q1,A. Introduction to Medicine and Medical Science (IMMS),Genetics,"A 28-year-old man attends a preconception counseling session with his partner. He is concerned about his family history of a condition affecting chloride transport across membranes. His brother has the condition, but he and his parents do not.",,"Based on the family history provided, state the most likely mode of inheritance for this condition and calculate the probability that the man is a carrier of the mutated allele.",2,"[""Autosomal recessive; 2/3"", ""Autosomal recessive; 67%"", ""Autosomal recessive; 0.67"", ""Autosomal recessive; two-thirds""]","[Subtopic: Genetics] In autosomal recessive inheritance, parents of an affected child are obligate carriers. A healthy sibling of an affected individual has a 2 in 3 chance of being a carrier (excluding the 1/4 chance of being homozygous affected).",2026-05-16T10:41:29.821398
SAQ_FDD5DCF4_Q2,A. Introduction to Medicine and Medical Science (IMMS),ILA 1 - Cystic Fibrosis,"A 28-year-old man attends a preconception counseling session with his partner. He is concerned about his family history of a condition affecting chloride transport across membranes. His brother has the condition, but he and his parents do not.",The condition in the family is confirmed to be related to a specific membrane protein responsible for ion movement.,The protein involved in this condition normally functions as an ion channel. Identify the specific ion it transports across the cell membrane and the direction of this transport (into or out of the cell) at the apical membrane of healthy airway epithelial cells.,2,"[""Chloride; Out of the cell"", ""Cl-; Out"", ""Chloride; Into the lumen"", ""Cl-; Outwards""]",[Subtopic: ILA 1 - Cystic Fibrosis] The CFTR protein is a cAMP-regulated chloride channel that normally moves chloride ions out of the epithelial cells and into the airway lumen to maintain hydration of the airway surface liquid.,2026-05-16T10:41:29.821406
SAQ_FDD5DCF4_Q3,A. Introduction to Medicine and Medical Science (IMMS),Cell biology,"A 28-year-old man attends a preconception counseling session with his partner. He is concerned about his family history of a condition affecting chloride transport across membranes. His brother has the condition, but he and his parents do not.",Genetic screening involves analyzing the man's DNA and requires understanding the normal processes of the cell cycle and DNA structure.,Name the specific phase of the cell cycle during which DNA synthesis occurs and state the name of the nitrogenous purine base that forms three hydrogen bonds with Cytosine in the DNA double helix.,2,"[""S phase; Guanine"", ""Synthesis phase; Guanine"", ""S-phase; Guanine""]","[Subtopic: Cell biology] DNA replication occurs during the S phase (Synthesis phase) of interphase. In the DNA double helix, the purine Guanine pairs with the pyrimidine Cytosine via three hydrogen bonds.",2026-05-16T10:41:29.821408
SAQ_FDD5DCF4_Q4,A. Introduction to Medicine and Medical Science (IMMS),Energy metabolism / Biochemistry,"A 28-year-old man attends a preconception counseling session with his partner. He is concerned about his family history of a condition affecting chloride transport across membranes. His brother has the condition, but he and his parents do not.",The protein produced from this gene must undergo complex folding and processing to become functional within the cell membrane.,"State the term for the level of protein structure that refers to the final three-dimensional folding of the single polypeptide chain, and name one type of non-covalent interaction that helps stabilize this specific level of structure.",2,"[""Tertiary structure; Hydrogen bonds"", ""Tertiary; Hydrophobic interactions"", ""Tertiary; Van der Waals forces"", ""Tertiary structure; Ionic bonds"", ""Tertiary; Electrostatic interactions""]","[Subtopic: Energy metabolism / Biochemistry] Tertiary structure is the overall 3D shape of a single protein molecule. It is stabilized by various interactions between R-groups, including hydrogen bonds, hydrophobic interactions, ionic bonds, and Van der Waals forces.",2026-05-16T10:41:29.821409
SAQ_FDD5DCF4_Q5,A. Introduction to Medicine and Medical Science (IMMS),Cell histology and their ultrastructural components,"A 28-year-old man attends a preconception counseling session with his partner. He is concerned about his family history of a condition affecting chloride transport across membranes. His brother has the condition, but he and his parents do not.","The primary clinical site affected by impaired chloride transport is the respiratory tract, where mucus clearance is vital.",Name the specific type of lining epithelium found in the normal trachea and identify the specialized unicellular glands located within this epithelium that are responsible for secreting mucus.,2,"[""Ciliated pseudostratified columnar epithelium; Goblet cells"", ""Pseudostratified ciliated columnar; Goblet cells"", ""Pseudostratified ciliated columnar epithelium; Goblet cells""]","[Subtopic: Cell histology and their ultrastructural components] The trachea is lined by ciliated pseudostratified columnar epithelium. Goblet cells are interspersed within this layer to secrete mucus, which is then moved by the cilia.",2026-05-16T10:41:29.821411
SAQ_E8E0C1EB_Q1,B. Cardiovascular system,Anatomical features of the cardiovascular system,"A 62-year-old man attends a routine health check-up at his GP surgery. He has no current symptoms and his physical examination is unremarkable. The physician performs a cardiovascular examination, including auscultation of the heart valves.",,"State the anatomical location for optimal auscultation of the mitral valve, specifying both the intercostal space and the vertical reference line.",2,"[""Left 5th intercostal space, mid-clavicular line"", ""5th intercostal space and mid-clavicular line"", ""Left fifth intercostal space and midclavicular line""]","[Subtopic: Anatomical features of the cardiovascular system] The mitral valve is best heard at the apex of the heart, which is located in the left 5th intercostal space at the mid-clavicular line.",2026-05-16T10:42:00.116803
SAQ_E8E0C1EB_Q2,B. Cardiovascular system,Physiological features of the cardiovascular system,"A 62-year-old man attends a routine health check-up at his GP surgery. He has no current symptoms and his physical examination is unremarkable. The physician performs a cardiovascular examination, including auscultation of the heart valves.","During the examination, the patient's blood pressure is measured at 120/80 mmHg. The physician explains that blood pressure is regulated by sensors in the large arteries.",Name the two specific anatomical locations where high-pressure baroreceptors are found in the human body.,2,"[""Carotid sinus and aortic arch"", ""Carotid sinus, aortic arch"", ""Aortic arch and carotid sinus""]",[Subtopic: Physiological features of the cardiovascular system] High-pressure baroreceptors are stretch-sensitive mechanoreceptors located in the carotid sinus (at the bifurcation of the common carotid arteries) and the arch of the aorta.,2026-05-16T10:42:00.116812
SAQ_E8E0C1EB_Q3,B. Cardiovascular system,Histology of the cardiovascular system,"A 62-year-old man attends a routine health check-up at his GP surgery. He has no current symptoms and his physical examination is unremarkable. The physician performs a cardiovascular examination, including auscultation of the heart valves.",The physician explains that the myocardium is a specialized muscle that allows the heart to contract as a functional syncytium.,Identify the specialized histological structures that connect cardiac myocytes end-to-end (1 mark) and name the specific junction within them that provides low-resistance electrical coupling (1 mark).,2,"[""Intercalated discs and gap junctions"", ""Intercalated disks; gap junctions"", ""Intercalated discs; nexus junctions""]","[Subtopic: Histology of the cardiovascular system] Cardiac myocytes are joined by intercalated discs. Within these discs, gap junctions (or nexus junctions) provide the low-resistance electrical pathways that allow the rapid spread of action potentials.",2026-05-16T10:42:00.116813
SAQ_E8E0C1EB_Q4,B. Cardiovascular system,Embryonic development of the heart and circulation,"A 62-year-old man attends a routine health check-up at his GP surgery. He has no current symptoms and his physical examination is unremarkable. The physician performs a cardiovascular examination, including auscultation of the heart valves.",The discussion moves toward the complex embryonic development of the great vessels that exit the heart.,Identify the specific embryonic aortic arch that gives rise to the definitive adult arch of the aorta.,2,"[""Left fourth aortic arch"", ""Left 4th arch"", ""Left 4th aortic arch""]",[Subtopic: Embryonic development of the heart and circulation] The adult arch of the aorta is derived from the left fourth embryonic aortic arch. The right fourth arch contributes to the proximal part of the right subclavian artery.,2026-05-16T10:42:00.116815
SAQ_E8E0C1EB_Q5,B. Cardiovascular system,Principle features of haematology,"A 62-year-old man attends a routine health check-up at his GP surgery. He has no current symptoms and his physical examination is unremarkable. The physician performs a cardiovascular examination, including auscultation of the heart valves.",A routine blood sample is collected. The physician mentions that plasma proteins play a vital role in maintaining the balance of fluid between the blood vessels and the tissues.,Name the most abundant protein found in normal human plasma (1 mark) and state the specific type of pressure it is primarily responsible for maintaining (1 mark).,2,"[""Albumin; oncotic pressure"", ""Albumin; colloid osmotic pressure"", ""Serum albumin; oncotic pressure""]","[Subtopic: Principle features of haematology] Albumin is the most abundant plasma protein. It is the primary determinant of plasma oncotic pressure (colloid osmotic pressure), which opposes the hydrostatic pressure and keeps fluid within the intravascular compartment.",2026-05-16T10:42:00.116817
SAQ_C275DA8A_Q1,C. Respiratory system,Anatomical features of the respiratory system / thorax,A 28-year-old healthy male is participating in a clinical study monitoring the mechanics of quiet breathing at rest.,,Name the primary muscle used during quiet inspiration and provide the spinal cord segments (nerve roots) that contribute to its motor innervation.,2,"[""Diaphragm; C3, C4, C5"", ""Diaphragm; C3-C5"", ""The diaphragm; C3, 4, 5""]","[Subtopic: Anatomical features of the respiratory system / thorax] The diaphragm is the principal muscle of inspiration. It is innervated by the phrenic nerve, which is formed by the ventral rami of cervical spinal nerves C3, C4, and C5 (""C3, 4, 5 keep the diaphragm alive"").",2026-05-16T10:42:24.935920
SAQ_C275DA8A_Q2,C. Respiratory system,Physiological features of the respiratory system,A 28-year-old healthy male is participating in a clinical study monitoring the mechanics of quiet breathing at rest.,"As the subject inhales, the expansion of the thoracic cavity increases the volume of the lungs, leading to a decrease in intrapulmonary pressure.",Name the physical law that states that the pressure of a gas is inversely proportional to its volume at a constant temperature.,1,"[""Boyle's Law"", ""Boyles Law""]","[Subtopic: Physiological features of the respiratory system] Boyle's Law (P1V1 = P2V2) explains the mechanism of ventilation: as the thoracic volume increases via muscular contraction, the pressure within the alveoli falls below atmospheric pressure, drawing air into the lungs.",2026-05-16T10:42:24.935929
SAQ_C275DA8A_Q3,C. Respiratory system,Histology of the respiratory system,A 28-year-old healthy male is participating in a clinical study monitoring the mechanics of quiet breathing at rest.,"At the level of the alveoli, specific cells are required to maintain lung patency and facilitate the movement of gases.","Within the alveolar epithelium, name the cell type that provides the majority of the surface area for gas exchange and the cell type that produces pulmonary surfactant.",2,"[""Type I pneumocyte and Type II pneumocyte"", ""Type 1 pneumocyte and Type 2 pneumocyte"", ""Type I alveolar cell and Type II alveolar cell"", ""Type 1 alveolar cell and Type 2 alveolar cell""]","[Subtopic: Histology of the respiratory system] Type I pneumocytes are extremely thin squamous cells that cover about 95% of the alveolar surface area for gas exchange. Type II pneumocytes are cuboidal cells that produce, store, and secrete pulmonary surfactant.",2026-05-16T10:42:24.935931
SAQ_C275DA8A_Q4,C. Respiratory system,Physiological features of the respiratory system,A 28-year-old healthy male is participating in a clinical study monitoring the mechanics of quiet breathing at rest.,The efficiency of gas exchange at the blood-gas barrier is governed by the principles of diffusion.,"According to Fick's Law of Diffusion, identify two factors (related to the membrane or the gas) that are directly proportional to the rate of gas transfer.",2,"[""Surface area; Partial pressure gradient"", ""Surface area; Solubility"", ""Solubility; Partial pressure gradient"", ""Area; Concentration gradient""]","[Subtopic: Physiological features of the respiratory system] Fick’s Law states that the rate of diffusion (V gas) is proportional to the Surface Area (A), the Diffusion constant/Solubility (D), and the Partial Pressure Gradient (P1-P2), while being inversely proportional to the thickness of the membrane (T).",2026-05-16T10:42:24.935932
SAQ_C275DA8A_Q5,C. Respiratory system,Physiological features of the respiratory system,A 28-year-old healthy male is participating in a clinical study monitoring the mechanics of quiet breathing at rest.,"The participant begins to exercise, leading to changes in arterial blood gas levels that stimulate increased ventilation.","Name the two anatomical locations of the peripheral chemoreceptors and identify the specific arterial blood gas change that they are uniquely sensitive to, which does not directly stimulate central chemoreceptors.",3,"[""Carotid bodies; Aortic bodies; Hypoxia"", ""Carotid bodies; Aortic bodies; Low partial pressure of oxygen"", ""Carotid bodies; Aortic bodies; Low PaO2""]","[Subtopic: Physiological features of the respiratory system] Peripheral chemoreceptors are located in the carotid bodies (at the bifurcation of the common carotid arteries) and the aortic bodies (in the aortic arch). Unlike central chemoreceptors, which respond to pH changes in the CSF, peripheral chemoreceptors are the only ones sensitive to arterial hypoxia (low PaO2).",2026-05-16T10:42:24.935934
SAQ_55A88135_Q1,D. Gastrointestinal tract and liver (GI-L),Physiological features of the gut,"A 22-year-old university student presents to the GP complaining of difficulty swallowing, particularly dry foods. They also report feeling like their mouth is often dry.",,Name two of the three major salivary glands responsible for producing the bulk of saliva to lubricate food and initiate digestion.,2,"[""Parotid gland"", ""Submandibular gland"", ""Sublingual gland""]","[Subtopic: Physiological features of the gut] The three major salivary glands are the parotid, submandibular, and sublingual glands. They produce saliva essential for lubrication, taste, and initial enzymatic digestion of food.",2026-05-16T10:42:43.629203
SAQ_55A88135_Q2,D. Gastrointestinal tract and liver (GI-L),Physiological features of the gut,"A 22-year-old university student presents to the GP complaining of difficulty swallowing, particularly dry foods. They also report feeling like their mouth is often dry.","During the initial phase of swallowing, food is voluntarily moved towards the pharynx.","Which specific cranial nerve is primarily responsible for the motor innervation of the tongue, crucial for the voluntary phase of swallowing?",2,"[""Hypoglossal nerve"", ""Cranial nerve XII"", ""CN XII""]","[Subtopic: Physiological features of the gut] The hypoglossal nerve (cranial nerve XII) provides motor innervation to most of the intrinsic and extrinsic muscles of the tongue, allowing for its precise movements during speech and swallowing.",2026-05-16T10:42:43.629216
SAQ_55A88135_Q3,D. Gastrointestinal tract and liver (GI-L),Histology of the gastrointestinal tract and liver,"A 22-year-old university student presents to the GP complaining of difficulty swallowing, particularly dry foods. They also report feeling like their mouth is often dry.","After the oral phase, the food bolus passes into the pharynx and then the oesophagus.","Identify the type of epithelium that lines the lumen of the oesophagus, adapted for protection against abrasive food particles.",2,"[""Non-keratinised stratified squamous epithelium"", ""Stratified squamous non-keratinised epithelium"", ""Stratified squamous epithelium""]","[Subtopic: Histology of the gastrointestinal tract and liver] The oesophagus is lined by non-keratinised stratified squamous epithelium, which is robust and provides protection against the mechanical stress of food passage.",2026-05-16T10:42:43.629218
SAQ_55A88135_Q4,D. Gastrointestinal tract and liver (GI-L),"Anatomical features of the gastrointestinal tract and liver, and abdomen","A 22-year-old university student presents to the GP complaining of difficulty swallowing, particularly dry foods. They also report feeling like their mouth is often dry.","Once past the oesophagus, food enters the stomach. The normal opening of the oesophagus into the stomach is controlled by a sphincter.",Name the anatomical region of the stomach where the oesophagus normally enters.,2,"[""Cardia"", ""Cardiac region""]","[Subtopic: Anatomical features of the gastrointestinal tract and liver, and abdomen] The oesophagus enters the stomach at the cardia, which contains the lower oesophageal sphincter to prevent reflux of gastric contents.",2026-05-16T10:42:43.629221
SAQ_55A88135_Q5,D. Gastrointestinal tract and liver (GI-L),Physiological features of the gut,"A 22-year-old university student presents to the GP complaining of difficulty swallowing, particularly dry foods. They also report feeling like their mouth is often dry.","Within the stomach, gastric glands secrete various substances crucial for digestion.","Name the cell type found in the gastric glands responsible for secreting intrinsic factor, which is vital for vitamin B12 absorption.",2,"[""Parietal cells"", ""Oxyntic cells""]",[Subtopic: Physiological features of the gut] Parietal (or oxyntic) cells in the gastric glands secrete both hydrochloric acid and intrinsic factor. Intrinsic factor is a glycoprotein essential for the absorption of vitamin B12 in the ileum.,2026-05-16T10:42:43.629613
SAQ_A656D96E_Q1,E. Neuroscience,Neuroanatomy,A 28-year-old male is admitted to the emergency department after a fall where he hit his head. Clinical assessment suggests a potential intracranial injury.,,"In the normal brain, name the tough, fibrous outermost cranial meningeal layer that directly adheres to the inner surface of the skull.",1,"[""Dura mater""]","[Subtopic: Neuroanatomy] The dura mater is the most superficial and toughest of the three cranial meningeal layers, providing robust protection and directly adhering to the skull.",2026-05-16T10:43:01.615708
SAQ_A656D96E_Q2,E. Neuroscience,Neuroanatomy,A 28-year-old male is admitted to the emergency department after a fall where he hit his head. Clinical assessment suggests a potential intracranial injury.,Cerebrospinal fluid (CSF) is vital for protecting the brain and spinal cord.,Name the specific structures within the ventricular system responsible for producing cerebrospinal fluid.,2,"[""Choroid plexus"", ""Choroid plexuses""]","[Subtopic: Neuroanatomy] The choroid plexuses, located within the ventricles, are responsible for the production of CSF through filtration and active transport.",2026-05-16T10:43:01.615716
SAQ_A656D96E_Q3,E. Neuroscience,Neuroanatomy,A 28-year-old male is admitted to the emergency department after a fall where he hit his head. Clinical assessment suggests a potential intracranial injury.,"The brain receives its blood supply from major arteries, which then form an anastomotic ring at the base of the brain.","Identify the arterial anastomotic ring at the base of the brain that ensures collateral blood flow, critical in cases of partial occlusion of a major vessel.",2,"[""Circle of Willis"", ""Cerebral arterial circle""]","[Subtopic: Neuroanatomy] The Circle of Willis (or cerebral arterial circle) is a critical anastomotic network that provides collateral circulation to the brain, maintaining perfusion even if one of its contributing arteries is compromised.",2026-05-16T10:43:01.615718
SAQ_A656D96E_Q4,E. Neuroscience,Neurophysiology,A 28-year-old male is admitted to the emergency department after a fall where he hit his head. Clinical assessment suggests a potential intracranial injury.,"Despite the injury, the patient is able to comprehend spoken language and articulate responses.",State the specific lobe of the cerebrum primarily responsible for processing auditory information and comprehending language.,2,"[""Temporal lobe"", ""Temporal""]","[Subtopic: Neurophysiology] The temporal lobe contains the primary auditory cortex and Wernicke's area, which are crucial for processing auditory information and language comprehension, respectively.",2026-05-16T10:43:01.615719
SAQ_A656D96E_Q5,E. Neuroscience,Neurohistology,A 28-year-old male is admitted to the emergency department after a fall where he hit his head. Clinical assessment suggests a potential intracranial injury.,"Within the brain tissue, various types of glial cells provide support and protection.",Name the neuroglial cells in the central nervous system that are responsible for maintaining the blood-brain barrier and regulating the chemical environment.,3,"[""Astrocytes"", ""Astrocyte""]","[Subtopic: Neurohistology] Astrocytes are star-shaped glial cells that play a crucial role in maintaining the blood-brain barrier, regulating the extracellular ion and neurotransmitter concentrations, and supporting neuronal metabolism.",2026-05-16T10:43:01.615720
SAQ_750ECFB3_Q1,"F. Skin, UroGenital, Endocrine and Reproduction (SUGER)",Anatomical features of the urogenital and pelvic organs,"A 28-year-old woman visits her GP for a routine check-up. She mentions she is planning to start a family soon and wants to understand more about her reproductive health, including the basic anatomy involved.",,Name two distinct ligaments that play a primary role in suspending the ovary within the female pelvis.,2,"[""Ovarian ligament"", ""Suspensory ligament of the ovary"", ""Infundibulopelvic ligament""]","[Subtopic: Anatomical features of the urogenital and pelvic organs] The ovarian ligament connects the ovary to the uterus, and the suspensory ligament of the ovary (also known as the infundibulopelvic ligament) connects the ovary to the lateral pelvic wall and carries ovarian vessels and nerves.",2026-05-16T10:43:25.434291
SAQ_750ECFB3_Q2,"F. Skin, UroGenital, Endocrine and Reproduction (SUGER)",Physiological features of the endocrine system,"A 28-year-old woman visits her GP for a routine check-up. She mentions she is planning to start a family soon and wants to understand more about her reproductive health, including the basic anatomy involved.",She asks about the hormones that regulate her menstrual cycle.,"Which hormone, secreted by the anterior pituitary gland, is primarily responsible for stimulating the growth and development of ovarian follicles in the early phase of the menstrual cycle?",1,"[""Follicle-stimulating hormone"", ""FSH""]",[Subtopic: Physiological features of the endocrine system] Follicle-stimulating hormone (FSH) from the anterior pituitary gland is crucial for initiating and supporting the growth of ovarian follicles during the follicular phase of the menstrual cycle.,2026-05-16T10:43:25.434301
SAQ_750ECFB3_Q3,"F. Skin, UroGenital, Endocrine and Reproduction (SUGER)",Physiological features of the reproductive system,"A 28-year-old woman visits her GP for a routine check-up. She mentions she is planning to start a family soon and wants to understand more about her reproductive health, including the basic anatomy involved.",Her GP explains the cyclical changes in the ovary.,"Following a surge in Luteinising Hormone (LH), what specific event typically occurs in the ovary approximately 24-36 hours later?",2,"[""Ovulation"", ""Release of ovum"", ""Release of oocyte""]","[Subtopic: Physiological features of the reproductive system] The LH surge triggers the final maturation of the oocyte and the rupture of the mature follicle, leading to the release of the ovum, a process known as ovulation.",2026-05-16T10:43:25.434302
SAQ_750ECFB3_Q4,"F. Skin, UroGenital, Endocrine and Reproduction (SUGER)",Histology of SUGER,"A 28-year-old woman visits her GP for a routine check-up. She mentions she is planning to start a family soon and wants to understand more about her reproductive health, including the basic anatomy involved.",The GP describes how the lining of the uterus changes throughout the menstrual cycle.,"During the proliferative phase of the menstrual cycle, which specific layer of the uterine wall undergoes rapid regeneration and thickening in preparation for potential implantation?",2,"[""Endometrium"", ""Stratum functionale"", ""Functional layer of the endometrium""]","[Subtopic: Histology of SUGER] The endometrium, particularly its functional layer (stratum functionale), regenerates and thickens under the influence of oestrogen during the proliferative phase, preparing the uterus for potential embryo implantation.",2026-05-16T10:43:25.434304
SAQ_750ECFB3_Q5,"F. Skin, UroGenital, Endocrine and Reproduction (SUGER)",Embryonic development of the urogenital and reproductive organs,"A 28-year-old woman visits her GP for a routine check-up. She mentions she is planning to start a family soon and wants to understand more about her reproductive health, including the basic anatomy involved.",She asks what happens immediately after fertilisation.,"After successful fertilisation, the zygote undergoes a series of rapid mitotic cell divisions that increase the number of cells but not the overall size of the embryo. What is the specific term for this process?",1,"[""Cleavage""]","[Subtopic: Embryonic development of the urogenital and reproductive organs] Cleavage is the process of rapid mitotic divisions of the zygote, resulting in an increasing number of smaller cells called blastomeres without an increase in the overall size of the embryonic structure.",2026-05-16T10:43:25.434305
SAQ_750ECFB3_Q6,"F. Skin, UroGenital, Endocrine and Reproduction (SUGER)",Physiological features of the reproductive system,"A 28-year-old woman visits her GP for a routine check-up. She mentions she is planning to start a family soon and wants to understand more about her reproductive health, including the basic anatomy involved.",The GP briefly mentions the role of the placenta during pregnancy.,"Name one crucial steroid hormone produced by the placenta that is essential for maintaining pregnancy, particularly after the first trimester.",2,"[""Progesterone"", ""Oestrogen"", ""Oestriol""]","[Subtopic: Physiological features of the reproductive system] The placenta takes over the production of progesterone from the corpus luteum, typically by the end of the first trimester. Progesterone is vital for maintaining the uterine lining and suppressing uterine contractions, thereby preventing premature labour. Oestrogen is also produced by the placenta and contributes to uterine growth and mammary gland development.",2026-05-16T10:43:25.434307
SAQ_CFCC8B18_Q1,G. Musculoskeletal (MSK),Bone,A 20-year-old university student begins a new rigorous weightlifting programme at the gym to improve their overall strength and fitness.,,"To withstand the increased loading from weightlifting, their bones will adapt. Name the two main structural types of bone tissue found in the adult skeleton, describing one key characteristic of each.",2,"[""Cortical bone - dense/compact, forms outer layer, provides strength, resists bending/torsion"", ""Trabecular bone - porous/spongy/cancellous, forms inner layer, contains marrow, provides structural support, resists compression, lightens bone""]","[Subtopic: Bone] Cortical (compact) bone forms the dense outer layer, providing rigidity and resistance to bending and torsional forces. Trabecular (spongy/cancellous) bone is found internally, is more porous, contains bone marrow, and is adept at resisting compressive forces while lightening the bone.",2026-05-16T10:43:47.181463
SAQ_CFCC8B18_Q2,G. Musculoskeletal (MSK),Muscle,A 20-year-old university student begins a new rigorous weightlifting programme at the gym to improve their overall strength and fitness.,"During their lifting sessions, the student focuses on controlled movements, recruiting specific muscles like the biceps brachii.","Outline the three main steps in the excitation-contraction coupling process in a skeletal muscle cell that lead to muscle contraction, starting from the arrival of the action potential at the sarcolemma.",3,"[""Action potential propagates along the sarcolemma and down the T-tubules."", ""Depolarisation of the T-tubules triggers the release of Ca2+ from the sarcoplasmic reticulum."", ""Ca2+ binds to troponin, causing tropomyosin to move and expose actin binding sites for myosin heads.""]","[Subtopic: Muscle] Excitation-contraction coupling involves an action potential propagating along the sarcolemma and into the T-tubules. This depolarisation triggers the release of calcium ions (Ca2+) from the sarcoplasmic reticulum. These calcium ions then bind to troponin, which causes tropomyosin to shift, exposing the myosin-binding sites on actin filaments, allowing for cross-bridge formation and muscle contraction.",2026-05-16T10:43:47.181472
SAQ_CFCC8B18_Q3,G. Musculoskeletal (MSK),Joints,A 20-year-old university student begins a new rigorous weightlifting programme at the gym to improve their overall strength and fitness.,"The student notices significant improvements in their biceps brachii strength, allowing them to lift heavier weights in exercises involving the elbow joint.",Classify the elbow joint based on its structural type.,1,"[""Synovial joint"", ""Hinge joint""]","[Subtopic: Joints] The elbow joint is classified as a synovial joint, specifically a hinge joint, allowing for movements primarily in one plane (flexion and extension).",2026-05-16T10:43:47.181474
SAQ_CFCC8B18_Q4,G. Musculoskeletal (MSK),Biochemistry/homeostasis,A 20-year-old university student begins a new rigorous weightlifting programme at the gym to improve their overall strength and fitness.,Maintaining bone health is crucial for a weightlifter. Adequate calcium levels are vital for bone mineralisation and overall physiological function.,Name two hormones involved in the regulation of normal blood calcium levels.,2,"[""Parathyroid hormone (PTH)"", ""Calcitonin"", ""Vitamin D (Calcitriol)""]","[Subtopic: Biochemistry/homeostasis] Parathyroid hormone (PTH) increases blood calcium levels, primarily by stimulating bone resorption and increasing renal calcium reabsorption. Calcitonin lowers blood calcium levels, mainly by inhibiting osteoclast activity. Vitamin D (calcitriol) promotes calcium absorption from the gut and has effects on bone and kidneys.",2026-05-16T10:43:47.181475
SAQ_CFCC8B18_Q5,G. Musculoskeletal (MSK),Bone,A 20-year-old university student begins a new rigorous weightlifting programme at the gym to improve their overall strength and fitness.,"The increased mechanical stress from weightlifting stimulates bone remodelling, which is a continuous process throughout adulthood.",Name two principal cell types responsible for bone remodelling and state their primary function.,2,"[""Osteoblasts - bone formation/synthesis of bone matrix/mineralisation"", ""Osteoclasts - bone resorption/breakdown of bone matrix""]","[Subtopic: Bone] Osteoblasts are responsible for bone formation; they synthesise the organic components of the bone matrix and facilitate its mineralisation. Osteoclasts are responsible for bone resorption, breaking down the existing bone matrix, which is essential for bone remodelling and repair.",2026-05-16T10:43:47.181477
SAQ_09A7DA20_Q1,H. Prescribing,Use of FP10 prescriptions in Primary Care (linked to 'Generalism and holistic patient care' - EYGP session 1),"A 72-year-old woman, Mrs. Jenkins, visits her GP for a medication review. She has several new prescriptions and some repeat medications.",Mrs. Jenkins is given a new prescription for a long-term condition.,State two essential pieces of information about the *prescriber* that must be included on an FP10 prescription for it to be legally valid.,2,"[""Prescriber's name"", ""Prescriber's signature"", ""Prescriber's address"", ""Prescriber's professional registration number"", ""GMC number""]","[Subtopic: Use of FP10 prescriptions in Primary Care (linked to 'Generalism and holistic patient care' - EYGP session 1)] A legally valid FP10 prescription form requires the prescriber's name, signature, address, and their professional registration number (e.g., GMC number for doctors) to be included.",2026-05-16T10:44:11.608363
SAQ_09A7DA20_Q2,H. Prescribing,Communication and patient counselling (linked to 'Skin / Fitness to practice' - EYGP session 8),"A 72-year-old woman, Mrs. Jenkins, visits her GP for a medication review. She has several new prescriptions and some repeat medications.",The GP wants to ensure Mrs. Jenkins understands her new medication to maximise its benefit and minimise risks.,Name two key pieces of information a patient should be made aware of when starting a new medicine to promote safe and effective use.,2,"[""How to take it"", ""Dose"", ""When to take it"", ""Why they are taking it"", ""Expected benefits"", ""Potential side effects"", ""How to store it"", ""Duration of treatment"", ""What to do if they miss a dose""]","[Subtopic: Communication and patient counselling (linked to 'Skin / Fitness to practice' - EYGP session 8)] Effective patient counselling should cover essential information such as the drug's purpose, correct dosage and administration, potential side effects, storage instructions, and what action to take if a dose is missed.",2026-05-16T10:44:11.608370
SAQ_09A7DA20_Q3,H. Prescribing,Routes of drug administration and medicine formulations (linked to 'Ischaemic heart disease / Health inequalities' - EYGP session 3),"A 72-year-old woman, Mrs. Jenkins, visits her GP for a medication review. She has several new prescriptions and some repeat medications.","One of Mrs. Jenkins' new medications is an inhaler for her respiratory symptoms, and another is an oral tablet for pain.",Identify two different routes of drug administration used for these medicines and state whether each is generally considered a local or systemic route.,2,"[""Inhalation - local"", ""Oral - systemic"", ""Tablet - systemic""]","[Subtopic: Routes of drug administration and medicine formulations (linked to 'Ischaemic heart disease / Health inequalities' - EYGP session 3)] Inhalation typically delivers medication directly to the lungs for a local effect, while oral administration involves absorption into the bloodstream for a systemic effect throughout the body.",2026-05-16T10:44:11.608372
SAQ_09A7DA20_Q4,H. Prescribing,Adherence and non-adherence (linked to 'Chronic kidney disease (CKD) / Accessing healthcare for non-English speaking populations' - EYGP session 9),"A 72-year-old woman, Mrs. Jenkins, visits her GP for a medication review. She has several new prescriptions and some repeat medications.","During the medication review, Mrs. Jenkins mentions she sometimes forgets to take her evening dose of medication.",Briefly explain two common reasons for poor medicines adherence in older adults.,2,"[""Forgetting due to memory issues"", ""Complexity of regimen / polypharmacy"", ""Lack of understanding of benefits/necessity"", ""Concerns about side effects"", ""Cost of medication"", ""Physical difficulty opening packaging/administering"", ""Belief that medication is not working""]","[Subtopic: Adherence and non-adherence (linked to 'Chronic kidney disease (CKD) / Accessing healthcare for non-English speaking populations' - EYGP session 9)] Common reasons for non-adherence in older adults include memory issues leading to forgotten doses, complex medication regimens (polypharmacy), a lack of understanding regarding the drug's purpose, or concerns about potential side effects.",2026-05-16T10:44:11.608374
SAQ_09A7DA20_Q5,H. Prescribing,Sustainable prescribing (linked to 'Asthma / Sustainable healthcare' - EYGP session 4),"A 72-year-old woman, Mrs. Jenkins, visits her GP for a medication review. She has several new prescriptions and some repeat medications.",The GP is also mindful of environmental impact when making prescribing decisions.,State two ways in which the prescribing and use of medicines can negatively impact the environment.,2,"[""Disposal of unused/expired medicines into water systems/landfill"", ""Energy consumption and waste from manufacturing processes"", ""Packaging waste"", ""Greenhouse gas emissions from propellants in some inhalers"", ""Release of active pharmaceutical ingredients (APIs) into water systems""]","[Subtopic: Sustainable prescribing (linked to 'Asthma / Sustainable healthcare' - EYGP session 4)] The negative environmental impacts of medicines include the disposal of unused or expired drugs into water systems or landfills, energy consumption and waste associated with pharmaceutical manufacturing and packaging, and greenhouse gas emissions from propellants used in some inhalers.",2026-05-16T10:44:11.608375
SAQ_B4BCEEB5_Q1,I. Public health,Address social determinants of health,"A local Public Health team is reviewing health data for a diverse urban population, noting significant variations in health outcomes across different socioeconomic groups within the same city.",,Define what is meant by 'social determinants of health'.,2,"[""Non-medical factors"", ""Conditions in which people are born, grow, live, work, and age"", ""Circumstances shaped by the distribution of money, power, and resources"", ""Factors influencing health outcomes beyond healthcare""]","[Subtopic: Address social determinants of health] Social determinants of health are the non-medical factors that influence health outcomes. They are the conditions in which people are born, grow, live, work, and age, and the wider set of forces and systems shaping the conditions of daily life. These forces and systems include economic policies and systems, development agendas, social norms, social policies and political systems.",2026-05-16T10:44:31.769652
SAQ_B4BCEEB5_Q2,I. Public health,Address social determinants of health,"A local Public Health team is reviewing health data for a diverse urban population, noting significant variations in health outcomes across different socioeconomic groups within the same city.",These variations are often linked to a range of societal factors.,Name two broad categories of social determinants of health that could contribute to health disparities in this urban population.,2,"[""Socioeconomic status"", ""Education"", ""Neighbourhood and physical environment"", ""Food security"", ""Employment/Job security"", ""Social and community context"", ""Healthcare access and quality"", ""Income"", ""Housing""]","[Subtopic: Address social determinants of health] Broad categories of social determinants of health include socioeconomic status (income, education, occupation), neighborhood and built environment (housing, transportation, safety), health and healthcare access (quality of care), social and community context (social cohesion, discrimination), and education access and quality.",2026-05-16T10:44:31.769660
SAQ_B4BCEEB5_Q3,I. Public health,Three pillars of public health,"A local Public Health team is reviewing health data for a diverse urban population, noting significant variations in health outcomes across different socioeconomic groups within the same city.",The public health team plans to implement initiatives to educate the population about healthy lifestyles to reduce the observed health variations.,"In the context of the 'three pillars of public health', which specific pillar would primarily focus on these types of initiatives aimed at promoting healthy lifestyles and reducing health variations?",3,"[""Health improvement""]","[Subtopic: Three pillars of public health] The three pillars of public health are Health Protection, Health Improvement, and Health Services. Health Improvement specifically focuses on reducing health inequalities through wider social, economic, and environmental interventions, as well as promoting healthy lifestyles and addressing modifiable risk factors.",2026-05-16T10:44:31.769662
SAQ_B4BCEEB5_Q4,I. Public health,Take an interdisciplinary approach,"A local Public Health team is reviewing health data for a diverse urban population, noting significant variations in health outcomes across different socioeconomic groups within the same city.","To effectively address complex health disparities and implement health improvement initiatives, the public health team needs to collaborate with various professionals.",Name two non-medical professions that would typically collaborate with a public health team to address health disparities in an urban population.,2,"[""Sociologist"", ""Epidemiologist"", ""Statistician"", ""Psychologist"", ""Urban planner"", ""Social worker"", ""Economist"", ""Educator"", ""Local government official"", ""Environmental health officer"", ""Community worker"", ""Healthcare manager""]","[Subtopic: Take an interdisciplinary approach] Public health requires collaboration with a variety of professionals beyond direct medical care. Examples include sociologists (understanding social structures), epidemiologists (studying disease patterns), statisticians (data analysis), urban planners (designing healthy environments), social workers (community support), and educators (health literacy).",2026-05-16T10:44:31.769664
SAQ_B4BCEEB5_Q5,I. Public health,Behaviour and society,"A local Public Health team is reviewing health data for a diverse urban population, noting significant variations in health outcomes across different socioeconomic groups within the same city.",Public health interventions often aim to encourage individuals to adopt healthier behaviours.,Name one theoretical model that can be used to understand and promote individual behaviour change in public health.,1,"[""Health Belief Model"", ""Transtheoretical Model (Stages of Change)"", ""Social Cognitive Theory"", ""Theory of Planned Behaviour"", ""COM-B model"", ""Reasoned Action Theory""]","[Subtopic: Behaviour and society] Several theoretical models exist to understand and promote individual behaviour change. Examples include the Health Belief Model, the Transtheoretical Model (Stages of Change), Social Cognitive Theory, and the Theory of Planned Behaviour. These models help identify factors influencing health behaviours and guide intervention design.",2026-05-16T10:44:31.769666
SAQ_72A2256A_Q1,J. Critical numbers,Quantitative study design,A GP is evaluating a research paper investigating the effectiveness of a new lifestyle intervention aimed at reducing blood pressure in adults.,,"What type of study design, considered to provide the highest level of evidence for evaluating the effectiveness of a therapeutic intervention, would the GP ideally look for in this context?",2,"[""Randomised controlled trial"", ""RCT""]",[Subtopic: Quantitative study design] Randomised controlled trials (RCTs) are considered the gold standard for assessing the effectiveness of interventions due to their ability to minimise bias through random allocation and control groups.,2026-05-16T10:44:59.111704
SAQ_72A2256A_Q2,J. Critical numbers,Summary statistics,A GP is evaluating a research paper investigating the effectiveness of a new lifestyle intervention aimed at reducing blood pressure in adults.,The paper reports that the average systolic blood pressure in the intervention group decreased by 5 mmHg. The researchers calculated this average using a specific statistical measure.,"Name the most common measure of central tendency used to report the 'average' for normally distributed numerical data, such as blood pressure.",2,"[""Mean"", ""Arithmetic mean""]",[Subtopic: Summary statistics] The mean is the sum of all values divided by the number of values. It is the most common measure of central tendency for numerical data that are approximately normally distributed.,2026-05-16T10:44:59.111712
SAQ_72A2256A_Q3,J. Critical numbers,Inferential statistics,A GP is evaluating a research paper investigating the effectiveness of a new lifestyle intervention aimed at reducing blood pressure in adults.,The study authors state that the p-value for the difference in blood pressure reduction between the intervention and control groups was 0.03.,Briefly explain what a p-value of 0.03 indicates in the context of hypothesis testing.,2,"[""The probability of observing a difference as extreme as, or more extreme than, the one observed, assuming the null hypothesis is true."", ""The probability of getting the observed results by chance if there is no real effect.""]","[Subtopic: Inferential statistics] A p-value represents the probability of obtaining observed results (or more extreme results) if the null hypothesis were true (i.e., if there was no real effect or difference between groups). A p-value of 0.03 suggests that if there were no actual difference in blood pressure reduction, there would be a 3% chance of seeing the results obtained in the study.",2026-05-16T10:44:59.111714
SAQ_72A2256A_Q4,J. Critical numbers,Critical appraisal,A GP is evaluating a research paper investigating the effectiveness of a new lifestyle intervention aimed at reducing blood pressure in adults.,"During her critical appraisal, the GP notes that the participants in the intervention group were all volunteers who had actively sought to improve their health, while the control group consisted of randomly selected patients from the practice list.","Identify the type of systematic error that this difference in participant selection might introduce, potentially distorting the study's results.",2,"[""Selection bias"", ""Bias""]","[Subtopic: Critical appraisal] Selection bias occurs when there are systematic differences between the characteristics of participants in different study groups, leading to a distortion of the measure of association or effect. In this case, motivated volunteers might show better outcomes regardless of the intervention.",2026-05-16T10:44:59.111715
SAQ_72A2256A_Q5,J. Critical numbers,Summary statistics,A GP is evaluating a research paper investigating the effectiveness of a new lifestyle intervention aimed at reducing blood pressure in adults.,"The study collects various baseline demographic data from participants, including their gender (male/female) and age in years.","For statistical analysis, what types of data are 'gender' and 'age' categorized as, respectively?",2,"[""Gender: Categorical/Nominal; Age: Numerical/Ratio/Continuous"", ""Gender: Categorical; Age: Numerical"", ""Gender: Nominal; Age: Ratio"", ""Gender: Qualitative; Age: Quantitative""]","[Subtopic: Summary statistics] 'Gender' is a categorical variable, specifically nominal, as it consists of categories with no inherent order. 'Age in years' is a numerical variable, specifically a ratio or continuous variable, as it can take on any value within a given range and has a true zero point.",2026-05-16T10:44:59.111717
SAQ_A2685C99_Q1,K. Early Years General Practice (EYGP),Session 2 'Pregnancy' (during IMMS block),"A 28-year-old woman attends her initial antenatal booking appointment at 8 weeks gestation with her GP practice midwife. This is her first pregnancy, and she is keen to understand what to expect.",,"During a routine initial antenatal booking appointment in the UK, what two specific blood tests are *routinely* offered to all pregnant women to assess their general health and screen for common conditions?",2,"[""Full Blood Count (FBC)"", ""Blood Group and Rhesus D status"", ""Syphilis screen"", ""Hepatitis B screen"", ""HIV screen"", ""Rubella immunity"", ""Sickle cell and Thalassemia screening""]","[Subtopic: Session 2 'Pregnancy' (during IMMS block)] Routine antenatal blood tests include a Full Blood Count (FBC) to check for anaemia and a Blood Group and Rhesus D status to identify potential rhesus incompatibility. Other routine screens include syphilis, hepatitis B, HIV, and rubella immunity.",2026-05-16T10:45:23.576782
SAQ_A2685C99_Q2,K. Early Years General Practice (EYGP),Session 2 'Pregnancy' (during IMMS block),"A 28-year-old woman attends her initial antenatal booking appointment at 8 weeks gestation with her GP practice midwife. This is her first pregnancy, and she is keen to understand what to expect.",The midwife discusses healthy eating and lifestyle during pregnancy.,Name two specific types of food or drink that are generally advised to be *avoided* or significantly limited during pregnancy in the UK.,2,"[""Alcohol"", ""Raw/undercooked meat"", ""Raw eggs"", ""Unpasteurised dairy products"", ""Soft mould-ripened cheeses (e.g. Brie, Camembert)"", ""P\u00e2t\u00e9/liver products"", ""High mercury fish (e.g., shark, swordfish)"", ""Excessive caffeine""]","[Subtopic: Session 2 'Pregnancy' (during IMMS block)] Pregnant women are advised to avoid alcohol completely, and to limit or avoid certain foods such as raw or undercooked meat and eggs, unpasteurised dairy products, soft mould-ripened cheeses, and high-mercury fish. Caffeine intake should also be limited.",2026-05-16T10:45:23.576790
SAQ_A2685C99_Q3,K. Early Years General Practice (EYGP),Session 2 'Pregnancy' (during IMMS block),"A 28-year-old woman attends her initial antenatal booking appointment at 8 weeks gestation with her GP practice midwife. This is her first pregnancy, and she is keen to understand what to expect.",The midwife explains that some pregnancies are considered 'higher risk' and would involve more frequent monitoring.,List three factors related to the patient's *past medical history* or *family history* that would classify a pregnancy as 'higher risk'.,3,"[""Pre-existing diabetes (Type 1 or 2)"", ""Chronic hypertension"", ""Cardiac disease"", ""Renal disease"", ""Obesity (high BMI)"", ""Previous Caesarean section"", ""Previous pre-eclampsia/eclampsia"", ""Previous stillbirth/recurrent miscarriage"", ""Family history of certain genetic conditions (e.g. Duchenne muscular dystrophy)"", ""Maternal age (e.g., very young or over 40)""]","[Subtopic: Session 2 'Pregnancy' (during IMMS block)] Factors making a pregnancy higher risk can include pre-existing medical conditions such as diabetes or chronic hypertension, a history of previous pregnancy complications like pre-eclampsia or premature birth, and certain family histories of genetic conditions. Maternal age over 40 or high BMI are also relevant factors.",2026-05-16T10:45:23.576792
SAQ_A2685C99_Q4,K. Early Years General Practice (EYGP),Session 1 'Generalism and holistic patient care' (during IMMS block),"A 28-year-old woman attends her initial antenatal booking appointment at 8 weeks gestation with her GP practice midwife. This is her first pregnancy, and she is keen to understand what to expect.",The midwife ensures the consultation is 'person-centred'.,"In the context of a general practice consultation, explain in one sentence what 'person-centred care' means for this patient.",1,"[""Care that focuses on the individual's needs, preferences, and values rather than solely on their condition."", ""Involves the patient in decision-making about their own care."", ""Holistic care considering the whole person's life and circumstances.""]","[Subtopic: Session 1 'Generalism and holistic patient care' (during IMMS block)] Person-centred care focuses on treating the individual as a unique person, understanding their preferences, values, and circumstances, and involving them in decisions about their own care rather than solely focusing on their condition.",2026-05-16T10:45:23.576793
SAQ_A2685C99_Q5,K. Early Years General Practice (EYGP),Session 2 'Pregnancy' (during IMMS block),"A 28-year-old woman attends her initial antenatal booking appointment at 8 weeks gestation with her GP practice midwife. This is her first pregnancy, and she is keen to understand what to expect.",The midwife also discusses additional tests that can be offered later in the pregnancy to screen for common foetal genetic abnormalities.,"Beyond routine blood tests, name two *additional* non-invasive screening tests offered in the UK during pregnancy to assess for common foetal genetic abnormalities.",2,"[""Combined test (Nuchal translucency scan + blood test)"", ""Quadruple test (blood test)"", ""Non-Invasive Prenatal Testing (NIPT)""]",[Subtopic: Session 2 'Pregnancy' (during IMMS block) -> Additional tests offered to screen for and diagnose foetal genetic abnormalities.] Non-invasive screening tests for foetal genetic abnormalities commonly offered in the UK include the Combined test (which integrates a nuchal translucency ultrasound scan with maternal blood tests) and Non-Invasive Prenatal Testing (NIPT).,2026-05-16T10:45:23.576795
SAQ_34A568FB_Q1,A. Introduction to Medicine and Medical Science (IMMS),Genetics,"A young couple, Sarah and Mark, are planning to start a family. They are discussing the basic biological processes involved in reproduction and inheritance, as Sarah has a family history of a specific genetic condition.",,"If a condition is inherited in an autosomal recessive manner, and both Sarah and Mark are carriers, what is the percentage chance that their child will be affected by the condition?",2,"[""25%"", ""1 in 4""]","[Subtopic: Genetics] For an autosomal recessive condition, if both parents are carriers (heterozygous), there is a 25% chance with each pregnancy that their child will inherit two copies of the altered gene and be affected by the condition.",2026-05-16T10:45:45.227436
SAQ_34A568FB_Q2,A. Introduction to Medicine and Medical Science (IMMS),Cell biology,"A young couple, Sarah and Mark, are planning to start a family. They are discussing the basic biological processes involved in reproduction and inheritance, as Sarah has a family history of a specific genetic condition.","Before any cell division, the cell must first replicate its genetic material.",Name the type of chemical bond that links nucleotides together within a single strand of DNA.,2,"[""Phosphodiester bond""]","[Subtopic: Cell biology] Nucleotides within a single DNA strand are linked by phosphodiester bonds, forming the sugar-phosphate backbone.",2026-05-16T10:45:45.227444
SAQ_34A568FB_Q3,A. Introduction to Medicine and Medical Science (IMMS),Embryo development from fertilisation to week 9,"A young couple, Sarah and Mark, are planning to start a family. They are discussing the basic biological processes involved in reproduction and inheritance, as Sarah has a family history of a specific genetic condition.","Following fertilisation, the resulting zygote undergoes a series of divisions and differentiations.","After fertilization, the zygote undergoes cleavage to form a morula, which then develops into a blastocyst. Name the outer layer of cells of the blastocyst that will contribute to the placenta.",2,"[""Trophoblast""]","[Subtopic: Embryo development from fertilisation to week 9] The trophoblast is the outer cell layer of the blastocyst, which is crucial for implantation and will eventually form the embryonic part of the placenta.",2026-05-16T10:45:45.227446
SAQ_34A568FB_Q4,A. Introduction to Medicine and Medical Science (IMMS),Energy metabolism / Biochemistry,"A young couple, Sarah and Mark, are planning to start a family. They are discussing the basic biological processes involved in reproduction and inheritance, as Sarah has a family history of a specific genetic condition.","All cellular activities, from DNA replication to cell division, require energy.","Which specific molecule is considered the primary direct energy currency of the cell, providing energy for most cellular processes?",1,"[""ATP"", ""Adenosine triphosphate""]",[Subtopic: Energy metabolism / Biochemistry] Adenosine triphosphate (ATP) is the main energy currency used by cells to power various metabolic activities.,2026-05-16T10:45:45.227448
SAQ_34A568FB_Q5,A. Introduction to Medicine and Medical Science (IMMS),Cell histology and their ultrastructural components,"A young couple, Sarah and Mark, are planning to start a family. They are discussing the basic biological processes involved in reproduction and inheritance, as Sarah has a family history of a specific genetic condition.","Genetic information is expressed through protein synthesis, a fundamental process in all cells.","In the process of protein synthesis, identify the specific organelle responsible for translating mRNA into a polypeptide chain.",2,"[""Ribosome"", ""Ribosomes""]",[Subtopic: Cell histology and their ultrastructural components] Ribosomes are macromolecular machines responsible for protein synthesis (translation) by reading the mRNA sequence and assembling amino acids into a polypeptide chain.,2026-05-16T10:45:45.227449
SAQ_34A568FB_Q6,A. Introduction to Medicine and Medical Science (IMMS),Genetics,"A young couple, Sarah and Mark, are planning to start a family. They are discussing the basic biological processes involved in reproduction and inheritance, as Sarah has a family history of a specific genetic condition.",Understanding chromosome structure is essential for studying inheritance.,Name the constricted region on a chromosome that joins the two sister chromatids and serves as the attachment point for spindle fibres during cell division.,1,"[""Centromere""]",[Subtopic: Genetics] The centromere is a specialized region of DNA on a chromosome that links sister chromatids and plays a critical role in chromosome segregation during mitosis and meiosis.,2026-05-16T10:45:45.227450
SAQ_46759C47_Q1,B. Cardiovascular system,Physiological features of the cardiovascular system,"A 22-year-old healthy man attends a routine health check-up. As part of the examination, his heart sounds are auscultated and an ECG is recorded.",,Name the primary pacemaker of the heart where the electrical impulse for contraction normally originates.,2,"[""Sinoatrial node"", ""SA node""]","[Subtopic: Physiological features of the cardiovascular system] The sinoatrial (SA) node is a specialized cluster of myocardial cells located in the wall of the right atrium, which spontaneously generates electrical impulses, acting as the primary pacemaker of the heart.",2026-05-16T10:46:02.887538
SAQ_46759C47_Q2,B. Cardiovascular system,Physiological features of the cardiovascular system,"A 22-year-old healthy man attends a routine health check-up. As part of the examination, his heart sounds are auscultated and an ECG is recorded.","During the cardiac cycle, blood flows from the atria into the ventricles.","State the phase of the cardiac cycle, relative to ventricular contraction, during which the ventricles are predominantly filled with blood.",2,"[""Diastole"", ""Ventricular diastole""]","[Subtopic: Physiological features of the cardiovascular system] Ventricular filling occurs primarily during diastole, when the atrioventricular valves are open and blood flows passively from the atria into the relaxed ventricles.",2026-05-16T10:46:02.887546
SAQ_46759C47_Q3,B. Cardiovascular system,Histology of the cardiovascular system,"A 22-year-old healthy man attends a routine health check-up. As part of the examination, his heart sounds are auscultated and an ECG is recorded.",Cardiac muscle cells are highly specialized to allow for efficient and coordinated contraction.,"Name the specialized intercellular junctions that are a key histological feature of cardiac muscle, allowing rapid electrical impulse transmission between cells.",2,"[""Intercalated discs""]","[Subtopic: Histology of the cardiovascular system] Intercalated discs are complex junctions unique to cardiac muscle, containing gap junctions for electrical coupling and desmosomes for structural integrity, ensuring synchronized contraction.",2026-05-16T10:46:02.887548
SAQ_46759C47_Q4,B. Cardiovascular system,Principle features of haematology,"A 22-year-old healthy man attends a routine health check-up. As part of the examination, his heart sounds are auscultated and an ECG is recorded.",A full blood count is performed as part of the routine check-up.,Name one protein commonly found in plasma that plays a crucial role in maintaining oncotic pressure.,2,"[""Albumin"", ""Globulins"", ""Fibrinogen""]","[Subtopic: Principle features of haematology] Albumin is the most abundant plasma protein and is largely responsible for maintaining plasma oncotic pressure, preventing excessive fluid leakage from capillaries.",2026-05-16T10:46:02.887549
SAQ_46759C47_Q5,B. Cardiovascular system,Anatomical features of the cardiovascular system,"A 22-year-old healthy man attends a routine health check-up. As part of the examination, his heart sounds are auscultated and an ECG is recorded.",The GP wants to specifically auscultate the pulmonary valve.,State the approximate surface anatomy location (intercostal space and side of sternum) for auscultating the normal pulmonary valve.,2,"[""2nd intercostal space, left sternal edge"", ""2nd ICS, left sternal edge"", ""Second intercostal space, left sternal border"", ""2nd intercostal space, left parasternal""]","[Subtopic: Anatomical features of the cardiovascular system] The pulmonary valve is typically best auscultated in the 2nd intercostal space, just to the left of the sternum (left sternal edge).",2026-05-16T10:46:02.887551
SAQ_F5A55863_Q1,C. Respiratory system,Anatomical features of the respiratory system / thorax,"A 20-year-old student attends a routine check-up. They are generally fit and well, but express an interest in understanding the normal physiological processes that allow them to breathe efficiently during their daily activities, including sports.",,"During quiet inspiration, the diaphragm is the primary muscle involved. Name the single nerve that provides motor innervation to the diaphragm.",1,"[""Phrenic nerve""]","[Subtopic: Anatomical features of the respiratory system / thorax] The phrenic nerve, originating from spinal nerves C3, C4, and C5, provides the sole motor innervation to the diaphragm, which is essential for rhythmic respiration.",2026-05-16T10:46:27.191158
SAQ_F5A55863_Q2,C. Respiratory system,Anatomical features of the respiratory system / thorax,"A 20-year-old student attends a routine check-up. They are generally fit and well, but express an interest in understanding the normal physiological processes that allow them to breathe efficiently during their daily activities, including sports.",The student is curious about how air entering the respiratory tract is conditioned before reaching the lungs.,"Aside from filtering, identify two specific functions of the nasal turbinates (conchae) in conditioning inspired air.",2,"[""Warm the air"", ""Humidify the air"", ""Moisten the air""]","[Subtopic: Anatomical features of the respiratory system / thorax] The nasal turbinates increase the surface area within the nasal cavity, facilitating the warming and humidifying of inspired air. This helps protect the delicate respiratory epithelium of the lower airways.",2026-05-16T10:46:27.191166
SAQ_F5A55863_Q3,C. Respiratory system,Histology of the respiratory system,"A 20-year-old student attends a routine check-up. They are generally fit and well, but express an interest in understanding the normal physiological processes that allow them to breathe efficiently during their daily activities, including sports.",The student asks about the microscopic structure of the airways that helps keep them clean.,"Name the specialized epithelial cells found in the conducting airways that have cilia on their apical surface, and state their primary role in clearing mucus.",3,"[""Ciliated columnar epithelial cells"", ""Ciliated epithelial cells"", ""Pseudostratified ciliated columnar epithelial cells"", ""Move mucus towards the pharynx"", ""Mucociliary escalator action"", ""Propel mucus superiorly"", ""Sweep mucus towards the pharynx""]","[Subtopic: Histology of the respiratory system] Ciliated columnar epithelial cells (often pseudostratified) are characteristic of the conducting airways. Their primary role is to move the mucus layer (the mucociliary escalator) along with trapped particles and pathogens upwards towards the pharynx, where it can be swallowed or expelled.",2026-05-16T10:46:27.191168
SAQ_F5A55863_Q4,C. Respiratory system,Physiological features of the respiratory system,"A 20-year-old student attends a routine check-up. They are generally fit and well, but express an interest in understanding the normal physiological processes that allow them to breathe efficiently during their daily activities, including sports.","During exercise, the student notices their breathing rate increases significantly. This is largely controlled by changes detected in the blood.",Identify the primary chemical stimulus in the arterial blood that causes a healthy individual's respiratory rate to increase.,2,"[""Increased partial pressure of carbon dioxide"", ""Increased PCO2"", ""Increased CO2"", ""Decreased pH"", ""Increased H+""]","[Subtopic: Physiological features of the respiratory system] The primary chemical stimulus for increasing respiratory rate and depth in a healthy individual is an increase in the partial pressure of carbon dioxide (PCO2) in the arterial blood. This leads to a decrease in pH (increased H+ concentration), which is detected by central and peripheral chemoreceptors.",2026-05-16T10:46:27.191169
SAQ_F5A55863_Q5,C. Respiratory system,Physiological features of the respiratory system,"A 20-year-old student attends a routine check-up. They are generally fit and well, but express an interest in understanding the normal physiological processes that allow them to breathe efficiently during their daily activities, including sports.",The student also wonders how the diameter of their airways can change to optimize airflow.,Which branch of the autonomic nervous system is primarily responsible for causing bronchodilation?,2,"[""Sympathetic nervous system"", ""Sympathetic""]","[Subtopic: Physiological features of the respiratory system] The sympathetic nervous system is primarily responsible for bronchodilation. It acts mainly through stimulation of beta-2 adrenergic receptors on the smooth muscle cells of the airways, leading to their relaxation and an increase in airway diameter.",2026-05-16T10:46:27.191175
SAQ_F3D8019E_Q1,D. Gastrointestinal tract and liver (GI-L),Physiological features of the gut,"A 28-year-old male presents with occasional heartburn after meals. He describes a burning sensation in his chest, sometimes radiating to his throat.",Initial stages of digestion involve the coordinated process of swallowing.,"Name the specific type of muscle, in terms of its control, that is primarily responsible for the voluntary initiation of the swallowing reflex in the pharynx and upper oesophagus.",1,"[""Skeletal muscle"", ""Striated muscle""]","[Subtopic: Physiological features of the gut] The initiation of swallowing is a voluntary act, controlled by skeletal muscles in the pharynx and upper oesophagus, such as the pharyngeal constrictors and the superior portion of the oesophageal muscularis externa.",2026-05-16T10:46:49.441213
SAQ_F3D8019E_Q2,D. Gastrointestinal tract and liver (GI-L),Histology of the gastrointestinal tract and liver,"A 28-year-old male presents with occasional heartburn after meals. He describes a burning sensation in his chest, sometimes radiating to his throat.",The oesophagus is lined with a specific type of epithelium designed to protect it from the passage of food.,"What type of epithelium lines the lumen of the oesophagus, providing protection against abrasion from food boluses?",2,"[""Stratified squamous non-keratinised epithelium"", ""Stratified squamous epithelium""]","[Subtopic: Histology of the gastrointestinal tract and liver] The oesophagus is lined by stratified squamous non-keratinised epithelium, which is well-suited to withstand the mechanical abrasion from food as it passes to the stomach.",2026-05-16T10:46:49.441221
SAQ_F3D8019E_Q3,D. Gastrointestinal tract and liver (GI-L),Physiological features of the gut,"A 28-year-old male presents with occasional heartburn after meals. He describes a burning sensation in his chest, sometimes radiating to his throat.",The burning sensation described by the patient is often associated with the highly acidic environment of the stomach.,Name the specific cells found in the gastric glands that are primarily responsible for secreting hydrochloric acid (HCl) into the stomach lumen.,2,"[""Parietal cells"", ""Oxyntic cells""]","[Subtopic: Physiological features of the gut] Parietal cells (also known as oxyntic cells), located in the gastric glands, are specialized epithelial cells that secrete hydrochloric acid (HCl) and intrinsic factor.",2026-05-16T10:46:49.441238
SAQ_F3D8019E_Q4,D. Gastrointestinal tract and liver (GI-L),Physiological features of the gut,"A 28-year-old male presents with occasional heartburn after meals. He describes a burning sensation in his chest, sometimes radiating to his throat.","Despite the presence of strong acid, the stomach lining is normally protected by a robust mucosal barrier.","Besides mucus, name one other key component of the gastric mucosal barrier that protects the stomach lining from its own acidic environment.",2,"[""Bicarbonate"", ""Tight junctions"", ""Rapid epithelial cell turnover"", ""Prostaglandins""]","[Subtopic: Physiological features of the gut] Key components of the gastric mucosal barrier include a thick layer of mucus, bicarbonate trapped within the mucus, tight junctions between epithelial cells, rapid turnover of gastric epithelial cells, and a rich blood supply which removes acid that diffuses across the mucosa and delivers nutrients for repair.",2026-05-16T10:46:49.441240
SAQ_F3D8019E_Q5,D. Gastrointestinal tract and liver (GI-L),"Anatomical features of the gastrointestinal tract and liver, and abdomen","A 28-year-old male presents with occasional heartburn after meals. He describes a burning sensation in his chest, sometimes radiating to his throat.",Understanding the anatomical location of abdominal organs is crucial for clinical assessment.,In which of the nine abdominopelvic regions is the majority of the stomach typically located?,1,"[""Epigastric region"", ""Epigastrium""]","[Subtopic: Anatomical features of the gastrointestinal tract and liver, and abdomen] The stomach is primarily located in the epigastric region, extending into the left hypochondriac region.",2026-05-16T10:46:49.441241
SAQ_F3D8019E_Q6,D. Gastrointestinal tract and liver (GI-L),Physiological features of the gut,"A 28-year-old male presents with occasional heartburn after meals. He describes a burning sensation in his chest, sometimes radiating to his throat.",Gastric emptying and digestion are regulated by the autonomic nervous system.,Which division of the autonomic nervous system is generally responsible for *increasing* gastric motility and secretions?,2,"[""Parasympathetic nervous system"", ""Parasympathetic"", ""Vagus nerve"", ""Vagal stimulation""]","[Subtopic: Physiological features of the gut] The parasympathetic nervous system, primarily via the vagus nerve, generally stimulates (increases) gastric motility and secretory activity in the stomach, promoting digestion.",2026-05-16T10:46:49.441243
SAQ_4E87A19F_Q1,E. Neuroscience,Neuroanatomy,"A 68-year-old patient reports difficulty looking outwards with their left eye and experiences some double vision, particularly when trying to follow objects to the left. On examination, there is limited abduction of the left eye.",,"Name the specific cranial nerve responsible for innervating the lateral rectus muscle, which is primarily involved in abduction of the eye.",2,"[""Abducens nerve"", ""Cranial nerve VI"", ""CN VI""]",[Subtopic: Neuroanatomy] The lateral rectus muscle is responsible for abducting (moving outwards) the eye and is solely innervated by the Abducens nerve (Cranial nerve VI).,2026-05-16T10:47:07.989521
SAQ_4E87A19F_Q2,E. Neuroscience,Neurophysiology,"A 68-year-old patient reports difficulty looking outwards with their left eye and experiences some double vision, particularly when trying to follow objects to the left. On examination, there is limited abduction of the left eye.","Another patient presents with a 'down and out' gaze, where their eye is rotated downwards and outwards, and they also have a dilated pupil on the affected side. This suggests an issue with a different cranial nerve involved in eye movement and pupillary control.",State one primary function of the oculomotor nerve (cranial nerve III) related to eye movement.,2,"[""Elevates eyelid"", ""Moves eye superiorly"", ""Moves eye medially"", ""Moves eye inferiorly"", ""Rotates eye superiorly"", ""Rotates eye inferiorly"", ""Adduction of the eye"", ""Elevation of the eye"", ""Depression of the eye"", ""Superior rotation of the eye"", ""Inferior rotation of the eye""]","[Subtopic: Neurophysiology] The oculomotor nerve (CN III) innervates most of the extraocular muscles (superior, inferior, medial rectus and inferior oblique) responsible for various eye movements, as well as the levator palpebrae superioris for eyelid elevation and the parasympathetic fibres for pupillary constriction.",2026-05-16T10:47:07.989530
SAQ_4E87A19F_Q3,E. Neuroscience,Neuroanatomy,"A 68-year-old patient reports difficulty looking outwards with their left eye and experiences some double vision, particularly when trying to follow objects to the left. On examination, there is limited abduction of the left eye.","The cranial nerves involved in eye movements (III, IV, and VI) originate from nuclei located within the brainstem.",Which of the three parts of the brainstem is the primary location for the nucleus of the trochlear nerve (cranial nerve IV)?,3,"[""Midbrain""]","[Subtopic: Neuroanatomy] The trochlear nerve (CN IV) nucleus, along with the oculomotor nerve (CN III) nucleus, is located in the midbrain. The abducens nerve (CN VI) nucleus is located in the pons.",2026-05-16T10:47:07.989532
SAQ_4E87A19F_Q4,E. Neuroscience,Neurophysiology,"A 68-year-old patient reports difficulty looking outwards with their left eye and experiences some double vision, particularly when trying to follow objects to the left. On examination, there is limited abduction of the left eye.","The axons of these cranial nerves are myelinated, allowing for rapid nerve impulse transmission.",Briefly explain how the presence of myelin around an axon contributes to the speed of action potential propagation.,2,"[""Allows saltatory conduction"", ""Prevents ion leakage"", ""Reduces capacitance"", ""Increases resistance"", ""Causes action potentials to jump between nodes of Ranvier"", ""Increases conduction velocity""]","[Subtopic: Neurophysiology] Myelin acts as an electrical insulator, preventing ion flow across the axonal membrane except at the Nodes of Ranvier. This allows action potentials to 'jump' from node to node, a process called saltatory conduction, significantly increasing the speed of transmission.",2026-05-16T10:47:07.989533
SAQ_4E87A19F_Q5,E. Neuroscience,Neurohistology,"A 68-year-old patient reports difficulty looking outwards with their left eye and experiences some double vision, particularly when trying to follow objects to the left. On examination, there is limited abduction of the left eye.","The peripheral portions of cranial nerve axons, like those of the abducens nerve, are myelinated.",Name the specific type of neuroglial cell responsible for producing the myelin sheath in the peripheral nervous system.,1,"[""Schwann cell"", ""Schwann cells""]","[Subtopic: Neurohistology] In the peripheral nervous system (PNS), Schwann cells are the neuroglial cells responsible for producing and maintaining the myelin sheath around axons. In the central nervous system (CNS), oligodendrocytes perform this function.",2026-05-16T10:47:07.989535
SAQ_BEE5CFA2_Q1,"F. Skin, UroGenital, Endocrine and Reproduction (SUGER)",Physiological features of the renal and urinary system,"A 28-year-old male presents to the Emergency Department following a road traffic accident. He is conscious but has lost a significant amount of blood. His blood pressure is low (80/50 mmHg), and his heart rate is high (110 bpm). The medical team is monitoring his urine output.","Despite the drop in systemic blood pressure, the kidneys initially attempt to maintain their filtration rate through intrinsic mechanisms.",Name the intrinsic mechanism by which the kidney maintains a relatively constant glomerular filtration rate (GFR) in the face of fluctuating systemic blood pressure.,2,"[""Renal autoregulation""]",[Subtopic: Physiological features of the renal and urinary system] Renal autoregulation is the intrinsic ability of the kidneys to maintain a relatively constant GFR despite changes in systemic arterial blood pressure. It involves the myogenic mechanism and tubuloglomerular feedback.,2026-05-16T10:47:31.598867
SAQ_BEE5CFA2_Q2,"F. Skin, UroGenital, Endocrine and Reproduction (SUGER)",Physiological features of the endocrine system,"A 28-year-old male presents to the Emergency Department following a road traffic accident. He is conscious but has lost a significant amount of blood. His blood pressure is low (80/50 mmHg), and his heart rate is high (110 bpm). The medical team is monitoring his urine output.","In response to his hypovolaemia and low blood pressure, his body will release several hormones to conserve fluid and electrolytes.",Identify the hormone released from the adrenal cortex that primarily acts on the distal convoluted tubule and collecting duct to increase sodium reabsorption and potassium secretion.,2,"[""Aldosterone""]","[Subtopic: Physiological features of the endocrine system] Aldosterone, a mineralocorticoid released from the adrenal cortex, is a key hormone in the renin-angiotensin-aldosterone system (RAAS). It acts to increase sodium reabsorption and potassium secretion in the renal tubules, contributing to fluid retention and blood pressure regulation.",2026-05-16T10:47:31.598877
SAQ_BEE5CFA2_Q3,"F. Skin, UroGenital, Endocrine and Reproduction (SUGER)",Anatomical features of the urogenital and pelvic organs,"A 28-year-old male presents to the Emergency Department following a road traffic accident. He is conscious but has lost a significant amount of blood. His blood pressure is low (80/50 mmHg), and his heart rate is high (110 bpm). The medical team is monitoring his urine output.",The hormone identified in the previous question is produced by a gland located in close proximity to the kidneys.,State the anatomical relationship of the adrenal glands to the superior pole of each kidney.,2,"[""Superior"", ""On top of"", ""Capping""]","[Subtopic: Anatomical features of the urogenital and pelvic organs] The adrenal (suprarenal) glands are paired endocrine glands located superiorly (or superomedially) to the superior pole of each kidney, encased within the renal fascia.",2026-05-16T10:47:31.598880
SAQ_BEE5CFA2_Q4,"F. Skin, UroGenital, Endocrine and Reproduction (SUGER)",Histology of SUGER,"A 28-year-old male presents to the Emergency Department following a road traffic accident. He is conscious but has lost a significant amount of blood. His blood pressure is low (80/50 mmHg), and his heart rate is high (110 bpm). The medical team is monitoring his urine output.","Another key hormone involved in increasing blood pressure and volume is renin, which is released by specialized cells in the kidney.",Name the specific cells within the juxtaglomerular apparatus that synthesize and secrete renin.,2,"[""Juxtaglomerular cells"", ""Granular cells""]","[Subtopic: Histology of SUGER] The juxtaglomerular (JG) cells, also known as granular cells, are modified smooth muscle cells located in the afferent arteriole. They synthesize, store, and secrete renin in response to decreased renal perfusion pressure, sympathetic stimulation, or decreased sodium delivery to the macula densa.",2026-05-16T10:47:31.598882
SAQ_BEE5CFA2_Q5,"F. Skin, UroGenital, Endocrine and Reproduction (SUGER)",Physiological features of the renal and urinary system,"A 28-year-old male presents to the Emergency Department following a road traffic accident. He is conscious but has lost a significant amount of blood. His blood pressure is low (80/50 mmHg), and his heart rate is high (110 bpm). The medical team is monitoring his urine output.",Fluid reabsorption occurs at multiple sites along the nephron.,"Which segment of the nephron is responsible for the largest proportion of *obligatory* water reabsorption, irrespective of hormonal influence?",2,"[""Proximal convoluted tubule"", ""PCT""]",[Subtopic: Physiological features of the renal and urinary system] The proximal convoluted tubule (PCT) reabsorbs approximately 65-70% of the filtered water and solutes. This water reabsorption is obligatory as it follows the reabsorption of solutes (primarily Na+) and is not hormonally regulated.,2026-05-16T10:47:31.598884
SAQ_D2AF7E58_Q1,G. Musculoskeletal (MSK),Bone,"A young adult is discussing their diet and exercise routine with a personal trainer, aiming to maintain strong bones throughout life. They are particularly interested in how their body manages essential minerals for bone health.",,"Name the two main macroscopic types of bone tissue found in the adult skeleton, distinguishing them by their relative density or structure.",2,"[""Cortical bone and Trabecular bone"", ""Compact bone and Spongy bone"", ""Cortical bone (dense) and Trabecular bone (less dense)"", ""Compact bone (dense) and Spongy bone (less dense)""]","[Subtopic: Bone] The two main types are cortical (or compact) bone, which is dense and forms the outer layer, and trabecular (or spongy/cancellous) bone, which is less dense and found in the interior, especially at the ends of long bones and in vertebrae.",2026-05-16T10:47:50.344763
SAQ_D2AF7E58_Q2,G. Musculoskeletal (MSK),Histology,"A young adult is discussing their diet and exercise routine with a personal trainer, aiming to maintain strong bones throughout life. They are particularly interested in how their body manages essential minerals for bone health.",Bone tissue is constantly being remodelled throughout life by the coordinated action of specific cell types.,"Identify the three primary cell types responsible for bone formation, maintenance, and resorption, respectively.",2,"[""Osteoblasts, Osteocytes, Osteoclasts"", ""Osteoblast, Osteocyte, Osteoclast""]","[Subtopic: Histology] Osteoblasts are responsible for bone formation, osteocytes are mature bone cells involved in maintenance and mechanosensing, and osteoclasts are responsible for bone resorption.",2026-05-16T10:47:50.344771
SAQ_D2AF7E58_Q3,G. Musculoskeletal (MSK),Biochemistry/homeostasis,"A young adult is discussing their diet and exercise routine with a personal trainer, aiming to maintain strong bones throughout life. They are particularly interested in how their body manages essential minerals for bone health.",Vitamin D plays a crucial role in calcium homeostasis and bone health.,"List the three main organs involved in the complete synthesis pathway of active vitamin D (calcitriol) from its precursor, starting with its initial conversion in the skin.",3,"[""Skin, Liver, Kidney"", ""Skin, Liver, Kidneys""]","[Subtopic: Biochemistry/homeostasis] The process begins in the skin with UV light exposure, then moves to the liver for the first hydroxylation, and finally to the kidney for the second hydroxylation to form active calcitriol.",2026-05-16T10:47:50.344772
SAQ_D2AF7E58_Q4,G. Musculoskeletal (MSK),Biochemistry/homeostasis,"A young adult is discussing their diet and exercise routine with a personal trainer, aiming to maintain strong bones throughout life. They are particularly interested in how their body manages essential minerals for bone health.",Parathyroid hormone (PTH) is a key regulator of blood calcium levels.,State one direct action of parathyroid hormone (PTH) on bone that contributes to increasing blood calcium concentration.,2,"[""Stimulates osteoclast activity"", ""Increases bone resorption"", ""Promotes release of calcium from bone""]","[Subtopic: Biochemistry/homeostasis] PTH directly stimulates osteoclasts (or increases their activity) to resorb bone, releasing calcium (and phosphate) into the bloodstream, thereby increasing blood calcium concentration.",2026-05-16T10:47:50.344774
SAQ_D2AF7E58_Q5,G. Musculoskeletal (MSK),Biochemistry/homeostasis,"A young adult is discussing their diet and exercise routine with a personal trainer, aiming to maintain strong bones throughout life. They are particularly interested in how their body manages essential minerals for bone health.","The mineral component of bone, hydroxyapatite, is composed of calcium and other ions.","Besides calcium, name one other essential mineral ion that is a major component of hydroxyapatite, the primary mineral in bone.",1,"[""Phosphate"", ""Phosphorus""]","[Subtopic: Biochemistry/homeostasis] Hydroxyapatite is a crystalline mineral structure composed primarily of calcium and phosphate ions (Ca10(PO4)6(OH)2), giving bone its hardness.",2026-05-16T10:47:50.344775
SAQ_DA686C55_Q1,H. Prescribing,Use of FP10 prescriptions in Primary Care,"A 32-year-old patient, Mr. Harris, attends his GP appointment to discuss management options for his recently diagnosed condition. The GP decides to initiate a new medicine for him.",,What is the standard prescription form used by NHS General Practitioners in England for prescribing medicines for primary care patients?,1,"[""FP10 prescription"", ""FP10""]",[Subtopic: Use of FP10 prescriptions in Primary Care] The FP10 is the standard prescription form used by GPs in England for prescribing medicines for primary care patients.,2026-05-16T10:48:15.506353
SAQ_DA686C55_Q2,H. Prescribing,Legal restrictions around prescribing,"A 32-year-old patient, Mr. Harris, attends his GP appointment to discuss management options for his recently diagnosed condition. The GP decides to initiate a new medicine for him.","When completing the prescription for Mr. Harris, the GP ensures all necessary details are included to make it legally valid.","List two essential details, other than the patient's name and address, that must be included on a prescription for it to be legally valid in the UK.",2,"[""Date"", ""Signature of prescriber"", ""Address of prescriber"", ""Name of medicine"", ""Strength of medicine"", ""Form of medicine"", ""Quantity of medicine"", ""Directions for use""]","[Subtopic: Legal restrictions around prescribing] Essential details for a legally valid prescription include: the date, signature and address of the prescriber, the patient's name and address, and details of the medicine (name, strength, form, quantity, and directions for use).",2026-05-16T10:48:15.506360
SAQ_DA686C55_Q3,H. Prescribing,Routes of drug administration and medicine formulations,"A 32-year-old patient, Mr. Harris, attends his GP appointment to discuss management options for his recently diagnosed condition. The GP decides to initiate a new medicine for him.","Mr. Harris's condition requires a rapid onset of action, and the GP considers a medicine formulation and route of administration that would achieve this.","Name one route of drug administration that typically provides a rapid systemic effect, bypassing first-pass metabolism.",2,"[""Intravenous"", ""IV"", ""Sublingual""]","[Subtopic: Routes of drug administration and medicine formulations] Intravenous administration delivers the drug directly into the bloodstream, achieving rapid systemic effects and bypassing first-pass metabolism. Sublingual administration also allows for rapid absorption into the systemic circulation, avoiding first-pass metabolism.",2026-05-16T10:48:15.506362
SAQ_DA686C55_Q4,H. Prescribing,Communication and patient counselling,"A 32-year-old patient, Mr. Harris, attends his GP appointment to discuss management options for his recently diagnosed condition. The GP decides to initiate a new medicine for him.","Before Mr. Harris leaves, the GP provides him with comprehensive information about his new medicine.",List three distinct pieces of information the GP should routinely discuss with Mr. Harris about his new medicine to ensure safe and effective use.,3,"[""How to take the medicine (dose, frequency, timing)"", ""Potential side effects"", ""What to do if a dose is missed"", ""How long to take the medicine for"", ""When to expect the medicine to start working"", ""Storage instructions"", ""What to do if they experience adverse effects"", ""Interactions with other medicines/food/alcohol"", ""Purpose/expected benefits of the medicine""]","[Subtopic: Communication and patient counselling] Effective patient counselling includes discussing the name and purpose of the medicine, how to take it (dose, frequency, timing), potential side effects, what to do if a dose is missed, how long to take it, and any important interactions or storage instructions. Providing this information supports patient adherence and safety.",2026-05-16T10:48:15.506364
SAQ_DA686C55_Q5,H. Prescribing,Non-pharmacological interventions,"A 32-year-old patient, Mr. Harris, attends his GP appointment to discuss management options for his recently diagnosed condition. The GP decides to initiate a new medicine for him.",The GP also discusses lifestyle modifications that could complement the new medicine and potentially reduce the long-term need for it.,"Give one benefit of considering non-pharmacological interventions alongside, or instead of, medication for certain conditions.",2,"[""Avoids side effects of drugs"", ""Can be more sustainable"", ""Empowers patient"", ""Addresses root causes/lifestyle factors"", ""Improves overall health and wellbeing"", ""Cost-effective long term""]","[Subtopic: Non-pharmacological interventions] Non-pharmacological interventions can offer several benefits, including avoiding drug-related side effects, empowering patients through self-management, addressing underlying lifestyle factors, and contributing to more sustainable healthcare practices.",2026-05-16T10:48:15.506365
SAQ_ABDFD0FD_Q1,I. Public health,Three pillars of public health,"A local council is evaluating its public health strategy for the upcoming year, particularly focusing on improving the overall well-being of its diverse population.",,"In public health, what is the primary focus when considering health, contrasting it with the traditional medical approach that often centres on individual patient care?",2,"[""Populations"", ""Communities"", ""Groups of people"", ""Collective health""]","[Subtopic: Three pillars of public health] Public health fundamentally focuses on the health of populations or communities, rather than the health of individual patients.",2026-05-16T10:48:37.997248
SAQ_ABDFD0FD_Q2,I. Public health,Address social determinants of health,"A local council is evaluating its public health strategy for the upcoming year, particularly focusing on improving the overall well-being of its diverse population.",The council's review highlights that disparities in health outcomes exist across different socio-economic groups within the community.,Name two broad categories of non-medical factors that public health often emphasises as contributing to these health disparities.,2,"[""Social factors"", ""Economic factors"", ""Environmental factors""]","[Subtopic: Address social determinants of health] Public health recognises that social, economic, and environmental factors are crucial determinants of health and contribute significantly to health disparities.",2026-05-16T10:48:37.997255
SAQ_ABDFD0FD_Q3,I. Public health,Take an interdisciplinary approach,"A local council is evaluating its public health strategy for the upcoming year, particularly focusing on improving the overall well-being of its diverse population.","To develop a comprehensive strategy, the council plans to involve various professionals from different fields.","Beyond medical doctors, name two other types of professionals or disciplines that public health typically collaborates with to address complex health issues.",2,"[""Statisticians"", ""Epidemiologists"", ""Psychologists"", ""Sociologists"", ""Healthcare management"", ""Environmental scientists"", ""Policy makers"", ""Urban planners""]","[Subtopic: Take an interdisciplinary approach] Public health is inherently interdisciplinary, requiring collaboration with professionals such as statisticians, epidemiologists, sociologists, psychologists, and health management specialists.",2026-05-16T10:48:37.997257
SAQ_ABDFD0FD_Q4,I. Public health,Three pillars of public health,"A local council is evaluating its public health strategy for the upcoming year, particularly focusing on improving the overall well-being of its diverse population.",The council's strategy aims to cover a broad range of activities from preventing outbreaks to improving community well-being.,Public health is often described as encompassing three core pillars of activity. Name one of these three pillars.,1,"[""Health protection"", ""Health improvement"", ""Health services""]","[Subtopic: Three pillars of public health] The three core pillars of public health are health protection, health improvement, and health services.",2026-05-16T10:48:37.997258
SAQ_ABDFD0FD_Q5,I. Public health,Prevent disease and promote good health,"A local council is evaluating its public health strategy for the upcoming year, particularly focusing on improving the overall well-being of its diverse population.","As part of its health improvement efforts, the council is considering campaigns to encourage healthier lifestyles across the population.",What are the two main overarching public health objectives that campaigns promoting physical activity and balanced nutrition aim to achieve at a population level?,2,"[""Health promotion"", ""Disease prevention""]",[Subtopic: Prevent disease and promote good health] Campaigns for healthier lifestyles are central to public health's objectives of both health promotion (encouraging good health) and disease prevention (reducing incidence of illness).,2026-05-16T10:48:37.997260
SAQ_ABDFD0FD_Q6,I. Public health,Medical sociology,"A local council is evaluating its public health strategy for the upcoming year, particularly focusing on improving the overall well-being of its diverse population.",The council is also discussing how different societal views shape the understanding of health and illness.,Name one of the two main sociological models that contrast in their primary focus regarding the understanding of health and illness.,1,"[""Social model (of health)"", ""Medical model (of health)""]","[Subtopic: Medical sociology] The social model of health and the medical model of health are two prominent sociological frameworks for understanding health and illness, with differing emphases on individual pathology versus societal factors.",2026-05-16T10:48:37.997261
SAQ_82B9B398_Q1,J. Critical numbers,Quantitative study design,"A local Clinical Commissioning Group (CCG) wants to understand patient satisfaction with GP appointment waiting times. They plan to survey patients attending clinics in the next month, collecting data from a sample of registered patients.",,"What type of observational study design would this survey represent, where data is collected from a group of individuals at a single point in time to assess characteristics or prevalence?",2,"[""Cross-sectional study"", ""Cross-sectional""]","[Subtopic: Quantitative study design] A cross-sectional study collects data from a population, or a representative subset, at a specific point in time, allowing researchers to examine the prevalence of characteristics or conditions.",2026-05-16T10:48:58.448074
SAQ_82B9B398_Q2,J. Critical numbers,Quantitative study design,"A local Clinical Commissioning Group (CCG) wants to understand patient satisfaction with GP appointment waiting times. They plan to survey patients attending clinics in the next month, collecting data from a sample of registered patients.","The CCG's ultimate goal is to understand the satisfaction levels of *all* patients registered with GP practices in their administrative area, not just those surveyed.",Identify the statistical term for the entire group of patients (all registered patients in the area) to whom the study results are intended to apply.,2,"[""Population"", ""Target population""]","[Subtopic: Quantitative study design] In statistics, the 'population' refers to the entire group that a researcher is interested in studying and about which conclusions are to be drawn. The 'sample' is a subset of this population from which data is actually collected.",2026-05-16T10:48:58.448085
SAQ_82B9B398_Q3,J. Critical numbers,Summary statistics,"A local Clinical Commissioning Group (CCG) wants to understand patient satisfaction with GP appointment waiting times. They plan to survey patients attending clinics in the next month, collecting data from a sample of registered patients.","The survey includes a question asking patients to rate their satisfaction with waiting times on a scale from 'Very Dissatisfied', 'Dissatisfied', 'Neutral', 'Satisfied', to 'Very Satisfied'.","What type of summary statistics are most appropriate to describe the distribution of these patient satisfaction ratings, which represent categorical (ordinal) data?",2,"[""Frequencies"", ""Proportions"", ""Percentages"", ""Mode""]","[Subtopic: Summary statistics] For categorical data, especially ordinal data like satisfaction ratings, frequencies (counts), proportions, or percentages are typically used to summarise the distribution. The mode can also be used to identify the most common category.",2026-05-16T10:48:58.448087
SAQ_82B9B398_Q4,J. Critical numbers,Quantitative study design,"A local Clinical Commissioning Group (CCG) wants to understand patient satisfaction with GP appointment waiting times. They plan to survey patients attending clinics in the next month, collecting data from a sample of registered patients.","Due to logistical constraints, the CCG decides to only survey patients who attend clinics during standard weekday working hours (9 am - 5 pm).","Suggest one type of bias that might systematically affect the representativeness of the sample due to this specific method of patient selection, potentially distorting the study's findings.",2,"[""Selection bias"", ""Sampling bias"", ""Volunteer bias"", ""Non-response bias""]","[Subtopic: Quantitative study design] Selection bias occurs when the sample obtained is not truly representative of the population of interest due to the way individuals are chosen or self-select. In this case, patients attending during working hours might have different characteristics (e.g., employment status, age) than those attending at other times, leading to a biased sample.",2026-05-16T10:48:58.448089
SAQ_82B9B398_Q5,J. Critical numbers,Critical appraisal,"A local Clinical Commissioning Group (CCG) wants to understand patient satisfaction with GP appointment waiting times. They plan to survey patients attending clinics in the next month, collecting data from a sample of registered patients.","After the survey report is published, a medical student is asked to critically evaluate its methodology and findings.","Name the systematic process the student should undertake to assess the validity, reliability, and relevance of the study's evidence.",2,"[""Critical appraisal"", ""Quality assessment""]","[Subtopic: Critical appraisal] Critical appraisal is the systematic process of assessing the trustworthiness, relevance, and results of published papers. It helps determine the value of the evidence to inform clinical decision-making or, in this case, public health policy.",2026-05-16T10:48:58.448091
SAQ_CFBB6C53_Q1,K. Early Years General Practice (EYGP),Session 1 'Generalism and holistic patient care' (during IMMS block),A 28-year-old woman attends her first antenatal appointment with her General Practitioner (GP). She is 8 weeks pregnant and this is her first pregnancy.,,What is the primary role of a General Practitioner (GP) in the ongoing care of a pregnant woman during her antenatal period?,2,"[""Initial point of contact"", ""Co-ordinate care"", ""Provide continuity of care"", ""Manage common health issues"", ""Refer to specialists""]","[Subtopic: Session 1 'Generalism and holistic patient care' (during IMMS block)] The GP serves as the patient's first point of contact, providing continuity of care, managing minor ailments, and coordinating specialist referrals throughout the pregnancy journey.",2026-05-16T10:49:19.339074
SAQ_CFBB6C53_Q2,K. Early Years General Practice (EYGP),Session 2 'Pregnancy' (during IMMS block),A 28-year-old woman attends her first antenatal appointment with her General Practitioner (GP). She is 8 weeks pregnant and this is her first pregnancy.,"During her appointment, the GP explains that some routine blood tests will be offered.","Name two routine blood tests offered to pregnant women in the UK during their antenatal care, typically at their first appointment.",2,"[""Full Blood Count (FBC)"", ""Blood group and Rh (Rhesus) status"", ""Screening for infectious diseases (e.g., HIV, Hepatitis B, Syphilis)"", ""Haemoglobinopathy screening (e.g., Sickle cell, Thalassaemia)"", ""Rubella immunity status""]","[Subtopic: Session 2 'Pregnancy' (during IMMS block)] Routine antenatal blood tests include FBC, blood group and Rh status, screening for infections like HIV and Hepatitis B, and haemoglobinopathy screening, among others, to ensure the health of both mother and baby.",2026-05-16T10:49:19.339081
SAQ_CFBB6C53_Q3,K. Early Years General Practice (EYGP),Session 2 'Pregnancy' (during IMMS block),A 28-year-old woman attends her first antenatal appointment with her General Practitioner (GP). She is 8 weeks pregnant and this is her first pregnancy.,The patient asks for advice on how to maintain a healthy pregnancy.,List two distinct pieces of dietary or lifestyle advice that a healthcare professional would typically give to a pregnant woman to promote a healthy pregnancy.,2,"[""Eat a balanced diet"", ""Take folic acid supplements"", ""Avoid alcohol"", ""Limit caffeine intake"", ""Stop smoking"", ""Engage in moderate exercise"", ""Avoid certain foods (e.g., raw meat, unpasteurised dairy, high mercury fish)""]","[Subtopic: Session 2 'Pregnancy' (during IMMS block)] Key dietary and lifestyle advice includes taking folic acid, maintaining a balanced diet, avoiding alcohol and smoking, limiting caffeine, and engaging in appropriate physical activity.",2026-05-16T10:49:19.339083
SAQ_CFBB6C53_Q4,K. Early Years General Practice (EYGP),Session 1 'Generalism and holistic patient care' (during IMMS block),A 28-year-old woman attends her first antenatal appointment with her General Practitioner (GP). She is 8 weeks pregnant and this is her first pregnancy.,The GP emphasises the importance of 'person-centred care' during the antenatal period.,Briefly explain what 'person-centred care' means in the context of antenatal care for this patient.,2,"[""Focuses on the individual patient's needs/preferences"", ""Involves shared decision-making"", ""Respects patient's values/beliefs"", ""Empowers the patient in their care journey"", ""Tailoring care to the individual""]","[Subtopic: Session 1 'Generalism and holistic patient care' (during IMMS block)] Person-centred care in antenatal settings means tailoring care to the individual woman's preferences, values, and circumstances, ensuring she is an active participant in decisions about her pregnancy and birth plan.",2026-05-16T10:49:19.339085
SAQ_CFBB6C53_Q5,K. Early Years General Practice (EYGP),Session 2 'Pregnancy' (during IMMS block),A 28-year-old woman attends her first antenatal appointment with her General Practitioner (GP). She is 8 weeks pregnant and this is her first pregnancy.,The GP reviews the patient's full medical and family history.,Identify two factors from a patient's past medical or family history that might classify a pregnancy as 'higher risk'.,2,"[""Previous pre-eclampsia/eclampsia"", ""Gestational diabetes in previous pregnancy"", ""Chronic medical conditions (e.g., hypertension, diabetes, autoimmune disorders)"", ""Obesity (BMI >30)"", ""Advanced maternal age (>35 years)"", ""Family history of genetic conditions"", ""Multiple pregnancies"", ""IVF conception""]","[Subtopic: Session 2 'Pregnancy' (during IMMS block)] Factors that can increase pregnancy risk include pre-existing medical conditions like hypertension or diabetes, a history of complications in previous pregnancies (e.g., pre-eclampsia, gestational diabetes), advanced maternal age, or certain family histories of genetic conditions.",2026-05-16T10:49:19.339086
SAQ_1FA5CD4E_Q1,A. Introduction to Medicine and Medical Science (IMMS),Genetics,"A young couple, both healthy, are planning a family and are keen to understand basic genetic principles. They mention that the man's cousin has cystic fibrosis, prompting them to learn more about inheritance.",,"Name the three main components that constitute a single deoxyribonucleotide, the basic building block of DNA.",2,"[""Deoxyribose sugar"", ""Phosphate group"", ""Nitrogenous base""]","[Subtopic: Genetics] A deoxyribonucleotide consists of a five-carbon deoxyribose sugar, a phosphate group, and one of four nitrogenous bases (adenine, guanine, cytosine, or thymine).",2026-05-16T10:49:39.321404
SAQ_1FA5CD4E_Q2,A. Introduction to Medicine and Medical Science (IMMS),Genetics,"A young couple, both healthy, are planning a family and are keen to understand basic genetic principles. They mention that the man's cousin has cystic fibrosis, prompting them to learn more about inheritance.","During cell division, DNA is highly organised into chromosomes.","Following DNA replication, what is the term given to the two identical DNA molecules that remain joined at the centromere until anaphase of mitosis?",2,"[""Sister chromatids"", ""Chromatids""]","[Subtopic: Genetics] After DNA replication, each chromosome consists of two identical sister chromatids, which are exact copies of each other, joined at the centromere.",2026-05-16T10:49:39.321418
SAQ_1FA5CD4E_Q3,A. Introduction to Medicine and Medical Science (IMMS),Cell biology,"A young couple, both healthy, are planning a family and are keen to understand basic genetic principles. They mention that the man's cousin has cystic fibrosis, prompting them to learn more about inheritance.","Cell division, such as mitosis, is crucial for growth and repair in the human body.","During which specific stage of mitosis do the sister chromatids align along the equatorial plane of the cell, forming the metaphase plate?",2,"[""Metaphase""]","[Subtopic: Cell biology] Metaphase is the stage of mitosis where chromosomes are most condensed and align along the metaphase plate, equidistant from the two spindle poles.",2026-05-16T10:49:39.321421
SAQ_1FA5CD4E_Q4,A. Introduction to Medicine and Medical Science (IMMS),Cell biology,"A young couple, both healthy, are planning a family and are keen to understand basic genetic principles. They mention that the man's cousin has cystic fibrosis, prompting them to learn more about inheritance.",Understanding how cells function involves knowing about their various components.,Name the primary type of macromolecule that forms the fundamental bilayer structure of a cell's plasma membrane.,2,"[""Phospholipids""]","[Subtopic: Cell biology] The cell membrane is primarily composed of a phospholipid bilayer, with its hydrophilic heads facing outwards and hydrophobic tails facing inwards, forming a barrier.",2026-05-16T10:49:39.321423
SAQ_1FA5CD4E_Q5,A. Introduction to Medicine and Medical Science (IMMS),Energy metabolism / Biochemistry,"A young couple, both healthy, are planning a family and are keen to understand basic genetic principles. They mention that the man's cousin has cystic fibrosis, prompting them to learn more about inheritance.",Cells require a continuous supply of energy to perform their vital functions.,"Name the universal high-energy molecule that serves as the immediate source of energy for most cellular processes, often referred to as the 'energy currency' of the cell.",2,"[""ATP"", ""Adenosine triphosphate""]","[Subtopic: Energy metabolism / Biochemistry] ATP (Adenosine triphosphate) is the main energy currency of the cell, providing readily available energy for various metabolic reactions and cellular activities.",2026-05-16T10:49:39.321426
SAQ_DF2E93A3_Q1,B. Cardiovascular system,Physiological features of the cardiovascular system,A 72-year-old man attends a routine check-up. His pulse is recorded as 70 beats per minute and his blood pressure as 130/80 mmHg.,,"Regarding the normal cardiac cycle, identify the phase of ventricular contraction during which blood is ejected from the heart.",1,"[""Systole""]",[Subtopic: Physiological features of the cardiovascular system] Systole is the phase of the cardiac cycle when the ventricles contract and eject blood into the pulmonary artery and aorta.,2026-05-16T10:50:00.733323
SAQ_DF2E93A3_Q2,B. Cardiovascular system,Physiological features of the cardiovascular system,A 72-year-old man attends a routine check-up. His pulse is recorded as 70 beats per minute and his blood pressure as 130/80 mmHg.,"During his ECG, the P wave is observed to precede the QRS complex.",Name the primary pacemaker of the heart responsible for initiating the electrical impulse that generates the P wave on an ECG.,2,"[""Sinoatrial node"", ""SA node""]","[Subtopic: Physiological features of the cardiovascular system] The sinoatrial (SA) node is the primary pacemaker, initiating atrial depolarization which is represented by the P wave on an ECG.",2026-05-16T10:50:00.733330
SAQ_DF2E93A3_Q3,B. Cardiovascular system,Anatomical features of the cardiovascular system,A 72-year-old man attends a routine check-up. His pulse is recorded as 70 beats per minute and his blood pressure as 130/80 mmHg.,"During the cardiac cycle, specific valves prevent the backflow of blood between chambers and into the great vessels.",Name the valve that normally prevents the backflow of blood from the left ventricle into the left atrium during ventricular systole.,2,"[""Mitral valve"", ""Bicuspid valve""]",[Subtopic: Anatomical features of the cardiovascular system] The mitral (bicuspid) valve closes during ventricular systole to prevent regurgitation of blood into the left atrium.,2026-05-16T10:50:00.733332
SAQ_DF2E93A3_Q4,B. Cardiovascular system,Physiological features of the cardiovascular system,A 72-year-old man attends a routine check-up. His pulse is recorded as 70 beats per minute and his blood pressure as 130/80 mmHg.,His blood pressure reading of 130/80 mmHg is within a range that the body tightly regulates.,State one primary type of receptor located in the carotid sinus and aortic arch that is crucial for the short-term regulation of blood pressure.,2,"[""Baroreceptors""]",[Subtopic: Physiological features of the cardiovascular system] Baroreceptors in the carotid sinus and aortic arch detect changes in blood pressure and send signals to the cardiovascular control centre in the medulla oblongata for rapid adjustment.,2026-05-16T10:50:00.733333
SAQ_DF2E93A3_Q5,B. Cardiovascular system,Histology of the cardiovascular system,A 72-year-old man attends a routine check-up. His pulse is recorded as 70 beats per minute and his blood pressure as 130/80 mmHg.,"The heart muscle is unique in its structure, allowing for coordinated contraction.",Name the specialised intercellular junctions found in cardiac muscle cells that facilitate rapid electrical coupling between cells.,2,"[""Intercalated discs""]","[Subtopic: Histology of the cardiovascular system] Intercalated discs contain gap junctions for electrical coupling and desmosomes for strong adhesion, enabling the heart to function as a syncytium.",2026-05-16T10:50:00.733335
SAQ_DF2E93A3_Q6,B. Cardiovascular system,Physiological features of the cardiovascular system,A 72-year-old man attends a routine check-up. His pulse is recorded as 70 beats per minute and his blood pressure as 130/80 mmHg.,"Understanding the factors contributing to blood pressure, such as cardiac output, is fundamental.",Identify the two main physiological determinants of cardiac output (CO).,1,"[""Heart rate and Stroke volume"", ""HR and SV"", ""Stroke volume and Heart rate"", ""SV and HR""]",[Subtopic: Physiological features of the cardiovascular system] Cardiac output is the product of heart rate (beats per minute) and stroke volume (volume of blood ejected per beat). CO = HR x SV.,2026-05-16T10:50:00.733336
SAQ_6FAFC625_Q1,C. Respiratory system,Anatomical features of the respiratory system / thorax,"A 22-year-old university student, training for a charity half-marathon, attends a routine health check-up. They report feeling fit and well, with no respiratory symptoms.",,"During examination, the doctor identifies the sternal angle (Angle of Louis) as a key surface landmark. Which specific rib articulates with the sternum at the level of the sternal angle?",1,"[""Second rib"", ""Rib 2""]","[Subtopic: Anatomical features of the respiratory system / thorax] The sternal angle is a palpable transverse ridge where the manubrium meets the body of the sternum. It is clinically important as it marks the level of the second costal cartilage, which articulates with the sternum at this point.",2026-05-16T10:50:24.035119
SAQ_6FAFC625_Q2,C. Respiratory system,Physiological features of the respiratory system,"A 22-year-old university student, training for a charity half-marathon, attends a routine health check-up. They report feeling fit and well, with no respiratory symptoms.","During vigorous exercise, the student's respiratory rate increases significantly, and their airways dilate to facilitate increased airflow.",Name the specific division of the autonomic nervous system that primarily mediates bronchodilation during exercise.,2,"[""Sympathetic nervous system"", ""Sympathetic""]","[Subtopic: Physiological features of the respiratory system] The sympathetic nervous system, via activation of β2 adrenergic receptors on airway smooth muscle, causes bronchodilation, increasing the diameter of the airways and reducing resistance to airflow.",2026-05-16T10:50:24.035132
SAQ_6FAFC625_Q3,C. Respiratory system,Physiological features of the respiratory system,"A 22-year-old university student, training for a charity half-marathon, attends a routine health check-up. They report feeling fit and well, with no respiratory symptoms.",Efficient gas exchange is crucial for delivering oxygen to the muscles during strenuous activity.,Identify the primary cell type in the alveolar epithelium responsible for forming the thin air-blood barrier where most gas exchange occurs.,2,"[""Type I pneumocyte"", ""Squamous alveolar cell"", ""Alveolar type I cell""]","[Subtopic: Physiological features of the respiratory system] Type I pneumocytes are thin, squamous cells that cover approximately 95% of the alveolar surface and form the primary barrier for gas exchange.",2026-05-16T10:50:24.035135
SAQ_6FAFC625_Q4,C. Respiratory system,Histology of the respiratory system,"A 22-year-old university student, training for a charity half-marathon, attends a routine health check-up. They report feeling fit and well, with no respiratory symptoms.",The doctor explains that the lungs are enclosed by a protective serous membrane.,Name the specific type of epithelium that lines the pleura.,2,"[""Simple squamous epithelium"", ""Mesothelium""]",[Subtopic: Histology of the respiratory system] The pleura is a serous membrane composed of a layer of simple squamous epithelium (mesothelium) resting on a thin layer of connective tissue.,2026-05-16T10:50:24.035138
SAQ_6FAFC625_Q5,C. Respiratory system,Anatomical features of the respiratory system / thorax,"A 22-year-old university student, training for a charity half-marathon, attends a routine health check-up. They report feeling fit and well, with no respiratory symptoms.",The diaphragm is the principal muscle of inspiration.,"Name the specific nerve that innervates the diaphragm, enabling its contraction.",3,"[""Phrenic nerve""]","[Subtopic: Anatomical features of the respiratory system / thorax] The diaphragm is solely innervated by the phrenic nerves, which originate from cervical spinal nerves C3, C4, and C5 (C3, 4, 5 keep the diaphragm alive).",2026-05-16T10:50:24.035140
SAQ_20F44CE9_Q1,D. Gastrointestinal tract and liver (GI-L),Physiological features of the gut,"A 68-year-old man presents to his GP complaining of recent difficulties initiating swallowing, particularly with solid foods, for the past few weeks.",,Name two of the three main phases of swallowing.,2,"[""Oral phase"", ""Pharyngeal phase"", ""Oesophageal phase"", ""Oral"", ""Pharyngeal"", ""Oesophageal"", ""Voluntary phase"", ""Involuntary phase""]","[Subtopic: Physiological features of the gut] The three main phases of swallowing are the oral (voluntary), pharyngeal (involuntary), and oesophageal (involuntary) phases. The oral phase involves the tongue pushing the food bolus towards the pharynx, initiating the reflex phases.",2026-05-16T10:50:43.227683
SAQ_20F44CE9_Q2,D. Gastrointestinal tract and liver (GI-L),Histology of the gastrointestinal tract and liver,"A 68-year-old man presents to his GP complaining of recent difficulties initiating swallowing, particularly with solid foods, for the past few weeks.","After the initial difficulty, the food bolus travels down the oesophagus to the stomach.",Identify the specific type of epithelium that lines the lumen of the oesophagus.,2,"[""Stratified squamous non-keratinised"", ""Non-keratinised stratified squamous epithelium"", ""Stratified squamous (non-keratinised)""]","[Subtopic: Histology of the gastrointestinal tract and liver] The oesophagus is lined by a non-keratinised stratified squamous epithelium, which is well-suited to withstand the abrasive forces of food passage.",2026-05-16T10:50:43.227691
SAQ_20F44CE9_Q3,D. Gastrointestinal tract and liver (GI-L),Physiological features of the gut,"A 68-year-old man presents to his GP complaining of recent difficulties initiating swallowing, particularly with solid foods, for the past few weeks.",Further discussion reveals the patient also experiences occasional heartburn and indigestion.,Name three endogenous substances that stimulate parietal cells in the stomach to secrete hydrochloric acid.,3,"[""Histamine"", ""Acetylcholine"", ""Gastrin""]","[Subtopic: Physiological features of the gut] Parietal cells in the stomach secrete hydrochloric acid. Their secretion is primarily stimulated by histamine (from enterochromaffin-like cells), acetylcholine (from vagal nerve endings), and gastrin (from G cells).",2026-05-16T10:50:43.227693
SAQ_20F44CE9_Q4,D. Gastrointestinal tract and liver (GI-L),Physiological features of the gut,"A 68-year-old man presents to his GP complaining of recent difficulties initiating swallowing, particularly with solid foods, for the past few weeks.","Despite the presence of highly acidic gastric juice, the stomach lining is normally protected from self-digestion.",Name three key protective mechanisms of the gastric mucosa against its acidic environment.,3,"[""Mucus layer"", ""Bicarbonate secretion"", ""Tight junctions (between epithelial cells)"", ""Rapid epithelial cell turnover"", ""Prostaglandins (maintaining mucosal blood flow)"", ""Good mucosal blood flow""]","[Subtopic: Physiological features of the gut] The gastric mucosa protects itself from acid via several mechanisms, including the formation of a thick mucus layer, secretion of bicarbonate ions into this layer, tight junctions between epithelial cells preventing acid penetration, rapid turnover of epithelial cells, and robust mucosal blood flow, often regulated by prostaglandins.",2026-05-16T10:50:43.227695
SAQ_F75F0729_Q1,J. Critical numbers,Quantitative study design,A medical student is reviewing a research paper during a GP placement. The study investigates the relationship between dietary fiber intake and resting heart rate in healthy adults aged 18-30 living in a specific city.,,Define the terms 'population' and 'sample' as they apply to this specific research scenario.,2,"[""Population: The entire group of interest (all healthy adults aged 18-30 in the city)"", ""Sample: The subset of the population actually included in the study/data collection""]","[Subtopic: Quantitative study design] In statistics, the population is the entire group you want to draw conclusions about, while the sample is the specific group that you will collect data from. The size of the sample is always less than the total size of the population.",2026-05-16T11:02:43.296476
SAQ_F75F0729_Q2,J. Critical numbers,Summary statistics,A medical student is reviewing a research paper during a GP placement. The study investigates the relationship between dietary fiber intake and resting heart rate in healthy adults aged 18-30 living in a specific city.,Resting heart rate was measured in beats per minute (bpm).,State the specific type of data 'resting heart rate' represents and name the most appropriate measure of central tendency to use if the data follows a normal distribution.,2,"[""Continuous data"", ""Numerical data"", ""Mean"", ""Arithmetic mean""]","[Subtopic: Summary statistics] Heart rate is numerical continuous data because it can take any value within a range. For normally distributed (symmetrical) data, the mean is the preferred measure of central tendency as it includes all data points.",2026-05-16T11:02:43.296484
SAQ_F75F0729_Q3,J. Critical numbers,Quantitative study design,A medical student is reviewing a research paper during a GP placement. The study investigates the relationship between dietary fiber intake and resting heart rate in healthy adults aged 18-30 living in a specific city.,The researchers recruited a group of healthy individuals and followed them forward in time for five years to observe changes in heart rate relative to their dietary habits.,Identify this specific observational study design.,1,"[""Prospective cohort study"", ""Cohort study"", ""Longitudinal study""]","[Subtopic: Quantitative study design] A cohort study follows a group of people over time to see how exposures (dietary fiber) affect outcomes (heart rate). Because it follows them forward from the start, it is 'prospective'.",2026-05-16T11:02:43.296486
SAQ_F75F0729_Q4,J. Critical numbers,Inferential statistics,A medical student is reviewing a research paper during a GP placement. The study investigates the relationship between dietary fiber intake and resting heart rate in healthy adults aged 18-30 living in a specific city.,The study reports a p-value of 0.03 regarding the association between fiber intake and heart rate.,Define what a p-value represents in relation to the null hypothesis.,2,"[""The probability of observing the results (or more extreme) if the null hypothesis is true"", ""Probability that the observed effect occurred by chance alone""]","[Subtopic: Inferential statistics] The p-value is the probability that the observed results occurred by chance, assuming the null hypothesis (which states there is no effect or association) is correct.",2026-05-16T11:02:43.296488
SAQ_F75F0729_Q5,J. Critical numbers,Inferential statistics,A medical student is reviewing a research paper during a GP placement. The study investigates the relationship between dietary fiber intake and resting heart rate in healthy adults aged 18-30 living in a specific city.,"The researchers calculated a 95% Confidence Interval (CI) for the mean reduction in heart rate, which was 1.2 to 4.5 bpm.",Explain the relationship between the width of a confidence interval and the precision of the estimate.,2,"[""A narrower interval indicates greater precision"", ""A wider interval indicates lower precision"", ""Precision increases as the interval gets smaller""]","[Subtopic: Inferential statistics] The width of a confidence interval represents the range of uncertainty. A narrow interval indicates that the sample mean is likely very close to the true population mean, signifying high precision.",2026-05-16T11:02:43.296489
SAQ_F75F0729_Q6,J. Critical numbers,Critical appraisal,A medical student is reviewing a research paper during a GP placement. The study investigates the relationship between dietary fiber intake and resting heart rate in healthy adults aged 18-30 living in a specific city.,"It was noted that participants with high fiber intake were also more likely to engage in regular vigorous physical activity, which independently lowers resting heart rate.","State the epidemiological term used to describe a variable, such as physical activity in this study, that is associated with both the exposure and the outcome, potentially distorting the results.",1,"[""Confounder"", ""Confounding variable"", ""Confounding factor"", ""Confounding""]","[Subtopic: Critical appraisal] A confounder is an extraneous variable that correlates with both the dependent and independent variables, potentially leading to a false conclusion that there is a direct causal relationship between the two.",2026-05-16T11:02:43.296490
SAQ_A20DE515_Q1,K. Early Years General Practice (EYGP),Session 3 'Ischaemic heart disease / Health inequalities' (during Cardiovascular block),A 52-year-old man visits his GP for a routine health check. He has no current symptoms but is concerned about his risk of heart disease as his father had a myocardial infarction at age 45. He is a current smoker and has a BMI of 29.,,The GP uses the QRISK3 tool to estimate the patient's cardiovascular risk. State three non-modifiable risk factors that are included in this calculation.,3,"[""Age"", ""Sex"", ""Ethnicity"", ""Family history of premature coronary heart disease"", ""Family history of premature CHD"", ""Biological sex""]","[Subtopic: Session 3 'Ischaemic heart disease / Health inequalities' (during Cardiovascular block)] QRISK3 is a validated tool used in the UK to estimate the 10-year risk of having a first cardiovascular event. It includes non-modifiable factors like age, sex, and ethnicity, alongside modifiable factors like smoking status and blood pressure.",2026-05-16T11:03:12.892985
SAQ_A20DE515_Q2,K. Early Years General Practice (EYGP),Session 3 'Ischaemic heart disease / Health inequalities' (during Cardiovascular block),A 52-year-old man visits his GP for a routine health check. He has no current symptoms but is concerned about his risk of heart disease as his father had a myocardial infarction at age 45. He is a current smoker and has a BMI of 29.,"During the examination, the GP performs a manual blood pressure measurement using a sphygmomanometer.",Name the artery that the clinician should place the diaphragm of the stethoscope over to listen for Korotkoff sounds during this procedure.,1,"[""Brachial artery"", ""Brachial""]","[Subtopic: Session 3 'Ischaemic heart disease / Health inequalities' (during Cardiovascular block)] In manual blood pressure measurement, the stethoscope is placed over the brachial artery in the antecubital fossa to detect the onset and disappearance of Korotkoff sounds.",2026-05-16T11:03:12.892995
SAQ_A20DE515_Q3,K. Early Years General Practice (EYGP),Session 1 'Generalism and holistic patient care' (during IMMS block),A 52-year-old man visits his GP for a routine health check. He has no current symptoms but is concerned about his risk of heart disease as his father had a myocardial infarction at age 45. He is a current smoker and has a BMI of 29.,The GP adopts a 'person-centred' approach during the consultation to address the patient's concerns about his father's history.,Define the concept of 'person-centred care' and provide one practical example of how it is demonstrated in a consultation.,2,"[""Care that is responsive to individual patient preferences, needs, and values; Involving the patient in shared decision making"", ""Care that sees the patient as a whole person rather than a diagnosis; Asking about the patient's Ideas, Concerns, and Expectations (ICE)"", ""Focusing on the individual's priorities; Considering the patient's social and psychological context"", ""Shared decision making; Identifying ICE""]","[Subtopic: Session 1 'Generalism and holistic patient care' (during IMMS block)] Person-centred care ensures that patient values guide all clinical decisions. A key practical example is identifying the patient's Ideas, Concerns, and Expectations (ICE) and utilizing shared decision-making.",2026-05-16T11:03:12.892997
SAQ_A20DE515_Q4,K. Early Years General Practice (EYGP),Session 3 'Ischaemic heart disease / Health inequalities' (during Cardiovascular block),A 52-year-old man visits his GP for a routine health check. He has no current symptoms but is concerned about his risk of heart disease as his father had a myocardial infarction at age 45. He is a current smoker and has a BMI of 29.,The GP considers how the patient's social background may influence his cardiovascular health outcomes.,Identify two socio-economic or environmental factors that are known to impact the prevalence of cardiovascular disease in the UK.,2,"[""Income level"", ""Employment status"", ""Education level"", ""Housing quality"", ""Access to healthy food"", ""Air pollution"", ""Neighborhood deprivation"", ""Deprivation index""]","[Subtopic: Session 3 'Ischaemic heart disease / Health inequalities' (during Cardiovascular block)] Health inequalities are driven by the social determinants of health. Factors like lower income, poor housing, and limited access to nutritious food correlate with higher rates of cardiovascular disease.",2026-05-16T11:03:12.893000
SAQ_A20DE515_Q5,K. Early Years General Practice (EYGP),Session 3 'Ischaemic heart disease / Health inequalities' (during Cardiovascular block),A 52-year-old man visits his GP for a routine health check. He has no current symptoms but is concerned about his risk of heart disease as his father had a myocardial infarction at age 45. He is a current smoker and has a BMI of 29.,The GP provides dietary and lifestyle advice as part of a primary prevention strategy.,State two specific dietary changes recommended by UK guidelines to help reduce the risk of ischaemic heart disease.,2,"[""Reduce saturated fat intake"", ""Increase fruit and vegetable intake"", ""Consume 5 portions of fruit and vegetables a day"", ""Reduce salt intake"", ""Increase intake of oily fish"", ""Switching to whole grain carbohydrates"", ""Reduce trans fat intake""]","[Subtopic: Session 3 'Ischaemic heart disease / Health inequalities' (during Cardiovascular block)] Lifestyle advice for IHD prevention focuses on reducing modifiable risk factors. Key dietary recommendations include reducing saturated fats and salt while increasing fibre through fruit, vegetables, and oily fish.",2026-05-16T11:03:12.893002
SAQ_9A55143E_Q1,A. Introduction to Medicine and Medical Science (IMMS),Genetics,A 28-year-old woman attends her first prenatal consultation. She is interested in understanding the biological basis of her baby's development and asks about the fundamental structure of the genetic material being passed on.,,DNA consists of two polynucleotide chains forming a double helix. Name the four nitrogenous bases that form the 'rungs' of the DNA ladder.,2,"[""Adenine"", ""Thymine"", ""Cytosine"", ""Guanine""]","[Subtopic: Genetics] DNA contains four nitrogenous bases: the purines Adenine (A) and Guanine (G), and the pyrimidines Cytosine (C) and Thymine (T). In the double helix, A pairs with T, and C pairs with G.",2026-05-16T11:03:43.158160
SAQ_9A55143E_Q2,A. Introduction to Medicine and Medical Science (IMMS),Embryo development from fertilisation to week 9,A 28-year-old woman attends her first prenatal consultation. She is interested in understanding the biological basis of her baby's development and asks about the fundamental structure of the genetic material being passed on.,"The woman asks about the very early stages of development following implantation, specifically how the early cluster of cells begins to organize.","During the second week of development, the embryoblast (inner cell mass) differentiates into two distinct layers to form the bilaminar disc. Name these two layers.",2,"[""Epiblast"", ""Hypoblast""]","[Subtopic: Embryo development from fertilisation to week 9] The second week of development is often called the 'week of twos'. The embryoblast differentiates into the epiblast and the hypoblast, which together form the bilaminar embryonic disc.",2026-05-16T11:03:43.158169
SAQ_9A55143E_Q3,A. Introduction to Medicine and Medical Science (IMMS),Cell histology and their ultrastructural components,A 28-year-old woman attends her first prenatal consultation. She is interested in understanding the biological basis of her baby's development and asks about the fundamental structure of the genetic material being passed on.,"The discussion moves to how the fetus develops specialized tissues, such as the skin, to protect it in the external environment after birth.",Provide the full histological classification for the type of epithelium that forms the adult epidermis.,2,"[""Keratinised stratified squamous epithelium"", ""Keratinised stratified squamous""]","[Subtopic: Cell histology and their ultrastructural components] The epidermis is a keratinised stratified squamous epithelium. 'Stratified' refers to the multiple layers of cells, 'squamous' to the flat shape of the surface cells, and 'keratinised' to the presence of the tough, protective protein keratin in the apical layers.",2026-05-16T11:03:43.158171
SAQ_9A55143E_Q4,A. Introduction to Medicine and Medical Science (IMMS),Energy metabolism / Biochemistry,A 28-year-old woman attends her first prenatal consultation. She is interested in understanding the biological basis of her baby's development and asks about the fundamental structure of the genetic material being passed on.,The patient asks how the rapidly dividing cells of the embryo generate the energy required for growth.,Name the metabolic pathway that occurs in the cytosol and converts one molecule of glucose into two molecules of pyruvate.,1,"[""Glycolysis""]",[Subtopic: Energy metabolism / Biochemistry] Glycolysis is the sequence of reactions that metabolizes one molecule of glucose to two molecules of pyruvate with the concomitant net production of two molecules of ATP. This process occurs in the cytoplasm/cytosol.,2026-05-16T11:03:43.158173
SAQ_9A55143E_Q5,A. Introduction to Medicine and Medical Science (IMMS),ILA 1 - Cystic Fibrosis,A 28-year-old woman attends her first prenatal consultation. She is interested in understanding the biological basis of her baby's development and asks about the fundamental structure of the genetic material being passed on.,The woman mentions that her brother has Cystic Fibrosis (CF) and is concerned about the risk to her child. Genetic screening reveals that both she and her partner are carriers of a CFTR gene mutation.,"State the specific pattern of inheritance for Cystic Fibrosis, the percentage risk that their child will be affected by the disease, and the name of the protein that is dysfunctional in this condition.",3,"[""Autosomal recessive"", ""25%"", ""CFTR"", ""Cystic Fibrosis Transmembrane Conductance Regulator""]","[Subtopic: ILA 1 - Cystic Fibrosis] Cystic Fibrosis is an autosomal recessive condition. If both parents are carriers, there is a 1 in 4 (25%) chance of having an affected child. The condition is caused by mutations in the CFTR (Cystic Fibrosis Transmembrane Conductance Regulator) protein, which functions as a chloride channel.",2026-05-16T11:03:43.158174
SAQ_9C1EC63B_Q1,B. Cardiovascular system,Principle features of haematology,A young athlete undergoes a routine medical check-up to assess their cardiovascular health.,"During the physical examination, a blood sample is taken.",Name two main cellular components found in whole blood.,2,"[""Erythrocytes"", ""Leucocytes"", ""Platelets"", ""Red blood cells"", ""White blood cells""]","[Subtopic: Principle features of haematology] Whole blood consists of plasma and cellular components including red blood cells (erythrocytes), white blood cells (leucocytes), and platelets.",2026-05-16T11:04:04.867120
SAQ_9C1EC63B_Q2,B. Cardiovascular system,Principle features of haematology,A young athlete undergoes a routine medical check-up to assess their cardiovascular health.,The plasma component of blood contains various proteins crucial for normal physiological function.,Name one plasma protein and briefly state one of its functions.,2,"[""Albumin (maintains oncotic pressure / transport of hormones/drugs)"", ""Globulins (immune function / transport)"", ""Fibrinogen (blood clotting / coagulation)""]","[Subtopic: Principle features of haematology] Plasma proteins like albumin contribute to colloid osmotic pressure and transport, while globulins play roles in immunity and transport, and fibrinogen is essential for blood clotting.",2026-05-16T11:04:04.867133
SAQ_9C1EC63B_Q3,B. Cardiovascular system,Histology of the cardiovascular system,A young athlete undergoes a routine medical check-up to assess their cardiovascular health.,The athlete's heart is assessed for normal structure and function.,Name the three distinct layers of the heart wall.,2,"[""Endocardium"", ""Myocardium"", ""Epicardium"", ""Visceral pericardium""]","[Subtopic: Histology of the cardiovascular system] The heart wall consists of three layers: the inner endocardium, the middle muscular myocardium, and the outer epicardium (which is also the visceral layer of the pericardium).",2026-05-16T11:04:04.867144
SAQ_9C1EC63B_Q4,B. Cardiovascular system,Physiological features of the cardiovascular system,A young athlete undergoes a routine medical check-up to assess their cardiovascular health.,"During ventricular systole, blood is ejected from the ventricles into the great arteries.",Name the two heart valves that are open during ventricular systole.,2,"[""Aortic valve"", ""Pulmonary valve"", ""Semilunar valves""]","[Subtopic: Physiological features of the cardiovascular system] During ventricular systole, the atrioventricular valves (mitral and tricuspid) are closed, and the semilunar valves (aortic and pulmonary) are open to allow blood ejection.",2026-05-16T11:04:04.867148
SAQ_9C1EC63B_Q5,B. Cardiovascular system,Anatomical features of the cardiovascular system,A young athlete undergoes a routine medical check-up to assess their cardiovascular health.,The electrical activity of the heart is vital for its coordinated pumping action.,"Name the structure in the heart that normally initiates the electrical impulse, acting as the primary pacemaker.",2,"[""Sinoatrial node"", ""SA node""]","[Subtopic: Anatomical features of the cardiovascular system] The sinoatrial (SA) node, located in the wall of the right atrium, generates electrical impulses that set the pace for the heart.",2026-05-16T11:04:04.867152
SAQ_F51DECFD_Q1,C. Respiratory system,Physiological features of the respiratory system,A healthy 20-year-old medical student is jogging and notices their breathing rate and depth increase significantly to meet the demands of exercise.,,"During normal quiet inspiration, which is the primary muscle responsible for increasing the thoracic volume?",2,"[""Diaphragm""]","[Subtopic: Physiological features of the respiratory system] The diaphragm is the primary muscle of inspiration. Its contraction flattens it, increasing the vertical dimension of the thoracic cavity.",2026-05-16T11:04:35.276163
SAQ_F51DECFD_Q2,C. Respiratory system,Anatomical features of the respiratory system / thorax,A healthy 20-year-old medical student is jogging and notices their breathing rate and depth increase significantly to meet the demands of exercise.,"While the diaphragm is key, other muscles also contribute to altering thoracic volume.",Name two groups of intercostal muscles and state their primary action during quiet respiration.,3,"[""External intercostals: inspiration"", ""Internal intercostals: expiration (forced only for quiet)""]","[Subtopic: Anatomical features of the respiratory system / thorax] The external intercostal muscles contract during quiet inspiration to elevate the ribs, increasing the anteroposterior and lateral dimensions of the thorax. The internal intercostals are primarily active during forced expiration, depressing the ribs.",2026-05-16T11:04:35.276171
SAQ_F51DECFD_Q3,C. Respiratory system,Histology of the respiratory system,A healthy 20-year-old medical student is jogging and notices their breathing rate and depth increase significantly to meet the demands of exercise.,Efficient gas exchange is crucial during exercise.,Name the specific type of alveolar cell that is responsible for secreting pulmonary surfactant.,2,"[""Type II pneumocytes"", ""Great alveolar cells"", ""Type 2 alveolar cells""]","[Subtopic: Histology of the respiratory system] Type II pneumocytes are cuboidal cells that produce and secrete pulmonary surfactant, which reduces surface tension in the alveoli, preventing their collapse.",2026-05-16T11:04:35.276173
SAQ_F51DECFD_Q4,C. Respiratory system,Physiological features of the respiratory system,A healthy 20-year-old medical student is jogging and notices their breathing rate and depth increase significantly to meet the demands of exercise.,The student's respiratory rate increases primarily due to changes detected by chemoreceptors.,Identify the main chemical stimulus that causes an increase in respiratory rate and depth during exercise.,2,"[""Increased CO2"", ""Increased carbon dioxide"", ""Increased H+"", ""Decreased pH""]","[Subtopic: Physiological features of the respiratory system] During exercise, increased metabolic activity leads to higher production of carbon dioxide and hydrogen ions (due to lactic acid production), which are the primary chemical stimuli detected by central and peripheral chemoreceptors, leading to increased ventilation.",2026-05-16T11:04:35.276174
SAQ_F51DECFD_Q5,C. Respiratory system,Physiological features of the respiratory system,A healthy 20-year-old medical student is jogging and notices their breathing rate and depth increase significantly to meet the demands of exercise.,These chemoreceptors are located in various parts of the body.,Name one specific anatomical location of peripheral chemoreceptors that detect changes in blood gas levels.,1,"[""Carotid bodies"", ""Aortic bodies""]","[Subtopic: Physiological features of the respiratory system] Peripheral chemoreceptors are located in the carotid bodies (at the bifurcation of the common carotid arteries) and aortic bodies (in the aortic arch). They are sensitive to changes in PO2, PCO2, and pH.",2026-05-16T11:04:35.276176
SAQ_76754080_Q1,D. Gastrointestinal tract and liver (GI-L),"Physiological features of the liver, gallbladder and pancreas","A young adult presents with chronic loose stools, particularly after fatty meals. They report occasional upper abdominal discomfort.",,"Regarding the exocrine pancreas, name two classes of enzymes it secretes that are essential for the digestion of macronutrients.",2,"[""Lipases"", ""Amylases"", ""Proteases""]","[Subtopic: Physiological features of the liver, gallbladder and pancreas] The exocrine pancreas produces a range of enzymes including amylase for carbohydrate digestion, lipase for fat digestion, and various proteases (e.g., trypsin, chymotrypsin) for protein digestion.",2026-05-16T11:04:57.276342
SAQ_76754080_Q2,D. Gastrointestinal tract and liver (GI-L),"Anatomical features of the gastrointestinal tract and liver, and abdomen","A young adult presents with chronic loose stools, particularly after fatty meals. They report occasional upper abdominal discomfort.","To aid fat digestion, bile salts are crucial for emulsification.",Name the organ primarily responsible for the *production* of bile.,1,"[""Liver"", ""Hepar""]","[Subtopic: Anatomical features of the gastrointestinal tract and liver, and abdomen] The liver synthesises bile, which is then stored and concentrated in the gallbladder before being released into the duodenum.",2026-05-16T11:04:57.276355
SAQ_76754080_Q3,D. Gastrointestinal tract and liver (GI-L),Histology of the gastrointestinal tract and liver,"A young adult presents with chronic loose stools, particularly after fatty meals. They report occasional upper abdominal discomfort.","After digestion, the resulting nutrients are absorbed predominantly in the small intestine.",Describe two key histological features of the small intestine that significantly increase its surface area for absorption.,3,"[""Plicae circulares / Circular folds - permanent folds of mucosa and submucosa"", ""Villi - finger-like projections of the mucosa"", ""Microvilli / Brush border - microscopic projections on enterocytes""]",[Subtopic: Histology of the gastrointestinal tract and liver] The small intestine is adapted for absorption with several features. Plicae circulares (circular folds) are macroscopic folds of mucosa and submucosa. Villi are finger-like projections of the mucosa. Microvilli form a brush border on the apical surface of enterocytes. All greatly increase the absorptive surface area.,2026-05-16T11:04:57.276360
SAQ_76754080_Q4,D. Gastrointestinal tract and liver (GI-L),"Anatomical features of the gastrointestinal tract and liver, and abdomen","A young adult presents with chronic loose stools, particularly after fatty meals. They report occasional upper abdominal discomfort.",Most absorbed nutrients (excluding fats) are transported from the gastrointestinal tract to the liver via the hepatic portal system for processing.,Name two major veins that merge to form the hepatic portal vein.,2,"[""Superior mesenteric vein"", ""Inferior mesenteric vein"", ""Splenic vein""]","[Subtopic: Anatomical features of the gastrointestinal tract and liver, and abdomen] The hepatic portal vein is formed by the confluence of the superior mesenteric vein and the splenic vein. The inferior mesenteric vein usually drains into the splenic vein or sometimes directly into the superior mesenteric vein.",2026-05-16T11:04:57.276364
SAQ_76754080_Q5,D. Gastrointestinal tract and liver (GI-L),Physiological features of the gut,"A young adult presents with chronic loose stools, particularly after fatty meals. They report occasional upper abdominal discomfort.","The complex processes of digestion, motility, and secretion within the gastrointestinal tract are tightly regulated by the autonomic nervous system.","Name the two main divisions of the autonomic nervous system that innervate the gastrointestinal tract, stating which typically promotes digestive activity.",2,"[""Sympathetic"", ""Parasympathetic"", ""Parasympathetic (promotes digestive activity)""]","[Subtopic: Physiological features of the gut] The autonomic nervous system consists of the sympathetic and parasympathetic divisions. The parasympathetic nervous system generally promotes 'rest and digest' functions, increasing motility and secretions, while the sympathetic nervous system typically inhibits these activities.",2026-05-16T11:04:57.276368
SAQ_57646236_Q1,E. Neuroscience,Neuroanatomy,A 28-year-old woman is undergoing diagnostic imaging to investigate persistent headaches. The neurologist explains that the images will help assess the flow of cerebrospinal fluid (CSF) within her brain.,,Where is cerebrospinal fluid primarily produced within the brain?,2,"[""Choroid plexus"", ""Lateral ventricles"", ""Third ventricle"", ""Fourth ventricle""]","[Subtopic: Neuroanatomy] The choroid plexus, located in all four ventricles, is responsible for the majority of CSF production.",2026-05-16T11:05:15.173325
SAQ_57646236_Q2,E. Neuroscience,Neuroanatomy,A 28-year-old woman is undergoing diagnostic imaging to investigate persistent headaches. The neurologist explains that the images will help assess the flow of cerebrospinal fluid (CSF) within her brain.,"After production, CSF circulates through a specific pathway before reaching the subarachnoid space.","Starting from the lateral ventricles, list the structures through which CSF passes to reach the subarachnoid space.",3,"[""Interventricular foramina"", ""Foramen of Monro"", ""Third ventricle"", ""Cerebral aqueduct"", ""Aqueduct of Sylvius"", ""Fourth ventricle"", ""Lateral apertures"", ""Foramina of Luschka"", ""Median aperture"", ""Foramen of Magendie""]","[Subtopic: Neuroanatomy] CSF flows from the lateral ventricles, through the interventricular foramina (of Monro), into the third ventricle, then via the cerebral aqueduct (of Sylvius) to the fourth ventricle. From there, it exits through the median aperture (of Magendie) and the two lateral apertures (of Luschka) into the subarachnoid space.",2026-05-16T11:05:15.173334
SAQ_57646236_Q3,E. Neuroscience,Neurohistology,A 28-year-old woman is undergoing diagnostic imaging to investigate persistent headaches. The neurologist explains that the images will help assess the flow of cerebrospinal fluid (CSF) within her brain.,The lining of the ventricular system plays a crucial role in the movement and composition of CSF.,What type of glial cell lines the ventricles and contributes to CSF production and circulation?,1,"[""Ependymal cells"", ""Ependyma""]",[Subtopic: Neurohistology] Ependymal cells are specialised glial cells that line the ventricular system of the brain and the central canal of the spinal cord. They are involved in the production and circulation of CSF.,2026-05-16T11:05:15.173336
SAQ_57646236_Q4,E. Neuroscience,Neuroanatomy,A 28-year-old woman is undergoing diagnostic imaging to investigate persistent headaches. The neurologist explains that the images will help assess the flow of cerebrospinal fluid (CSF) within her brain.,"Once CSF has circulated through the subarachnoid space, it must be reabsorbed back into the venous system.",Name the structures responsible for the reabsorption of CSF into the dural venous sinuses.,2,"[""Arachnoid granulations"", ""Arachnoid villi"", ""Pacchionian bodies""]","[Subtopic: Neuroanatomy] Arachnoid granulations (also known as arachnoid villi or Pacchionian bodies) are protrusions of the arachnoid mater into the dural venous sinuses, primarily the superior sagittal sinus, where CSF is reabsorbed into the bloodstream.",2026-05-16T11:05:15.173338
SAQ_57646236_Q5,E. Neuroscience,Neuroanatomy,A 28-year-old woman is undergoing diagnostic imaging to investigate persistent headaches. The neurologist explains that the images will help assess the flow of cerebrospinal fluid (CSF) within her brain.,The reabsorption of CSF occurs into specific venous channels of the brain.,Into which major dural venous sinus are the majority of arachnoid granulations found?,2,"[""Superior sagittal sinus"", ""Sagittal sinus""]","[Subtopic: Neuroanatomy] While arachnoid granulations can be found in other dural venous sinuses, they are most numerous and prominent in the superior sagittal sinus.",2026-05-16T11:05:15.173340
SAQ_F2F94704_Q1,"F. Skin, UroGenital, Endocrine and Reproduction (SUGER)",Physiological features of the renal and urinary system,"A 22-year-old student attends A&E complaining of significant vomiting and diarrhoea for the past 24 hours. They feel dizzy and thirsty. Initial observations show a blood pressure of 90/60 mmHg and a heart rate of 110 bpm. Blood tests are awaited, but a urine sample is collected.",,What is the fundamental functional unit of the kidney responsible for forming urine?,1,"[""Nephron""]",[Subtopic: Physiological features of the renal and urinary system] The nephron is the microscopic structural and functional unit of the kidney. It is responsible for filtering blood and forming urine.,2026-05-16T11:05:38.462443
SAQ_F2F94704_Q2,"F. Skin, UroGenital, Endocrine and Reproduction (SUGER)",Physiological features of the renal and urinary system,"A 22-year-old student attends A&E complaining of significant vomiting and diarrhoea for the past 24 hours. They feel dizzy and thirsty. Initial observations show a blood pressure of 90/60 mmHg and a heart rate of 110 bpm. Blood tests are awaited, but a urine sample is collected.","Within this unit, blood is initially filtered to form a protein-free filtrate.","Name the primary process by which blood plasma is filtered from the glomerulus into Bowman's capsule, and name one key pressure that drives this process.",3,"[""Glomerular filtration"", ""Hydrostatic pressure (in glomerular capillaries)"", ""Bowman's capsule hydrostatic pressure"", ""Oncotic pressure (in glomerular capillaries)"", ""Colloid osmotic pressure (in glomerular capillaries)""]","[Subtopic: Physiological features of the renal and urinary system] Glomerular filtration is the initial step in urine formation. It is primarily driven by the glomerular hydrostatic pressure, opposed by Bowman's capsule hydrostatic pressure and glomerular capillary oncotic pressure.",2026-05-16T11:05:38.462454
SAQ_F2F94704_Q3,"F. Skin, UroGenital, Endocrine and Reproduction (SUGER)",Histology of SUGER,"A 22-year-old student attends A&E complaining of significant vomiting and diarrhoea for the past 24 hours. They feel dizzy and thirsty. Initial observations show a blood pressure of 90/60 mmHg and a heart rate of 110 bpm. Blood tests are awaited, but a urine sample is collected.","The filtration process is highly selective, allowing water and small solutes to pass through, but retaining larger molecules like proteins.",Name the three main layers that constitute the glomerular filtration barrier.,3,"[""Fenestrated endothelium (of glomerular capillaries)"", ""Glomerular basement membrane (GBM)"", ""Podocytes (with slit diaphragms)"", ""Filtration slits (of podocytes)""]","[Subtopic: Histology of SUGER] The filtration barrier consists of the fenestrated endothelial cells of the glomerular capillaries, the glomerular basement membrane, and the podocytes (visceral layer of Bowman's capsule) which have filtration slits.",2026-05-16T11:05:38.462457
SAQ_F2F94704_Q4,"F. Skin, UroGenital, Endocrine and Reproduction (SUGER)",Physiological features of the endocrine system,"A 22-year-old student attends A&E complaining of significant vomiting and diarrhoea for the past 24 hours. They feel dizzy and thirsty. Initial observations show a blood pressure of 90/60 mmHg and a heart rate of 110 bpm. Blood tests are awaited, but a urine sample is collected.","Given the patient's symptoms, their body will be trying to conserve water. One hormone plays a crucial role in increasing water reabsorption in the collecting ducts.",Name this hormone.,1,"[""Antidiuretic hormone (ADH)"", ""Vasopressin (AVP)""]","[Subtopic: Physiological features of the endocrine system] Antidiuretic hormone (ADH), also known as vasopressin (AVP), is released from the posterior pituitary and acts on the collecting ducts to increase water reabsorption, thus conserving body fluid.",2026-05-16T11:05:38.462459
SAQ_F2F94704_Q5,"F. Skin, UroGenital, Endocrine and Reproduction (SUGER)",Physiological features of the renal and urinary system,"A 22-year-old student attends A&E complaining of significant vomiting and diarrhoea for the past 24 hours. They feel dizzy and thirsty. Initial observations show a blood pressure of 90/60 mmHg and a heart rate of 110 bpm. Blood tests are awaited, but a urine sample is collected.","While ADH primarily affects the collecting ducts, a significant proportion of filtered substances, including water, ions, and nutrients, are reabsorbed earlier in the nephron.",Name the section of the nephron where the majority (approximately 65-70%) of filtered water and solutes are reabsorbed.,2,"[""Proximal convoluted tubule (PCT)"", ""Proximal tubule""]","[Subtopic: Physiological features of the renal and urinary system] The proximal convoluted tubule is the primary site of reabsorption, where most filtered water, electrolytes, and nutrients are reclaimed from the filtrate.",2026-05-16T11:05:38.462461
SAQ_C374050A_Q1,G. Musculoskeletal (MSK),Bone,A 19-year-old university student is training for a marathon. They are particularly focused on strengthening their bones and muscles to prevent injuries.,,Name the two main types of bone tissue found in the human skeleton and state one key structural difference between them.,2,"[""Cortical bone"", ""Compact bone"", ""Trabecular bone"", ""Cancellous bone"", ""Cortical is dense/outer layer; Trabecular is porous/inner layer"", ""Cortical forms the shaft/diaphysis of long bones; Trabecular forms the ends/epiphyses""]","[Subtopic: Bone] Cortical (or compact) bone is dense and forms the outer layer of most bones, providing strength. Trabecular (or cancellous) bone is porous and found in the inner part, particularly in the ends of long bones and vertebrae, providing strength without excessive weight.",2026-05-16T11:06:12.180099
SAQ_C374050A_Q2,G. Musculoskeletal (MSK),Bone,A 19-year-old university student is training for a marathon. They are particularly focused on strengthening their bones and muscles to prevent injuries.,,Identify the three main types of cells found in bone tissue and briefly describe one primary function for each.,2,"[""Osteoblasts - bone formation/synthesis of bone matrix"", ""Osteocytes - mature bone cells/maintain bone matrix/mechanosensation"", ""Osteoclasts - bone resorption/breakdown of bone matrix""]","[Subtopic: Bone] Osteoblasts are responsible for bone formation by synthesizing the organic matrix. Osteocytes are mature bone cells, trapped within the matrix, involved in maintaining bone tissue and sensing mechanical stress. Osteoclasts are large, multinucleated cells that resorb or break down bone tissue.",2026-05-16T11:06:12.180107
SAQ_C374050A_Q3,G. Musculoskeletal (MSK),Biochemistry/homeostasis,A 19-year-old university student is training for a marathon. They are particularly focused on strengthening their bones and muscles to prevent injuries.,Maintaining optimal bone health relies on a complex interplay of hormones and minerals.,"Regarding calcium homeostasis, name the primary hormone involved in increasing blood calcium levels and briefly describe one of its main actions.",2,"[""Parathyroid hormone (PTH)"", ""Increases bone resorption"", ""Increases renal calcium reabsorption"", ""Stimulates Vitamin D activation (to increase intestinal calcium absorption)""]","[Subtopic: Biochemistry/homeostasis] Parathyroid hormone (PTH) is the primary hormone responsible for raising blood calcium levels. It achieves this by stimulating osteoclast activity to release calcium from bone, increasing calcium reabsorption in the kidneys, and promoting the synthesis of active Vitamin D (calcitriol), which enhances intestinal calcium absorption.",2026-05-16T11:06:12.180109
SAQ_C374050A_Q4,G. Musculoskeletal (MSK),Muscle,A 19-year-old university student is training for a marathon. They are particularly focused on strengthening their bones and muscles to prevent injuries.,"To improve her running performance, the student is also focusing on strengthening her quadriceps muscles.","In skeletal muscle contraction, what two primary protein filaments slide past each other to cause shortening of the sarcomere?",2,"[""Actin"", ""Myosin""]",[Subtopic: Muscle] The two primary protein filaments that slide past each other during skeletal muscle contraction are actin (thin filaments) and myosin (thick filaments). This 'sliding filament model' causes the sarcomere to shorten.,2026-05-16T11:06:12.180111
SAQ_C374050A_Q5,G. Musculoskeletal (MSK),Exercise,A 19-year-old university student is training for a marathon. They are particularly focused on strengthening their bones and muscles to prevent injuries.,Her coach emphasizes the importance of weight-bearing exercise for strong bones.,"Explain why weight-bearing exercise is beneficial for bone strength, mentioning how bones respond to mechanical loading.",2,"[""Bones adapt to mechanical stress/loading"", ""Mechanical stress stimulates osteoblast activity"", ""Increases bone density/mass/strength"", ""Follows Wolff's Law""]","[Subtopic: Exercise] Bones respond to mechanical loading and stress (e.g., from weight-bearing exercise) by increasing their strength and density. Mechanical forces stimulate osteocytes to signal osteoblasts, leading to increased bone formation and a stronger skeletal structure, a principle known as Wolff's Law.",2026-05-16T11:06:12.180112
SAQ_1AEC4D09_Q1,H. Prescribing,Use of FP10 prescriptions in Primary Care (linked to 'Generalism and holistic patient care' - EYGP session 1),"Mr. Thomas, a 45-year-old man, attends his GP appointment to discuss his ongoing chronic pain. After a thorough assessment, the GP decides to initiate a new medication and issues a prescription.",,The GP issues an FP10 prescription for Mr. Thomas's new medication. Name two essential pieces of information about the patient that must be included on a valid FP10 prescription.,2,"[""Patient's full name"", ""Patient's date of birth"", ""Patient's address""]","[Subtopic: Use of FP10 prescriptions in Primary Care (linked to 'Generalism and holistic patient care' - EYGP session 1)] A valid FP10 prescription must include the patient's full name, date of birth, and address, among other details like the prescribing practitioner's signature and date.",2026-05-16T11:06:36.583439
SAQ_1AEC4D09_Q2,H. Prescribing,Prescribing Controlled Drugs (linked to 'Neurodiversity' - EYGP session 6),"Mr. Thomas, a 45-year-old man, attends his GP appointment to discuss his ongoing chronic pain. After a thorough assessment, the GP decides to initiate a new medication and issues a prescription.",The GP considers prescribing a strong opiate painkiller but decides against it due to the patient's history. These types of medicines often fall under specific legal classifications.,"Controlled drugs are classified into Schedules 1 to 5.
a) Which two Schedules typically require specific additional prescription requirements for their supply, such as the total quantity of the drug in words and figures?
b) Give one reason why certain drugs are classified as Controlled Drugs.",3,"[""a) Schedule 2"", ""a) Schedule 3"", ""b) Risk of abuse"", ""b) Risk of dependence"", ""b) Risk of harm if misused""]","[Subtopic: Prescribing Controlled Drugs (linked to 'Neurodiversity' - EYGP session 6)] Schedule 2 and 3 controlled drugs have stringent prescription requirements, including the need for the total quantity to be written in both words and figures. Drugs are classified as Controlled Drugs due to their potential for abuse, dependence, and harm.",2026-05-16T11:06:36.583447
SAQ_1AEC4D09_Q3,H. Prescribing,Routes of drug administration and medicine formulations (linked to 'Ischaemic heart disease / Health inequalities' - EYGP session 3),"Mr. Thomas, a 45-year-old man, attends his GP appointment to discuss his ongoing chronic pain. After a thorough assessment, the GP decides to initiate a new medication and issues a prescription.",Mr. Thomas is prescribed a new pain relief medication available as both an oral tablet and a transdermal patch.,Compare the onset of action and typical duration of effect for a medication administered via an oral tablet versus a transdermal patch.,2,"[""Oral tablet: Faster onset"", ""Oral tablet: Shorter duration"", ""Transdermal patch: Slower onset"", ""Transdermal patch: Longer duration""]","[Subtopic: Routes of drug administration and medicine formulations (linked to 'Ischaemic heart disease / Health inequalities' - EYGP session 3)] Oral tablets typically have a faster onset of action but a shorter duration of effect due to absorption through the gastrointestinal tract and first-pass metabolism. Transdermal patches allow for slow, continuous absorption through the skin, leading to a slower onset but a prolonged duration of action.",2026-05-16T11:06:36.583449
SAQ_1AEC4D09_Q4,H. Prescribing,Communication and patient counselling (linked to 'Skin / Fitness to practice' - EYGP session 8),"Mr. Thomas, a 45-year-old man, attends his GP appointment to discuss his ongoing chronic pain. After a thorough assessment, the GP decides to initiate a new medication and issues a prescription.","Before Mr. Thomas leaves, the GP explains how to take his new medication and what to expect.",Name two pieces of information a patient should be made aware of when starting a new medicine.,2,"[""How to take the medicine (dose, frequency, timing)"", ""Potential side effects"", ""Expected benefits/what it's for"", ""Duration of treatment"", ""Storage instructions"", ""What to do if a dose is missed"", ""Drug interactions""]","[Subtopic: Communication and patient counselling (linked to 'Skin / Fitness to practice' - EYGP session 8)] Effective patient counselling should cover how to take the medicine, its purpose, potential side effects, and what to do in specific situations like a missed dose.",2026-05-16T11:06:36.583450
SAQ_1AEC4D09_Q5,H. Prescribing,Adherence and non-adherence (linked to 'Chronic kidney disease (CKD) / Accessing healthcare for non-English speaking populations' - EYGP session 9),"Mr. Thomas, a 45-year-old man, attends his GP appointment to discuss his ongoing chronic pain. After a thorough assessment, the GP decides to initiate a new medication and issues a prescription.","Despite the GP's clear instructions, Mr. Thomas sometimes forgets to take his medication as prescribed.",List one common reason why patients might unintentionally not adhere to their prescribed medication regimen.,1,"[""Forgetfulness"", ""Poor understanding of instructions"", ""Complicated regimen (e.g., multiple doses/day)"", ""Cost"", ""Side effects""]","[Subtopic: Adherence and non-adherence (linked to 'Chronic kidney disease (CKD) / Accessing healthcare for non-English speaking populations' - EYGP session 9)] Forgetfulness is a very common unintentional reason for non-adherence. Other factors can include a complex regimen, poor understanding, or experiencing side effects.",2026-05-16T11:06:36.583452
SAQ_D4267B27_Q1,I. Public health,Prevent disease and promote good health,"A local council is planning a new initiative to improve the overall health and well-being of its residents, particularly focusing on reducing preventable diseases and promoting healthier lifestyles across the community.",,"In the context of this council initiative, what is the primary focus of public health, distinguishing it from individual medical care?",2,"[""Health of populations"", ""Health of communities"", ""Health of groups of people"", ""Preventing disease in populations""]","[Subtopic: Prevent disease and promote good health] Public health primarily focuses on the health of populations or communities as a whole, rather than the health of individual patients.",2026-05-16T11:06:58.155185
SAQ_D4267B27_Q2,I. Public health,Three pillars of public health,"A local council is planning a new initiative to improve the overall health and well-being of its residents, particularly focusing on reducing preventable diseases and promoting healthier lifestyles across the community.","To achieve its goals, the council must consider the fundamental areas of public health practice.",Name the three core pillars that underpin public health practice.,3,"[""Health Protection"", ""Health Improvement"", ""Health Services""]","[Subtopic: Three pillars of public health] The three core pillars of public health are Health Protection (e.g., infectious disease control), Health Improvement (e.g., promoting healthy lifestyles), and Health Services (e.g., planning and commissioning healthcare services).",2026-05-16T11:06:58.155196
SAQ_D4267B27_Q3,I. Public health,Take an interdisciplinary approach,"A local council is planning a new initiative to improve the overall health and well-being of its residents, particularly focusing on reducing preventable diseases and promoting healthier lifestyles across the community.",The council recognizes that successful public health interventions require a broad range of expertise.,"Why is an interdisciplinary approach, involving professionals from various fields, considered essential in public health initiatives?",2,"[""Complex health issues require diverse perspectives"", ""To address multiple determinants of health"", ""No single profession has all the solutions"", ""Holistic approach"", ""Better understanding of population needs""]","[Subtopic: Take an interdisciplinary approach] Public health issues are often complex, multifaceted, and influenced by a wide range of social, economic, and environmental factors. An interdisciplinary approach brings together diverse expertise (e.g., statisticians, sociologists, urban planners) to address these complex determinants comprehensively and effectively.",2026-05-16T11:06:58.155198
SAQ_D4267B27_Q4,I. Public health,Address social determinants of health,"A local council is planning a new initiative to improve the overall health and well-being of its residents, particularly focusing on reducing preventable diseases and promoting healthier lifestyles across the community.",The council is particularly interested in understanding the upstream factors influencing health.,Name two distinct social determinants of health that the council should consider when designing its initiative.,2,"[""Education"", ""Income"", ""Socioeconomic status"", ""Employment"", ""Housing"", ""Access to healthy food"", ""Social support networks"", ""Environmental conditions"", ""Healthcare access""]","[Subtopic: Address social determinants of health] Social determinants of health are the non-medical factors that influence health outcomes. Examples include income, education, housing, employment, access to healthy food, and social support networks. Addressing these factors is crucial for improving population health.",2026-05-16T11:06:58.155201
SAQ_D4267B27_Q5,I. Public health,Deliver effective and efficient healthcare,"A local council is planning a new initiative to improve the overall health and well-being of its residents, particularly focusing on reducing preventable diseases and promoting healthier lifestyles across the community.",One of the council's concerns is ensuring equitable access to healthcare services for all residents.,Give one example of how health inequities might specifically affect an older adult's access to healthcare services.,1,"[""Difficulty with transport to appointments"", ""Digital exclusion (difficulty booking online)"", ""Mobility issues preventing clinic visits"", ""Lack of accessible facilities"", ""Financial barriers (e.g., prescription costs)"", ""Stigma associated with certain conditions""]","[Subtopic: Deliver effective and efficient healthcare] Health inequities can disproportionately affect vulnerable populations. For older adults, this might manifest as difficulties with physical access to clinics due to mobility issues or lack of transport, or challenges with digital appointment systems leading to reduced access to care.",2026-05-16T11:06:58.155204
SAQ_3A2D8B07_Q1,J. Critical numbers,Quantitative study design,A group of medical researchers wants to assess the effectiveness of a new exercise programme in reducing the risk of developing Type 2 Diabetes Mellitus in at-risk individuals. They plan to recruit 500 participants and follow them for 5 years.,,"What type of study design are the researchers planning if they randomly allocate participants to either the new exercise programme or a standard care group, and then compare the incidence of Type 2 Diabetes Mellitus between the two groups?",2,"[""Randomised Controlled Trial"", ""RCT"", ""Randomised Clinical Trial""]",[Subtopic: Quantitative study design] Randomised controlled trials are considered the gold standard for assessing the effectiveness of interventions due to their ability to minimise bias through random allocation.,2026-05-16T11:07:21.839370
SAQ_3A2D8B07_Q2,J. Critical numbers,Quantitative study design,A group of medical researchers wants to assess the effectiveness of a new exercise programme in reducing the risk of developing Type 2 Diabetes Mellitus in at-risk individuals. They plan to recruit 500 participants and follow them for 5 years.,"Before starting the intervention, the researchers collect baseline data on age, BMI, and family history of diabetes.","What is the term for a systematic error in a study that leads to a mistaken estimate of an exposure's effect on an outcome, which might arise if these baseline characteristics are not evenly distributed between groups?",2,"[""Bias""]",[Subtopic: Quantitative study design] Bias refers to any systematic error in a study that results in an incorrect estimate of the association between an exposure and an outcome. Randomisation aims to minimise bias by distributing confounding factors evenly.,2026-05-16T11:07:21.839378
SAQ_3A2D8B07_Q3,J. Critical numbers,Summary statistics,A group of medical researchers wants to assess the effectiveness of a new exercise programme in reducing the risk of developing Type 2 Diabetes Mellitus in at-risk individuals. They plan to recruit 500 participants and follow them for 5 years.,"At the end of the study, the researchers calculate the average reduction in blood glucose levels (a continuous numerical variable) in the intervention group.",Which common summary statistics would be appropriate to describe the central tendency of this numerical data?,2,"[""Mean"", ""Median""]",[Subtopic: Summary statistics] The mean (arithmetic average) and median (middle value) are common measures of central tendency used to describe numerical data. The choice between them often depends on the distribution of the data.,2026-05-16T11:07:21.839379
SAQ_3A2D8B07_Q4,J. Critical numbers,Quantitative study design,A group of medical researchers wants to assess the effectiveness of a new exercise programme in reducing the risk of developing Type 2 Diabetes Mellitus in at-risk individuals. They plan to recruit 500 participants and follow them for 5 years.,"The researchers find that the new exercise programme is associated with a lower incidence of Type 2 Diabetes. However, they acknowledge that association does not always imply causation.",Briefly explain the difference between 'association' and 'causation' in epidemiological studies.,2,"[""Association: indicates a relationship or correlation between variables; Causation: implies one variable directly influences or produces another."", ""Association: variables tend to occur together; Causation: one variable causes another.""]","[Subtopic: Quantitative study design] Association means that two variables are related or tend to occur together, while causation means that one variable directly leads to a change in another. Establishing causation requires more rigorous evidence than demonstrating mere association.",2026-05-16T11:07:21.839380
SAQ_3A2D8B07_Q5,J. Critical numbers,Inferential statistics,A group of medical researchers wants to assess the effectiveness of a new exercise programme in reducing the risk of developing Type 2 Diabetes Mellitus in at-risk individuals. They plan to recruit 500 participants and follow them for 5 years.,"After analysing their data, the researchers report a p-value of 0.03 when comparing the incidence of Type 2 Diabetes between the two groups.","Assuming a conventional significance level of 0.05, what conclusion can the researchers draw regarding the statistical significance of their findings?",2,"[""The result is statistically significant"", ""They can reject the null hypothesis""]","[Subtopic: Inferential statistics] A p-value of 0.03 is less than the significance level of 0.05, meaning the observed difference is unlikely to be due to chance. Therefore, the result is statistically significant, and the null hypothesis can be rejected.",2026-05-16T11:07:21.839382
SAQ_7C53DF59_Q1,K. Early Years General Practice (EYGP),Session 1 'Generalism and holistic patient care',A 28-year-old woman attends her GP appointment after a positive home pregnancy test.,,"In general terms, what is the primary role of the General Practitioner in her initial presentation?",1,"[""Confirmation of pregnancy"", ""Referral to midwifery services"", ""Initial advice and support"", ""Signposting to antenatal care"", ""Providing initial information""]","[Subtopic: Session 1 'Generalism and holistic patient care'] The GP plays a crucial role in confirming the pregnancy, providing initial support and advice, and promptly referring the patient to the relevant antenatal care services, often led by community midwives.",2026-05-16T11:07:46.195497
SAQ_7C53DF59_Q2,K. Early Years General Practice (EYGP),Session 2 'Pregnancy',A 28-year-old woman attends her GP appointment after a positive home pregnancy test.,She is referred to the community midwife for her initial antenatal booking appointment.,"During her first antenatal appointment with the midwife, what three routine blood tests are typically offered to screen for common conditions in the UK?",3,"[""Full Blood Count (FBC)"", ""Blood group and Rhesus D status"", ""Screening for infectious diseases (e.g., HIV, Hepatitis B, Syphilis)"", ""Rubella immunity status"", ""Sickle cell and Thalassemia screening""]","[Subtopic: Session 2 'Pregnancy'] Routine blood tests are crucial for identifying potential risks or conditions early in pregnancy. These commonly include Full Blood Count (to check for anaemia), blood group and Rhesus D status (for potential Rh incompatibility), and screening for infectious diseases such as HIV, Hepatitis B, and Syphilis. Rubella immunity and Sickle cell/Thalassemia screening are also offered.",2026-05-16T11:07:46.195505
SAQ_7C53DF59_Q3,K. Early Years General Practice (EYGP),Session 2 'Pregnancy',A 28-year-old woman attends her GP appointment after a positive home pregnancy test.,"During this appointment, the midwife discusses various aspects of a healthy pregnancy.",The midwife provides dietary advice. Name three types of food or drink that a pregnant woman should be advised to avoid or limit.,3,"[""Raw or undercooked meat/fish/eggs"", ""Soft cheeses (e.g., Brie, Camembert, Chevre)"", ""P\u00e2t\u00e9"", ""Liver and liver products (due to high Vitamin A)"", ""Certain fish (e.g., shark, marlin, swordfish due to mercury)"", ""Excess caffeine"", ""Alcohol""]","[Subtopic: Session 2 'Pregnancy'] Certain foods and drinks should be avoided or limited during pregnancy to reduce the risk of infection (e.g., listeriosis from soft cheeses, salmonella from raw eggs) or exposure to harmful substances (e.g., high mercury fish, excessive Vitamin A from liver, alcohol).",2026-05-16T11:07:46.195507
SAQ_7C53DF59_Q4,K. Early Years General Practice (EYGP),Session 2 'Pregnancy',A 28-year-old woman attends her GP appointment after a positive home pregnancy test.,The midwife also takes a detailed medical and family history.,Identify three factors in a woman's medical or family history that might classify her pregnancy as 'higher risk'.,3,"[""Previous preterm birth"", ""Previous stillbirth or recurrent miscarriage"", ""Pre-existing medical conditions (e.g., diabetes, hypertension, epilepsy, autoimmune disorders)"", ""Maternal age (very young or advanced maternal age)"", ""Multiple pregnancy"", ""Significant family history of genetic conditions"", ""Obesity"", ""Smoking/drug use""]","[Subtopic: Session 2 'Pregnancy'] Factors such as a history of previous pregnancy complications, pre-existing chronic medical conditions, or advanced maternal age can increase the risk of complications during pregnancy, necessitating closer monitoring.",2026-05-16T11:07:46.195509
SAQ_246623F4_Q1,A. Introduction to Medicine and Medical Science (IMMS),Cell biology,A young couple is attending a preconception clinic to discuss factors influencing a healthy pregnancy. They are reviewing basic biological concepts.,They are discussing the fundamental building blocks of life and how genetic material is organised within cells.,Name two organelles within a typical human eukaryotic cell that contain their own DNA.,2,"[""Nucleus"", ""Mitochondria""]","[Subtopic: Cell biology] The nucleus houses the cell's primary genome, organised into chromosomes. Mitochondria, responsible for cellular respiration, also possess their own circular DNA, reflecting their endosymbiotic origin.",2026-05-16T11:08:07.522496
SAQ_246623F4_Q2,A. Introduction to Medicine and Medical Science (IMMS),Genetics,A young couple is attending a preconception clinic to discuss factors influencing a healthy pregnancy. They are reviewing basic biological concepts.,The couple is keen to understand how genetic information stored in DNA leads to the production of functional proteins.,"Outline the two main sequential processes by which genetic information flows from DNA to protein synthesis, stating the cellular location where each process primarily occurs in a eukaryotic cell.",3,"[""Transcription (in nucleus)"", ""Translation (in cytoplasm / on ribosomes)""]","[Subtopic: Genetics] The central dogma of molecular biology describes the flow of genetic information: Transcription is the process where DNA is used as a template to synthesise messenger RNA (mRNA), occurring in the nucleus. Translation is the subsequent process where mRNA is used as a template to synthesise proteins, which takes place on ribosomes in the cytoplasm.",2026-05-16T11:08:07.522509
SAQ_246623F4_Q3,A. Introduction to Medicine and Medical Science (IMMS),Energy metabolism / Biochemistry,A young couple is attending a preconception clinic to discuss factors influencing a healthy pregnancy. They are reviewing basic biological concepts.,"Cellular processes, including DNA replication and protein synthesis, require a constant supply of energy.","Name the primary energy currency molecule used by cells for most metabolic processes, and state the main cellular compartment where the majority of this molecule is produced under aerobic conditions.",2,"[""ATP (Adenosine Triphosphate)"", ""Mitochondria""]","[Subtopic: Energy metabolism / Biochemistry] Adenosine Triphosphate (ATP) is the universal energy currency of the cell. Under aerobic conditions, the vast majority of ATP is synthesised through oxidative phosphorylation, which occurs within the mitochondria.",2026-05-16T11:08:07.522512
SAQ_246623F4_Q4,A. Introduction to Medicine and Medical Science (IMMS),Genetics,A young couple is attending a preconception clinic to discuss factors influencing a healthy pregnancy. They are reviewing basic biological concepts.,Understanding the process of gamete formation is important when considering reproduction.,"State the primary purpose of meiosis, and list two key events that occur during meiosis I but not meiosis II.",3,"[""Purpose: Produce haploid gametes / Reduce chromosome number by half / Introduce genetic variation"", ""Event 1: Homologous chromosome pairing (synapsis)"", ""Event 2: Crossing over / Recombination"", ""Event 3: Separation of homologous chromosomes""]","[Subtopic: Genetics] The primary purpose of meiosis is to produce four genetically distinct haploid gametes (sperm or ova) from a single diploid germline cell, thereby halving the chromosome number and ensuring genetic diversity. Key events unique to Meiosis I include the pairing of homologous chromosomes (synapsis), crossing over between non-sister chromatids, and the separation of homologous chromosomes.",2026-05-16T11:08:07.522515
SAQ_FA269F64_Q1,B. Cardiovascular system,Anatomical features of the cardiovascular system,"A 20-year-old student presents to their GP reporting occasional palpitations, especially during strenuous exercise. They describe a sensation of their heart beating very fast.",,"In a healthy individual, which specific structure is primarily responsible for initiating the electrical impulse that sets the heart's rhythm?",1,"[""Sinoatrial node"", ""SA node""]","[Subtopic: Anatomical features of the cardiovascular system] The sinoatrial (SA) node, located in the wall of the right atrium near the superior vena cava opening, is the natural pacemaker of the heart.",2026-05-16T11:08:32.780334
SAQ_FA269F64_Q2,B. Cardiovascular system,Anatomical features of the cardiovascular system,"A 20-year-old student presents to their GP reporting occasional palpitations, especially during strenuous exercise. They describe a sensation of their heart beating very fast.","Following the initiation of an electrical impulse, it must be rapidly conducted throughout the heart to ensure coordinated contraction.","List the next three major components of the cardiac conduction system through which the electrical signal passes, in order, after the sinoatrial node, to reach the ventricular muscle.",2,"[""Atrioventricular node"", ""AV node"", ""Bundle of His"", ""Atrioventricular bundle"", ""Bundle branches"", ""Purkinje fibres"", ""Purkinje system""]","[Subtopic: Anatomical features of the cardiovascular system] The correct sequence is SA node -> AV node -> Bundle of His -> Bundle branches -> Purkinje fibres. Award 1 mark for any two correct structures in sequence, 2 marks for three or more correct structures in sequence.",2026-05-16T11:08:32.780342
SAQ_FA269F64_Q3,B. Cardiovascular system,Histology of the cardiovascular system,"A 20-year-old student presents to their GP reporting occasional palpitations, especially during strenuous exercise. They describe a sensation of their heart beating very fast.",The heart's strong contractile force is due to the specialised muscle tissue forming its walls.,What is the specific type of muscle tissue that forms the muscular walls of the ventricles?,1,"[""Cardiac muscle"", ""Myocardium""]","[Subtopic: Histology of the cardiovascular system] The myocardium is composed of cardiac muscle cells, which are striated, branched, and connected by intercalated discs allowing for rapid electrical communication.",2026-05-16T11:08:32.780344
SAQ_FA269F64_Q4,B. Cardiovascular system,Physiological features of the cardiovascular system,"A 20-year-old student presents to their GP reporting occasional palpitations, especially during strenuous exercise. They describe a sensation of their heart beating very fast.","During exercise, the sympathetic nervous system is activated, contributing to the increased heart rate and palpitations.",Describe the physiological mechanism by which the sympathetic nervous system increases heart rate.,3,"[""Releases noradrenaline (norepinephrine)"", ""Releases adrenaline (epinephrine)"", ""Binds to beta-1 adrenergic receptors"", ""Increases the rate of depolarisation of the SA node"", ""Increases funny current (If) in pacemaker cells"", ""Increases calcium influx""]","[Subtopic: Physiological features of the cardiovascular system] The sympathetic nervous system releases noradrenaline (and adrenaline from the adrenal medulla), which binds to β1-adrenergic receptors on SA nodal cells. This increases the rate of depolarisation, primarily by increasing the 'funny current' (If) and calcium influx, thus speeding up the heart rate.",2026-05-16T11:08:32.780345
SAQ_FA269F64_Q5,B. Cardiovascular system,Anatomical features of the cardiovascular system,"A 20-year-old student presents to their GP reporting occasional palpitations, especially during strenuous exercise. They describe a sensation of their heart beating very fast.","While the focus is on the heart, effective systemic circulation is vital for delivering oxygenated blood to the entire body, especially during exercise.",Name two major arteries that typically arise directly from the aortic arch to supply the upper limbs and head.,2,"[""Brachiocephalic trunk"", ""Innominate artery"", ""Left common carotid artery"", ""Left subclavian artery""]","[Subtopic: Anatomical features of the cardiovascular system] The three main branches of the aortic arch are the brachiocephalic trunk (which further divides into the right subclavian and right common carotid), the left common carotid artery, and the left subclavian artery.",2026-05-16T11:08:32.780346
SAQ_FA269F64_Q6,B. Cardiovascular system,Physiological features of the cardiovascular system,"A 20-year-old student presents to their GP reporting occasional palpitations, especially during strenuous exercise. They describe a sensation of their heart beating very fast.",The efficient pumping action of the heart relies on the coordinated opening and closing of its valves during the cardiac cycle.,"During the period of ventricular ejection in the cardiac cycle, which two sets of heart valves are typically open?",1,"[""Aortic valve AND Pulmonary valve"", ""Semilunar valves""]","[Subtopic: Physiological features of the cardiovascular system] During ventricular ejection (systole), the aortic and pulmonary valves (semilunar valves) are open to allow blood to be pumped into the aorta and pulmonary artery, respectively. The mitral and tricuspid valves (AV valves) are closed to prevent backflow into the atria.",2026-05-16T11:08:32.780348
SAQ_BCDD1C7C_Q1,C. Respiratory system,Anatomical features of the respiratory system / thorax,A healthy 20-year-old medical student observes their own breathing during quiet respiration.,,Name the primary muscle of inspiration during quiet breathing and state its innervation.,2,"[""Diaphragm"", ""Phrenic nerve""]",[Subtopic: Anatomical features of the respiratory system / thorax] The diaphragm is the most important muscle for quiet inspiration. It is innervated by the phrenic nerve (C3-C5).,2026-05-16T11:08:54.953150
SAQ_BCDD1C7C_Q2,C. Respiratory system,Anatomical features of the respiratory system / thorax,A healthy 20-year-old medical student observes their own breathing during quiet respiration.,"When the student performs moderate exercise, their breathing becomes deeper and faster.",List two accessory muscles that would be actively engaged during forced inspiration.,2,"[""Sternocleidomastoid"", ""Scalenes (anterior, middle, posterior)"", ""Pectoralis Minor""]","[Subtopic: Anatomical features of the respiratory system / thorax] Accessory muscles of inspiration, such as the sternocleidomastoids and scalenes, elevate the ribs and sternum, increasing thoracic volume beyond what the diaphragm alone can achieve.",2026-05-16T11:08:54.953159
SAQ_BCDD1C7C_Q3,C. Respiratory system,Physiological features of the respiratory system,A healthy 20-year-old medical student observes their own breathing during quiet respiration.,The lungs are encased within a double-layered membrane within the thoracic cavity.,"Name the serous membrane that lines the thoracic cavity and covers the lungs, and briefly describe its main function in breathing.",2,"[""Pleura"", ""Parietal pleura"", ""Visceral pleura"", ""Lubrication (reduces friction)"", ""Creates negative pressure (to keep lungs inflated)"", ""Allows lungs to move with thoracic wall""]","[Subtopic: Physiological features of the respiratory system] The pleura (parietal and visceral) provides lubrication and creates a sealed space with negative pressure, allowing the lungs to expand and contract with the thoracic wall movements.",2026-05-16T11:08:54.953162
SAQ_BCDD1C7C_Q4,C. Respiratory system,Physiological features of the respiratory system,A healthy 20-year-old medical student observes their own breathing during quiet respiration.,Efficient gas exchange is crucial for oxygen delivery to the body and carbon dioxide removal. This occurs at the alveolar-capillary membrane.,List three factors that affect the rate of gas diffusion across the alveolar-capillary membrane.,3,"[""Partial pressure gradient"", ""Surface area of the membrane"", ""Thickness of the membrane"", ""Solubility of the gas"", ""Molecular weight of the gas""]","[Subtopic: Physiological features of the respiratory system] According to Fick's Law of Diffusion, the rate of gas diffusion is directly proportional to the surface area and partial pressure gradient, and inversely proportional to the thickness of the membrane. Gas solubility and molecular weight are also factors.",2026-05-16T11:08:54.953165
SAQ_BCDD1C7C_Q5,C. Respiratory system,Physiological features of the respiratory system,A healthy 20-year-old medical student observes their own breathing during quiet respiration.,The student's body continuously monitors blood gas levels to regulate breathing.,Name the primary chemical stimulus that is detected by central chemoreceptors to control the rate and depth of breathing.,1,"[""Carbon dioxide (CO2)"", ""Hydrogen ions (H+)"", ""pH (indirectly)""]","[Subtopic: Physiological features of the respiratory system] Central chemoreceptors, located in the medulla, are primarily sensitive to changes in the partial pressure of carbon dioxide (PCO2) in the arterial blood, which indirectly affects the pH of the cerebrospinal fluid (CSF).",2026-05-16T11:08:54.953167
SAQ_09657711_Q1,D. Gastrointestinal tract and liver (GI-L),"Anatomical features of the gastrointestinal tract and liver, and abdomen","A 22-year-old student presents with epigastric discomfort after eating, leading to a discussion about normal digestion.",,Name two major anatomical regions of the stomach.,2,"[""Fundus"", ""Cardia"", ""Body"", ""Pylorus"", ""Antrum""]","[Subtopic: Anatomical features of the gastrointestinal tract and liver, and abdomen] The stomach has distinct anatomical regions, including the cardia (junction with oesophagus), fundus (dome-shaped superior part), body (main central part), and pylorus (distal part leading to duodenum, consisting of antrum and canal).",2026-05-16T11:09:17.828653
SAQ_09657711_Q2,D. Gastrointestinal tract and liver (GI-L),"Physiological features of the liver, gallbladder and pancreas","A 22-year-old student presents with epigastric discomfort after eating, leading to a discussion about normal digestion.",The small intestine receives secretions from accessory organs to aid digestion.,State two key functions of the exocrine secretions from the pancreas in digestion.,2,"[""Neutralise gastric acid"", ""Secretion of bicarbonate"", ""Digestion of carbohydrates (e.g., via amylase)"", ""Digestion of fats (e.g., via lipase)"", ""Digestion of proteins (e.g., via proteases/trypsin/chymotrypsin)""]","[Subtopic: Physiological features of the liver, gallbladder and pancreas] The exocrine pancreas secretes bicarbonate-rich fluid to neutralise acidic chyme from the stomach, and a wide array of digestive enzymes (amylase, lipase, proteases) to break down macronutrients.",2026-05-16T11:09:17.828661
SAQ_09657711_Q3,D. Gastrointestinal tract and liver (GI-L),Physiological features of the gut,"A 22-year-old student presents with epigastric discomfort after eating, leading to a discussion about normal digestion.","After breakdown by pancreatic enzymes, the products of digestion are absorbed across the intestinal wall.",Briefly outline three main steps involved in the digestion and absorption of dietary fats from the lumen of the small intestine into the enterocyte.,3,"[""Emulsification (by bile salts/bile acids)"", ""Hydrolysis (by pancreatic lipase into fatty acids and monoglycerides)"", ""Formation of micelles"", ""Diffusion/absorption into enterocytes"", ""Re-esterification into triglycerides (inside enterocyte)"", ""Formation of chylomicrons (inside enterocyte)""]","[Subtopic: Physiological features of the gut] Dietary fats are first emulsified by bile salts, then hydrolysed by pancreatic lipase into fatty acids and monoglycerides. These form micelles which deliver them to the enterocyte surface for absorption. Inside the enterocyte, they are re-esterified into triglycerides and packaged into chylomicrons.",2026-05-16T11:09:17.828663
SAQ_09657711_Q4,D. Gastrointestinal tract and liver (GI-L),"Physiological features of the liver, gallbladder and pancreas","A 22-year-old student presents with epigastric discomfort after eating, leading to a discussion about normal digestion.","Beyond digestion, the liver performs numerous vital metabolic functions.","Name one protein produced by the liver that plays a major role in maintaining plasma oncotic pressure, and briefly state its primary function.",2,"[""Albumin; Maintains oncotic pressure/colloid osmotic pressure"", ""Albumin; Binds and transports substances (e.g., drugs, hormones, fatty acids, bilirubin)""]","[Subtopic: Physiological features of the liver, gallbladder and pancreas] Albumin, produced by the liver, is the most abundant plasma protein. Its primary functions include maintaining plasma oncotic (colloid osmotic) pressure, which prevents fluid from leaking out of blood vessels, and acting as a carrier for various substances.",2026-05-16T11:09:17.828665
SAQ_09657711_Q5,D. Gastrointestinal tract and liver (GI-L),Embryonic development of the gastrointestinal tract and liver,"A 22-year-old student presents with epigastric discomfort after eating, leading to a discussion about normal digestion.",Understanding the development of the gastrointestinal system is crucial in medicine.,From which primary embryonic gut division does the stomach primarily develop?,1,"[""Foregut""]","[Subtopic: Embryonic development of the gastrointestinal tract and liver] The primitive gut tube is divided into the foregut, midgut, and hindgut. The oesophagus, stomach, and the proximal half of the duodenum are derived from the foregut.",2026-05-16T11:09:17.828666
SAQ_B849EA98_Q1,E. Neuroscience,Neuroanatomy,"A 22-year-old student attends a freshers' health check. During the examination, the doctor tests her eye movements and pupillary reflexes.",,Which cranial nerve is primarily responsible for the abduction of the eye?,1,"[""Abducens nerve"", ""Cranial nerve VI"", ""CN VI""]","[Subtopic: Neuroanatomy] The abducens nerve (CN VI) innervates the lateral rectus muscle, which is solely responsible for abduction of the eye.",2026-05-16T11:09:42.636073
SAQ_B849EA98_Q2,E. Neuroscience,Neuroanatomy,"A 22-year-old student attends a freshers' health check. During the examination, the doctor tests her eye movements and pupillary reflexes.",,Name two other extraocular muscles located within the bony orbit.,2,"[""Superior rectus"", ""Inferior rectus"", ""Medial rectus"", ""Superior oblique"", ""Inferior oblique"", ""Levator palpebrae superioris""]","[Subtopic: Neuroanatomy] The bony orbit contains seven extraocular muscles: superior rectus, inferior rectus, medial rectus, lateral rectus, superior oblique, inferior oblique, and levator palpebrae superioris. The lateral rectus is responsible for abduction.",2026-05-16T11:09:42.636081
SAQ_B849EA98_Q3,E. Neuroscience,Neurophysiology,"A 22-year-old student attends a freshers' health check. During the examination, the doctor tests her eye movements and pupillary reflexes.",,"When light levels decrease, what physiological change occurs in the pupil diameter?",1,"[""Increase"", ""Dilates"", ""Gets larger""]","[Subtopic: Neurophysiology] In low light conditions, the pupil dilates (mydriasis) to allow more light to enter the eye. This reflex is mediated by the sympathetic nervous system.",2026-05-16T11:09:42.636082
SAQ_B849EA98_Q4,E. Neuroscience,Neuroanatomy,"A 22-year-old student attends a freshers' health check. During the examination, the doctor tests her eye movements and pupillary reflexes.",Visual information is processed to allow conscious perception of the environment.,"Outline the general pathway that visual information takes from the retina to the primary visual cortex, naming four key structures in order.",4,"[""Retina -> Optic nerve -> Optic chiasm -> Optic tract"", ""Optic nerve -> Optic chiasm -> Optic tract -> Lateral geniculate nucleus"", ""Optic chiasm -> Optic tract -> Lateral geniculate nucleus -> Optic radiations"", ""Optic tract -> Lateral geniculate nucleus -> Optic radiations -> Primary visual cortex""]","[Subtopic: Neuroanatomy] Visual information travels from the retina via the optic nerve, through the optic chiasm where some fibres decussate, then along the optic tracts to the lateral geniculate nucleus of the thalamus. From there, optic radiations project to the primary visual cortex in the occipital lobe.",2026-05-16T11:09:42.636084
SAQ_B849EA98_Q5,E. Neuroscience,Neurophysiology,"A 22-year-old student attends a freshers' health check. During the examination, the doctor tests her eye movements and pupillary reflexes.",Nerve impulses are transmitted rapidly along axons.,Describe the role of myelin in the conduction of action potentials along an axon.,2,"[""Insulates the axon"", ""Increases speed of conduction"", ""Facilitates saltatory conduction"", ""Prevents leakage of ions"", ""Concentrates ion channels at nodes of Ranvier"", ""Allows action potentials to 'jump' between nodes of Ranvier""]","[Subtopic: Neurophysiology] Myelin acts as an electrical insulator, preventing ion leakage across the axonal membrane. This allows action potentials to jump between the Nodes of Ranvier (saltatory conduction), significantly increasing the speed of impulse transmission compared to unmyelinated axons.",2026-05-16T11:09:42.636085
SAQ_E87B7459_Q1,"F. Skin, UroGenital, Endocrine and Reproduction (SUGER)",Anatomical features of the urogenital and pelvic organs,"A 72-year-old man presents to the emergency department with symptoms of dehydration, including feeling dizzy and lightheaded. His blood tests show elevated urea and creatinine levels, suggesting reduced kidney function. The medical team is assessing the underlying cause of his symptoms.",,Name the two main functional components of a nephron.,2,"[""Renal corpuscle"", ""Renal tubule"", ""Glomerulus"", ""Bowman's capsule"", ""Proximal convoluted tubule"", ""Loop of Henle"", ""Distal convoluted tubule"", ""Collecting duct""]","[Subtopic: Anatomical features of the urogenital and pelvic organs] The nephron, the functional unit of the kidney, consists of two main parts: the renal corpuscle (containing the glomerulus and Bowman's capsule) and the renal tubule (comprising the proximal convoluted tubule, loop of Henle, distal convoluted tubule, and collecting duct).",2026-05-16T11:10:07.884291
SAQ_E87B7459_Q2,"F. Skin, UroGenital, Endocrine and Reproduction (SUGER)",Physiological features of the renal and urinary system,"A 72-year-old man presents to the emergency department with symptoms of dehydration, including feeling dizzy and lightheaded. His blood tests show elevated urea and creatinine levels, suggesting reduced kidney function. The medical team is assessing the underlying cause of his symptoms.",The kidneys play a crucial role in maintaining fluid and electrolyte balance through processes like glomerular filtration.,List the three layers of the glomerular filtration barrier.,3,"[""Fenestrated endothelium of glomerular capillaries"", ""Glomerular basement membrane (GBM)"", ""Podocytes (with slit diaphragms)""]","[Subtopic: Physiological features of the renal and urinary system] The glomerular filtration barrier consists of three layers: the fenestrated endothelium of the glomerular capillaries, the glomerular basement membrane, and the podocytes (visceral layer of Bowman's capsule) with their foot processes and slit diaphragms.",2026-05-16T11:10:07.884298
SAQ_E87B7459_Q3,"F. Skin, UroGenital, Endocrine and Reproduction (SUGER)",Physiological features of the renal and urinary system,"A 72-year-old man presents to the emergency department with symptoms of dehydration, including feeling dizzy and lightheaded. His blood tests show elevated urea and creatinine levels, suggesting reduced kidney function. The medical team is assessing the underlying cause of his symptoms.","Hormones regulate various functions of the nephron, including water reabsorption.",Name two hormones that increase water reabsorption in the renal collecting ducts and briefly describe the primary mechanism of action for ONE of them.,3,"[""Antidiuretic hormone (ADH)"", ""Vasopressin (AVP)"", ""Aldosterone"", ""ADH/Vasopressin: increases permeability of collecting ducts to water by inserting aquaporin-2 channels."", ""Aldosterone: increases sodium reabsorption (and thus water follows) by increasing Na+/K+ ATPase pumps and ENaC channels in principal cells.""]","[Subtopic: Physiological features of the renal and urinary system] Antidiuretic hormone (ADH), also known as vasopressin, increases the water permeability of the collecting ducts by promoting the insertion of aquaporin-2 water channels into the apical membrane of principal cells. Aldosterone indirectly increases water reabsorption by increasing Na+ reabsorption in the collecting ducts.",2026-05-16T11:10:07.884300
SAQ_E87B7459_Q4,"F. Skin, UroGenital, Endocrine and Reproduction (SUGER)",Physiological features of the renal and urinary system,"A 72-year-old man presents to the emergency department with symptoms of dehydration, including feeling dizzy and lightheaded. His blood tests show elevated urea and creatinine levels, suggesting reduced kidney function. The medical team is assessing the underlying cause of his symptoms.",The nephron actively reabsorbs essential substances from the filtrate.,Which specific segment of the renal tubule reabsorbs the largest proportion of filtered sodium and water?,1,"[""Proximal convoluted tubule"", ""PCT""]","[Subtopic: Physiological features of the renal and urinary system] The proximal convoluted tubule (PCT) is responsible for reabsorbing approximately 65-70% of filtered sodium and water, along with nearly all filtered glucose and amino acids.",2026-05-16T11:10:07.884301
SAQ_E87B7459_Q5,"F. Skin, UroGenital, Endocrine and Reproduction (SUGER)",Anatomical features of the urogenital and pelvic organs,"A 72-year-old man presents to the emergency department with symptoms of dehydration, including feeling dizzy and lightheaded. His blood tests show elevated urea and creatinine levels, suggesting reduced kidney function. The medical team is assessing the underlying cause of his symptoms.",Understanding the kidney's vascular supply is essential for appreciating its function.,Name the main artery that supplies oxygenated blood to the kidney.,1,"[""Renal artery""]","[Subtopic: Anatomical features of the urogenital and pelvic organs] The renal artery, a direct branch from the abdominal aorta, provides the primary blood supply to the kidney.",2026-05-16T11:10:07.884302
SAQ_40D4E8DE_Q1,G. Musculoskeletal (MSK),Bone,An 80-year-old woman is assessed by her GP due to increasing frailty. Her bone density scan results suggest she is at increased risk of fractures.,,"Before discussing her fracture risk, the GP explains the basic structure of bone. Name the two primary types of bone tissue found in the adult skeleton.",2,"[""Cortical bone"", ""Trabecular bone"", ""Compact bone"", ""Spongy bone""]","[Subtopic: Bone] The two main types are cortical (compact) bone, which forms the dense outer layer, and trabecular (spongy) bone, found inside, particularly at the ends of long bones and in vertebrae.",2026-05-16T11:10:30.271427
SAQ_40D4E8DE_Q2,G. Musculoskeletal (MSK),Histology,An 80-year-old woman is assessed by her GP due to increasing frailty. Her bone density scan results suggest she is at increased risk of fractures.,Bone is a dynamic tissue constantly being formed and reabsorbed.,Name the bone cells primarily responsible for the synthesis and deposition of new bone matrix.,2,"[""Osteoblasts""]","[Subtopic: Histology] Osteoblasts are responsible for bone formation by synthesising and depositing osteoid, which then mineralises.",2026-05-16T11:10:30.271434
SAQ_40D4E8DE_Q3,G. Musculoskeletal (MSK),Biochemistry/homeostasis,An 80-year-old woman is assessed by her GP due to increasing frailty. Her bone density scan results suggest she is at increased risk of fractures.,Maintaining stable blood calcium levels is crucial for overall health and bone integrity.,"Name one hormone that directly increases blood calcium levels by acting on bone, kidneys, and the intestine.",3,"[""Parathyroid hormone"", ""PTH""]","[Subtopic: Biochemistry/homeostasis] Parathyroid hormone (PTH) is the primary regulator that increases blood calcium by stimulating osteoclast activity (bone resorption), increasing renal calcium reabsorption, and stimulating calcitriol (active vitamin D) production which increases intestinal calcium absorption.",2026-05-16T11:10:30.271435
SAQ_40D4E8DE_Q4,G. Musculoskeletal (MSK),Bone,An 80-year-old woman is assessed by her GP due to increasing frailty. Her bone density scan results suggest she is at increased risk of fractures.,"Calcium is essential for many physiological processes, not just bone health.","Aside from being a structural component, what is the largest physiological reservoir for calcium in the human body?",1,"[""Bone"", ""Skeleton""]","[Subtopic: Bone] Over 99% of the body's total calcium is stored in bone, serving as a critical reservoir.",2026-05-16T11:10:30.271437
SAQ_40D4E8DE_Q5,G. Musculoskeletal (MSK),Biochemistry/homeostasis,An 80-year-old woman is assessed by her GP due to increasing frailty. Her bone density scan results suggest she is at increased risk of fractures.,The patient's GP also discusses the importance of diet in maintaining bone health.,Name one mechanism by which calcium is absorbed from the small intestine.,2,"[""Transcellular absorption"", ""Paracellular absorption"", ""Active transport (transcellular)"", ""Passive diffusion (paracellular)""]","[Subtopic: Biochemistry/homeostasis] Calcium is absorbed in the small intestine via two main mechanisms: active, transcellular transport primarily in the duodenum, regulated by vitamin D, and passive, paracellular diffusion along the entire small intestine, which depends on the calcium concentration gradient.",2026-05-16T11:10:30.271438
SAQ_E9959541_Q1,H. Prescribing,Use of FP10 prescriptions in Primary Care,"Mr. Thomas, a 68-year-old man, attends his GP appointment to discuss a new medication for his chronic joint pain. He has previously tried some over-the-counter options.",,"When a GP issues a new prescription for Mr. Thomas, list two essential pieces of information that must legally be present on an FP10 form for it to be valid.",2,"[""Patient's full name"", ""Patient's address"", ""Patient's date of birth"", ""Prescriber's signature"", ""Prescriber's GMC number"", ""Date of prescription"", ""Drug name"", ""Drug strength"", ""Drug form"", ""Dose"", ""Quantity"", ""Directions for use""]","[Subtopic: Use of FP10 prescriptions in Primary Care] The FP10 is the standard prescription form in England. Key information ensures patient safety and legal validity, allowing the pharmacist to correctly dispense the medication and for the prescription to be auditable.",2026-05-16T11:10:53.548695
SAQ_E9959541_Q2,H. Prescribing,Non-pharmacological interventions,"Mr. Thomas, a 68-year-old man, attends his GP appointment to discuss a new medication for his chronic joint pain. He has previously tried some over-the-counter options.","Before considering a new medicine, the GP discusses various treatment approaches with Mr. Thomas.",Name two non-pharmacological interventions that could be suggested to Mr. Thomas for his chronic joint pain.,2,"[""Exercise"", ""Physiotherapy"", ""Weight loss"", ""Heat/cold therapy"", ""Occupational therapy"", ""Acupuncture"", ""Lifestyle modifications""]","[Subtopic: Non-pharmacological interventions] Non-pharmacological interventions often have fewer side effects, can empower patients, and are very effective, especially for chronic conditions like joint pain, often complementing pharmacological treatments.",2026-05-16T11:10:53.548705
SAQ_E9959541_Q3,H. Prescribing,Communication and patient counselling,"Mr. Thomas, a 68-year-old man, attends his GP appointment to discuss a new medication for his chronic joint pain. He has previously tried some over-the-counter options.",The GP decides to initiate a new medication for Mr. Thomas.,"When initiating a new medication, what two pieces of information should the GP ensure Mr. Thomas understands about his new medicine?",2,"[""How to take the medicine (dose, frequency, route)"", ""Why he is taking the medicine"", ""Potential side effects"", ""How to store the medicine"", ""When to review/stop the medicine"", ""What to do if a dose is missed"", ""Duration of treatment""]","[Subtopic: Communication and patient counselling] Effective communication and comprehensive patient counselling are vital for ensuring patient understanding, promoting adherence, and enhancing safety when starting a new medication.",2026-05-16T11:10:53.548707
SAQ_E9959541_Q4,H. Prescribing,Routes of drug administration and medicine formulations,"Mr. Thomas, a 68-year-old man, attends his GP appointment to discuss a new medication for his chronic joint pain. He has previously tried some over-the-counter options.","Mr. Thomas asks the GP if there are different ways to take medication, as he sometimes struggles with swallowing tablets.",Name two common routes of drug administration and provide an example of a medicine formulation suitable for each.,2,"[""Oral (tablet, capsule, liquid)"", ""Topical (cream, ointment, patch)"", ""Rectal (suppository)"", ""Inhalational (inhaler, nebuliser solution)"", ""Parenteral/Injection (solution for injection, suspension for injection)"", ""Sublingual (tablet, spray)""]","[Subtopic: Routes of drug administration and medicine formulations] The choice of drug administration route is determined by factors such as the drug's properties, the desired onset and duration of action, local or systemic effect, and patient convenience or ability to take the medicine.",2026-05-16T11:10:53.548710
SAQ_E9959541_Q5,H. Prescribing,Drugs associated with dependence and withdrawal symptoms,"Mr. Thomas, a 68-year-old man, attends his GP appointment to discuss a new medication for his chronic joint pain. He has previously tried some over-the-counter options.",The GP decides to prescribe a medicine for Mr. Thomas's pain that carries a risk of dependence if used long-term.,Name two strategies the prescriber could employ to minimise the risk of dependence when prescribing a medication with this potential.,2,"[""Prescribe the lowest effective dose"", ""Prescribe for the shortest necessary duration"", ""Regular review of treatment"", ""Tapering the dose upon discontinuation"", ""Patient education regarding dependence risk"", ""Avoiding combination with other CNS depressants"", ""Monitoring for signs of dependence""]","[Subtopic: Drugs associated with dependence and withdrawal symptoms] Prescribing medications with dependence potential requires careful consideration and the implementation of risk mitigation strategies to ensure patient safety and prevent harm, particularly in chronic conditions.",2026-05-16T11:10:53.548712
SAQ_15587E1D_Q1,I. Public health,Prevent disease and promote good health,A local council is planning a new health initiative for a diverse community with varying socioeconomic backgrounds to improve overall well-being.,,"Before implementing any strategies, the council's public health team needs to clarify its core mission. Briefly define the primary focus of public health.",2,"[""Focuses on the health of populations"", ""Disease prevention and health promotion for communities"", ""Improving health outcomes for populations"", ""Protecting and improving health at a community level""]","[Subtopic: Prevent disease and promote good health] Public health primarily focuses on the health of populations rather than individual patients, aiming to prevent disease and promote good health for all.",2026-05-16T11:11:13.958534
SAQ_15587E1D_Q2,I. Public health,Address social determinants of health,A local council is planning a new health initiative for a diverse community with varying socioeconomic backgrounds to improve overall well-being.,"The community health assessment revealed significant differences in health outcomes between different areas within the community, such as higher rates of certain conditions in low-income neighbourhoods.",Identify two broad categories of non-biological factors that public health often addresses to explain such health disparities.,2,"[""Social factors"", ""Economic factors"", ""Environmental factors"", ""Cultural factors"", ""Political factors"", ""Educational factors""]","[Subtopic: Address social determinants of health] Public health recognises that health is influenced by a wide range of social, economic, and environmental factors, often termed 'social determinants of health', which can lead to health disparities.",2026-05-16T11:11:13.958546
SAQ_15587E1D_Q3,I. Public health,Three pillars of public health,A local council is planning a new health initiative for a diverse community with varying socioeconomic backgrounds to improve overall well-being.,The council's public health strategy document outlines various activities. These activities are often categorised into specific domains or 'pillars' of public health.,Name two of these core domains/pillars of public health.,2,"[""Health protection"", ""Health improvement"", ""Health services""]","[Subtopic: Three pillars of public health] The three core pillars of public health are health protection (e.g., infectious disease control), health improvement (e.g., promoting healthy lifestyles), and health services (e.g., optimising healthcare delivery).",2026-05-16T11:11:13.958548
SAQ_15587E1D_Q4,I. Public health,Take an interdisciplinary approach,A local council is planning a new health initiative for a diverse community with varying socioeconomic backgrounds to improve overall well-being.,"To successfully implement and evaluate the new health initiative, the public health team will need expertise from various fields.","Name two types of professionals, other than medical doctors, who are essential for an effective interdisciplinary public health approach.",2,"[""Statisticians"", ""Epidemiologists"", ""Psychologists"", ""Sociologists"", ""Healthcare managers"", ""Environmental health officers"", ""Community development workers"", ""Nutritionists"", ""Public health nurses""]","[Subtopic: Take an interdisciplinary approach] Public health requires collaboration across many disciplines, including social sciences, statistics, and healthcare management, to address complex health issues effectively.",2026-05-16T11:11:13.958551
SAQ_15587E1D_Q5,I. Public health,Public health in practice – application of the principles of public health,A local council is planning a new health initiative for a diverse community with varying socioeconomic backgrounds to improve overall well-being.,"One aspect of the initiative aims to reduce the prevalence of a preventable condition, such as type 2 diabetes, across the entire community through education and access to healthy food options.",What is the overarching aim of such population-level interventions in public health?,2,"[""Disease prevention"", ""Health promotion"", ""Improving population health"", ""Reducing health inequalities"", ""Protecting the health of the community""]","[Subtopic: Public health in practice – application of the principles of public health] Population-level interventions in public health are designed to prevent disease, promote health, and reduce health inequalities across an entire community, rather than focusing on individual patient treatment.",2026-05-16T11:11:13.958553
SAQ_E371A2B4_Q1,J. Critical numbers,Quantitative study design,A GP is evaluating a new community exercise programme aimed at reducing the risk of cardiovascular disease in elderly patients. They are reviewing a research paper on its effectiveness.,The study randomly assigned participants to either the exercise programme or a control group receiving usual care.,What type of study design is being described?,1,"[""Randomised controlled trial"", ""RCT""]",[Subtopic: Quantitative study design] Randomised controlled trials are considered the gold standard for evaluating interventions due to the random assignment reducing selection bias and balancing known and unknown confounders.,2026-05-16T11:11:40.751263
SAQ_E371A2B4_Q2,J. Critical numbers,Summary statistics,A GP is evaluating a new community exercise programme aimed at reducing the risk of cardiovascular disease in elderly patients. They are reviewing a research paper on its effectiveness.,"In the study, the mean systolic blood pressure at 6 months for the exercise group was 130 mmHg and for the control group was 138 mmHg. The standard deviation for the exercise group was 10 mmHg.",What type of data is systolic blood pressure?,1,"[""Numeric (data)"", ""Quantitative (data)"", ""Continuous (data)""]","[Subtopic: Summary statistics] Systolic blood pressure is a type of numeric (or quantitative/continuous) data, as it can take any value within a given range.",2026-05-16T11:11:40.751271
SAQ_E371A2B4_Q3,J. Critical numbers,Inferential statistics,A GP is evaluating a new community exercise programme aimed at reducing the risk of cardiovascular disease in elderly patients. They are reviewing a research paper on its effectiveness.,The researchers report a P-value of 0.03 for the difference in systolic blood pressure between the two groups after 6 months.,Briefly explain what a P-value of 0.03 indicates in this context.,3,"[""There is a 3% chance of observing a difference as large as, or larger than, that observed if there was no true effect/difference (in the population)."", ""It is the probability of obtaining the observed results (or more extreme) if the null hypothesis were true."", ""Suggests the observed difference is unlikely to be due to chance alone."", ""Indicates statistical significance (at a conventional alpha level, e.g., 0.05).""]","[Subtopic: Inferential statistics] A P-value of 0.03 means that if there were truly no effect of the exercise programme (i.e., the null hypothesis was true), there would be a 3% probability of observing a difference in systolic blood pressure as large as or larger than the one found in the study due to random chance. This is typically interpreted as statistically significant at the 0.05 level.",2026-05-16T11:11:40.751273
SAQ_E371A2B4_Q4,J. Critical numbers,Critical appraisal,A GP is evaluating a new community exercise programme aimed at reducing the risk of cardiovascular disease in elderly patients. They are reviewing a research paper on its effectiveness.,"The GP notes that patients in the control group had a significantly higher proportion of smokers compared to the exercise group at baseline, despite randomisation.","What potential issue might this imbalance introduce, which could distort the true effect of the exercise programme?",2,"[""Confounding"", ""Confounding variable"", ""Confounder"", ""Bias (specifically selection bias if it arose from non-equal groups post-randomisation)""]","[Subtopic: Critical appraisal] If smoking is related to cardiovascular disease risk and unequally distributed between groups, it can act as a confounding variable, making it difficult to isolate the true effect of the exercise programme. This imbalance can lead to bias in the study's results.",2026-05-16T11:11:40.751274
SAQ_E371A2B4_Q5,J. Critical numbers,Critical appraisal,A GP is evaluating a new community exercise programme aimed at reducing the risk of cardiovascular disease in elderly patients. They are reviewing a research paper on its effectiveness.,"To properly evaluate the study, the GP uses a structured checklist to assess various aspects of its design, conduct, and reporting.",What general term describes the systematic process of evaluating the trustworthiness and relevance of research findings?,1,"[""Critical appraisal"", ""Appraisal""]","[Subtopic: Critical appraisal] Critical appraisal is the process of systematically examining research evidence to assess its validity, results, and relevance before using it to inform decisions. Checklists are common tools for this process.",2026-05-16T11:11:40.751276
SAQ_E371A2B4_Q6,J. Critical numbers,Inferential statistics,A GP is evaluating a new community exercise programme aimed at reducing the risk of cardiovascular disease in elderly patients. They are reviewing a research paper on its effectiveness.,"While the study found a statistically significant reduction in systolic blood pressure (P=0.03), the absolute difference between groups was only 2 mmHg.",Distinguish between statistical significance and clinical importance in this scenario.,2,"[""Statistical significance means the observed difference is unlikely due to chance, but clinical importance refers to whether the difference is large enough to have a meaningful impact on patient health."", ""P=0.03 shows statistical significance, but a 2 mmHg difference might not be clinically important as it may not translate into a relevant health benefit."", ""Statistical significance relates to the probability that the finding is not due to random chance, while clinical importance relates to the practical relevance or magnitude of the finding.""]","[Subtopic: Inferential statistics] Statistical significance indicates that an observed effect is unlikely to be due to chance. Clinical importance, however, refers to whether that observed effect is meaningful or practically relevant for patients, regardless of its statistical significance. A 2 mmHg drop in SBP, while statistically significant, may not be considered clinically important for reducing cardiovascular risk.",2026-05-16T11:11:40.751277
SAQ_C70305C8_Q1,K. Early Years General Practice (EYGP),Session 1 'Generalism and holistic patient care',"A 28-year-old woman attends her GP surgery for her first antenatal appointment, having recently found out she is pregnant.",,Briefly describe two key roles of a General Practitioner in providing antenatal care during a patient's pregnancy.,2,"[""Initial point of contact/diagnosis of pregnancy"", ""Holistic care/continuity of care"", ""Coordination with secondary care/midwifery services"", ""Management of minor ailments/non-pregnancy related health issues"", ""Health promotion/lifestyle advice"", ""Identifying and referring high-risk pregnancies""]","[Subtopic: Session 1 'Generalism and holistic patient care'] GPs often provide the initial diagnosis of pregnancy and offer early advice and support. They play a crucial role in holistic care, addressing the patient's overall health and wellbeing beyond just the pregnancy, and act as a coordinator between the patient and specialist midwifery or obstetric services.",2026-05-16T11:12:03.573985
SAQ_C70305C8_Q2,K. Early Years General Practice (EYGP),Session 2 'Pregnancy',"A 28-year-old woman attends her GP surgery for her first antenatal appointment, having recently found out she is pregnant.","During her first midwife appointment, several routine blood tests and scans are discussed.",Name three routine blood tests or scans offered to all pregnant women in the UK as part of antenatal care.,3,"[""Full Blood Count (FBC)/Haemoglobin"", ""Blood group and Rhesus D status"", ""Screening for infectious diseases (e.g., HIV, Hepatitis B, Syphilis)"", ""Screening for gestational diabetes (if risk factors present, often later)"", ""Ultrasound scan (dating scan/anomaly scan)"", ""Urine dipstick for proteinuria/glucose""]","[Subtopic: Session 2 'Pregnancy'] Routine antenatal care includes several investigations to monitor the health of both the mother and the foetus. These include blood tests for anaemia (FBC), blood group, and infectious diseases, as well as ultrasound scans to determine gestational age and check for foetal abnormalities.",2026-05-16T11:12:03.573992
SAQ_C70305C8_Q3,K. Early Years General Practice (EYGP),Session 2 'Pregnancy',"A 28-year-old woman attends her GP surgery for her first antenatal appointment, having recently found out she is pregnant.",The GP is discussing important lifestyle changes to promote a healthy pregnancy.,List three key pieces of lifestyle or dietary advice a GP would typically give to a pregnant woman.,3,"[""Avoid alcohol"", ""Stop smoking"", ""Limit caffeine intake"", ""Maintain a healthy, balanced diet"", ""Take folic acid supplements"", ""Take Vitamin D supplements"", ""Avoid certain foods (e.g., raw meat, unpasteurised dairy, soft cheeses, liver, high mercury fish)"", ""Regular moderate exercise"", ""Avoid illicit drug use""]","[Subtopic: Session 2 'Pregnancy'] Lifestyle and dietary modifications are crucial during pregnancy. GPs advise on avoiding harmful substances like alcohol and tobacco, ensuring adequate intake of essential vitamins like folic acid and Vitamin D, and maintaining a healthy diet and moderate exercise for the well-being of mother and baby.",2026-05-16T11:12:03.573994
SAQ_C70305C8_Q4,K. Early Years General Practice (EYGP),Session 2 'Pregnancy',"A 28-year-old woman attends her GP surgery for her first antenatal appointment, having recently found out she is pregnant.","During the consultation, the GP takes a detailed medical and family history to identify any potential risks.",State two factors from a patient's medical or family history that might indicate a higher-risk pregnancy.,2,"[""Previous pre-eclampsia"", ""Previous preterm birth"", ""Previous stillbirth or recurrent miscarriage"", ""Pre-existing medical conditions (e.g., diabetes, hypertension, epilepsy, autoimmune conditions)"", ""Family history of genetic disorders"", ""Advanced maternal age (>35 years)"", ""Extreme maternal age (<18 years)"", ""Multiple pregnancy (e.g., twins, triplets)"", ""Obesity (high BMI)""]",[Subtopic: Session 2 'Pregnancy'] Certain factors in a woman's medical and family history can increase the risk of complications during pregnancy. Identifying these early allows for appropriate monitoring and management to reduce potential adverse outcomes for both mother and baby.,2026-05-16T11:12:03.573995
SAQ_E6CC277B_Q1,A. Introduction to Medicine and Medical Science (IMMS),Cell biology,A young couple is discussing starting a family and visits their GP to understand the basic biological processes involved in reproduction and inheritance.,,"Before an egg can be fertilised, the cells forming the mother's body must divide for growth and repair. Name the specific type of cell division that is responsible for the growth and repair of somatic cells in the body.",1,"[""Mitosis"", ""Mitotic division""]","[Subtopic: Cell biology] Mitosis is the process of cell division that results in two genetically identical daughter cells, essential for growth and repair of somatic cells.",2026-05-16T11:12:28.204346
SAQ_E6CC277B_Q2,A. Introduction to Medicine and Medical Science (IMMS),Gametogenesis,A young couple is discussing starting a family and visits their GP to understand the basic biological processes involved in reproduction and inheritance.,"For reproduction, specialised cells are produced. The couple learned that these cells contain half the number of chromosomes of a normal somatic cell.","What is the name of the process that produces gametes (sperm and egg cells), and briefly state its main purpose in sexual reproduction.",2,"[""Meiosis (1 mark)"", ""To produce haploid gametes (1 mark)"", ""To halve the chromosome number (1 mark)""]","[Subtopic: Gametogenesis] Meiosis is the process of cell division that produces haploid gametes (sperm and egg cells), each containing half the number of chromosomes of the parent cell. This ensures that the chromosome number is restored upon fertilisation.",2026-05-16T11:12:28.204354
SAQ_E6CC277B_Q3,A. Introduction to Medicine and Medical Science (IMMS),Chromosome structure,A young couple is discussing starting a family and visits their GP to understand the basic biological processes involved in reproduction and inheritance.,"They are curious about the number of chromosomes in human cells, both somatic and germline.","State the number of chromosomes found in a normal human diploid somatic cell and a normal human haploid gamete, respectively.",2,"[""Somatic cell: 46 (1 mark)"", ""Diploid cell: 46 (1 mark)"", ""Gamete: 23 (1 mark)"", ""Haploid cell: 23 (1 mark)""]","[Subtopic: Chromosome structure] Normal human diploid somatic cells contain 46 chromosomes (23 pairs), while normal human haploid gametes (sperm or egg) contain 23 chromosomes.",2026-05-16T11:12:28.204356
SAQ_E6CC277B_Q4,A. Introduction to Medicine and Medical Science (IMMS),Genetics,A young couple is discussing starting a family and visits their GP to understand the basic biological processes involved in reproduction and inheritance.,"Chromosomes contain the genetic material, which is a complex macromolecule with a specific structure.","Describe the basic structure of a DNA double helix, mentioning its key components and their arrangement.",3,"[""Double helix structure (1 mark)"", ""Composed of two polynucleotide strands (1 mark)"", ""Sugar-phosphate backbone (1 mark)"", ""Nitrogenous bases (adenine, guanine, cytosine, thymine) (1 mark)"", ""Bases pair (A-T, C-G) (1 mark)"", ""Strands are antiparallel (1 mark)""]","[Subtopic: Genetics] DNA forms a double helix structure composed of two polynucleotide strands. Each strand has a sugar-phosphate backbone, and nitrogenous bases (adenine, guanine, cytosine, thymine) project inwards. The bases pair specifically (A with T, C with G) across the two strands, holding them together.",2026-05-16T11:12:28.204358
SAQ_E6CC277B_Q5,A. Introduction to Medicine and Medical Science (IMMS),Energy metabolism / Biochemistry,A young couple is discussing starting a family and visits their GP to understand the basic biological processes involved in reproduction and inheritance.,"The genetic information encoded in DNA is ultimately used to produce proteins, which carry out most cellular functions.",Identify the specific type of bond that links individual amino acids together to form a polypeptide chain.,1,"[""Peptide bond""]","[Subtopic: Energy metabolism / Biochemistry] Amino acids are linked together by peptide bonds to form polypeptide chains, which then fold into proteins.",2026-05-16T11:12:28.204359
SAQ_E6CC277B_Q6,A. Introduction to Medicine and Medical Science (IMMS),Energy metabolism / Biochemistry,A young couple is discussing starting a family and visits their GP to understand the basic biological processes involved in reproduction and inheritance.,Proteins often fold into complex three-dimensional structures which are critical for their function. One level of protein structure involves the overall 3D shape formed by interactions between distant amino acid residues.,What is the term for this overall three-dimensional shape of a single polypeptide chain?,1,"[""Tertiary structure""]","[Subtopic: Energy metabolism / Biochemistry] The tertiary structure refers to the overall three-dimensional folding of a single polypeptide chain, driven by interactions between amino acid side chains.",2026-05-16T11:12:28.204361
SAQ_5FAB8B07_Q1,B. Cardiovascular system,Physiological features of the cardiovascular system,A 22-year-old medical student is undergoing a routine health check-up. Her GP notes a regular pulse and normal heart sounds during auscultation.,,"During the cardiac cycle, the heart undergoes periods of contraction and relaxation. Name the two main phases of the cardiac cycle.",1,"[""Systole"", ""Diastole""]",[Subtopic: Physiological features of the cardiovascular system] The cardiac cycle consists of systole (contraction and ejection of blood) and diastole (relaxation and filling of blood).,2026-05-16T11:12:50.256220
SAQ_5FAB8B07_Q2,B. Cardiovascular system,Anatomical features of the cardiovascular system,A 22-year-old medical student is undergoing a routine health check-up. Her GP notes a regular pulse and normal heart sounds during auscultation.,"During the check-up, the GP also records a healthy blood pressure reading, which is tightly regulated by the body.","Identify two specific anatomical locations where baroreceptors, crucial for regulating blood pressure, are typically found.",2,"[""Carotid sinus"", ""Aortic arch"", ""Walls of large arteries""]","[Subtopic: Anatomical features of the cardiovascular system] Baroreceptors are mechanoreceptors located in the walls of the carotid sinuses and aortic arch, monitoring changes in arterial blood pressure.",2026-05-16T11:12:50.256246
SAQ_5FAB8B07_Q3,B. Cardiovascular system,Histology of the cardiovascular system,A 22-year-old medical student is undergoing a routine health check-up. Her GP notes a regular pulse and normal heart sounds during auscultation.,The heart wall is primarily composed of cardiac muscle.,Describe two key histological characteristics that differentiate cardiac muscle cells from skeletal muscle cells.,3,"[""Intercalated discs (present in cardiac, absent in skeletal)"", ""Branching fibres (cardiac muscle is branched, skeletal is unbranched/linear)"", ""Single central nucleus (cardiac muscle often has one central nucleus, skeletal muscle is multi-nucleated and peripherally located)"", ""Involuntary control (cardiac muscle is involuntary, skeletal is voluntary)""]","[Subtopic: Histology of the cardiovascular system] Cardiac muscle cells are branched, contain intercalated discs (which facilitate rapid electrical conduction), and typically have a single, centrally located nucleus. Skeletal muscle cells are unbranched, multinucleated, and under voluntary control.",2026-05-16T11:12:50.256249
SAQ_5FAB8B07_Q4,B. Cardiovascular system,Principle features of haematology,A 22-year-old medical student is undergoing a routine health check-up. Her GP notes a regular pulse and normal heart sounds during auscultation.,"As part of the routine check, a blood sample is taken for analysis.",Blood is composed of various cellular and non-cellular components. Name three distinct cellular components found in normal human blood.,3,"[""Erythrocytes"", ""Red blood cells"", ""Leucocytes"", ""White blood cells"", ""Platelets"", ""Thrombocytes"", ""Neutrophils"", ""Eosinophils"", ""Basophils"", ""Lymphocytes"", ""Monocytes""]","[Subtopic: Principle features of haematology] The cellular components of blood include erythrocytes (red blood cells), leucocytes (white blood cells, such as neutrophils, lymphocytes, monocytes, eosinophils, and basophils), and platelets (thrombocytes).",2026-05-16T11:12:50.256251
SAQ_5FAB8B07_Q5,B. Cardiovascular system,Embryonic development of the heart and circulation,A 22-year-old medical student is undergoing a routine health check-up. Her GP notes a regular pulse and normal heart sounds during auscultation.,The intricate structure of the adult heart develops from simpler forms during early embryonic stages.,Name the primary embryonic germ layer from which the heart and most of the cardiovascular system develop.,1,"[""Mesoderm""]","[Subtopic: Embryonic development of the heart and circulation] The heart and the majority of the cardiovascular system originate from the mesoderm, specifically the splanchnic lateral plate mesoderm.",2026-05-16T11:12:50.256254
SAQ_10843164_Q1,C. Respiratory system,Anatomical features of the respiratory system / thorax,"A 22-year-old athlete is undertaking a maximal exercise test on a treadmill. As their intensity increases, their respiratory rate and depth of breathing significantly increase to meet the metabolic demands.","During normal, quiet inspiration, the primary muscle involved in increasing thoracic volume is the diaphragm.","Name two muscles, in addition to the diaphragm, that are actively involved in increasing thoracic volume during forced inspiration.",2,"[""External intercostals"", ""Sternocleidomastoid"", ""Scalenes"", ""Pectoralis minor"", ""Serratus anterior""]","[Subtopic: Anatomical features of the respiratory system / thorax] While the diaphragm is key for quiet breathing, accessory muscles like the external intercostals, sternocleidomastoid, and scalenes become active during forced inspiration to further elevate the ribs and sternum, increasing intrathoracic volume.",2026-05-16T11:13:07.861269
SAQ_10843164_Q2,C. Respiratory system,Anatomical features of the respiratory system / thorax,"A 22-year-old athlete is undertaking a maximal exercise test on a treadmill. As their intensity increases, their respiratory rate and depth of breathing significantly increase to meet the metabolic demands.","At peak exercise, the athlete is actively expiring, which is typically a passive process at rest.",Name two muscles that are actively involved in decreasing thoracic volume during forced expiration.,2,"[""Internal intercostals"", ""Rectus abdominis"", ""External oblique"", ""Internal oblique"", ""Transversus abdominis""]","[Subtopic: Anatomical features of the respiratory system / thorax] Forced expiration involves contraction of the internal intercostals, which pull the ribs downwards and inwards, and the abdominal muscles, which push the diaphragm upwards, both actively decreasing thoracic volume.",2026-05-16T11:13:07.861278
SAQ_10843164_Q3,C. Respiratory system,Physiological features of the respiratory system,"A 22-year-old athlete is undertaking a maximal exercise test on a treadmill. As their intensity increases, their respiratory rate and depth of breathing significantly increase to meet the metabolic demands.",The active contraction and relaxation of the respiratory muscles drive ventilation by creating pressure gradients.,"During inspiration, how does the change in intrathoracic volume relate to the change in intra-alveolar pressure, facilitating airflow into the lungs?",2,"[""Increased volume leads to decreased pressure"", ""Increased volume results in lower pressure"", ""Decreased intra-alveolar pressure""]","[Subtopic: Physiological features of the respiratory system] According to Boyle's Law, when the intrathoracic volume increases during inspiration, the pressure within the alveoli decreases relative to atmospheric pressure, creating a pressure gradient that draws air into the lungs.",2026-05-16T11:13:07.861281
SAQ_10843164_Q4,C. Respiratory system,Physiological features of the respiratory system,"A 22-year-old athlete is undertaking a maximal exercise test on a treadmill. As their intensity increases, their respiratory rate and depth of breathing significantly increase to meet the metabolic demands.",The body carefully controls breathing to maintain appropriate blood gas levels.,"Which specific chemical factor in the blood is the primary determinant of the ventilatory drive at rest, detected by central chemoreceptors?",2,"[""Partial pressure of carbon dioxide (PCO2)"", ""PCO2"", ""CO2"", ""Hydrogen ion concentration (pH)"", ""pH""]","[Subtopic: Physiological features of the respiratory system] While oxygen is important, the partial pressure of carbon dioxide (PCO2), or more directly, the resulting hydrogen ion concentration (pH) in the cerebrospinal fluid, is the most potent stimulus for breathing at rest, detected by central chemoreceptors in the medulla.",2026-05-16T11:13:07.861283
SAQ_10843164_Q5,C. Respiratory system,Physiological features of the respiratory system,"A 22-year-old athlete is undertaking a maximal exercise test on a treadmill. As their intensity increases, their respiratory rate and depth of breathing significantly increase to meet the metabolic demands.","Peripheral chemoreceptors also play a role in regulating breathing, particularly in response to changes in arterial blood gases.",Name the two main anatomical locations where peripheral chemoreceptors are found.,2,"[""Carotid bodies"", ""Aortic bodies"", ""Carotid artery bifurcation"", ""Aortic arch""]","[Subtopic: Physiological features of the respiratory system] Peripheral chemoreceptors are located in the carotid bodies (at the bifurcation of the common carotid arteries) and the aortic bodies (in the aortic arch). They primarily respond to a decrease in arterial PO2, an increase in arterial PCO2, and a decrease in arterial pH.",2026-05-16T11:13:07.861285
SAQ_26DFAC69_Q1,D. Gastrointestinal tract and liver (GI-L),"Anatomical features of the gastrointestinal tract and liver, and abdomen","A 28-year-old man presents with intermittent upper abdominal discomfort, especially after meals. He reports no other significant symptoms and is otherwise healthy.",,Name the four main anatomical regions of the stomach.,2,"[""Cardia"", ""Fundus"", ""Body"", ""Pylorus"", ""Antrum"", ""Pyloric canal""]","[Subtopic: Anatomical features of the gastrointestinal tract and liver, and abdomen] The stomach is typically divided into the cardia, fundus, body (or corpus), and pylorus (which includes the pyloric antrum and pyloric canal). Each region has distinct histological and functional characteristics.",2026-05-16T11:13:30.412976
SAQ_26DFAC69_Q2,D. Gastrointestinal tract and liver (GI-L),Physiological features of the gut,"A 28-year-old man presents with intermittent upper abdominal discomfort, especially after meals. He reports no other significant symptoms and is otherwise healthy.",The stomach lining contains specialised cells to aid digestion.,Identify two crucial substances secreted by parietal (oxyntic) cells in the stomach.,2,"[""Hydrochloric acid"", ""HCl"", ""Intrinsic factor""]","[Subtopic: Physiological features of the gut] Parietal cells are critical for gastric digestion and nutrient absorption, secreting hydrochloric acid (HCl) to lower gastric pH and intrinsic factor, which is essential for vitamin B12 absorption in the ileum.",2026-05-16T11:13:30.412984
SAQ_26DFAC69_Q3,D. Gastrointestinal tract and liver (GI-L),Histology of the gastrointestinal tract and liver,"A 28-year-old man presents with intermittent upper abdominal discomfort, especially after meals. He reports no other significant symptoms and is otherwise healthy.",Histological examination of the gastric mucosa reveals various cell types contributing to its function.,"Apart from parietal (oxyntic) cells, name two other types of epithelial cells found within the gastric glands of the stomach body.",2,"[""Chief cells"", ""Peptic cells"", ""Mucous neck cells"", ""Enteroendocrine cells"", ""G-cells"", ""D-cells"", ""ECL cells""]","[Subtopic: Histology of the gastrointestinal tract and liver] The gastric glands contain diverse epithelial cell populations, including chief cells (secreting pepsinogen and gastric lipase), mucous neck cells (producing a thinner, acidic mucus), and enteroendocrine cells (which secrete hormones like gastrin, somatostatin, and histamine).",2026-05-16T11:13:30.412986
SAQ_26DFAC69_Q4,D. Gastrointestinal tract and liver (GI-L),"Anatomical features of the gastrointestinal tract and liver, and abdomen","A 28-year-old man presents with intermittent upper abdominal discomfort, especially after meals. He reports no other significant symptoms and is otherwise healthy.",Understanding the vascular supply to the abdominal organs is fundamental.,"The primary arterial supply to the stomach, along with other foregut derivatives, originates from a major branch of the abdominal aorta. Name this specific branch.",1,"[""Coeliac trunk"", ""Celiac artery""]","[Subtopic: Anatomical features of the gastrointestinal tract and liver, and abdomen] The coeliac trunk (or celiac artery) is the first major anterior branch of the abdominal aorta, supplying blood to the stomach, liver, spleen, and parts of the duodenum and pancreas via its main branches (left gastric, splenic, and common hepatic arteries).",2026-05-16T11:13:30.412987
SAQ_26DFAC69_Q5,D. Gastrointestinal tract and liver (GI-L),Physiological features of the gut,"A 28-year-old man presents with intermittent upper abdominal discomfort, especially after meals. He reports no other significant symptoms and is otherwise healthy.","Despite the stomach's highly acidic environment, its lining is normally protected from self-digestion.",Name three mechanisms by which the gastric mucosa protects itself from the highly acidic environment.,3,"[""Thick mucus layer"", ""Bicarbonate secretion"", ""Tight junctions"", ""Rapid epithelial cell turnover"", ""Prostaglandins (maintaining mucosal blood flow)"", ""Adequate mucosal blood flow""]","[Subtopic: Physiological features of the gut] The gastric mucosa employs a robust defence system including a thick, alkaline mucus layer containing bicarbonate, strong tight junctions between epithelial cells preventing acid penetration, rapid regeneration of damaged epithelial cells, and a rich blood supply to maintain cell integrity and carry away absorbed acid.",2026-05-16T11:13:30.412989
SAQ_617B8B22_Q1,E. Neuroscience,Neuroanatomy,A 68-year-old man presents to his GP complaining of increasing unsteadiness when walking and occasional dizziness. His daughter reports he sometimes struggles to pick up small objects and has noticed a slight tremor when he reaches for things.,,Which major posterior fossa structure is primarily responsible for coordinating voluntary movements and maintaining balance and posture?,1,"[""Cerebellum"", ""Cerebellar""]","[Subtopic: Neuroanatomy] The cerebellum plays a crucial role in motor control, including the coordination of voluntary movements, balance, and posture. Damage to the cerebellum can lead to ataxia, tremors, and difficulties with coordination.",2026-05-16T11:13:50.051259
SAQ_617B8B22_Q2,E. Neuroscience,Neurophysiology,A 68-year-old man presents to his GP complaining of increasing unsteadiness when walking and occasional dizziness. His daughter reports he sometimes struggles to pick up small objects and has noticed a slight tremor when he reaches for things.,The brain receives constant sensory input to help maintain balance and fine-tune movements.,Name two distinct types of sensory receptors found in muscles and tendons that provide proprioceptive information crucial for balance and coordination.,2,"[""Muscle spindles"", ""Golgi tendon organs"", ""Joint receptors""]","[Subtopic: Neurophysiology] Muscle spindles detect changes in muscle length and stretch velocity. Golgi tendon organs monitor muscle tension. Both provide critical proprioceptive feedback to the central nervous system, which is essential for motor control and balance.",2026-05-16T11:13:50.051271
SAQ_617B8B22_Q3,E. Neuroscience,Neuroanatomy,A 68-year-old man presents to his GP complaining of increasing unsteadiness when walking and occasional dizziness. His daughter reports he sometimes struggles to pick up small objects and has noticed a slight tremor when he reaches for things.,"The structure identified in Question 1 (cerebellum) receives input from various parts of the brain and spinal cord, processing it before sending out refined motor commands.",Name two of the three main deep nuclei within the cerebellum that are crucial for its output.,2,"[""Dentate nucleus"", ""Interposed nuclei"", ""Fastigial nucleus""]","[Subtopic: Neuroanatomy] The deep cerebellar nuclei are the primary output structures of the cerebellum. The dentate nucleus is the largest and is involved in planning and initiating voluntary movements. The interposed (emboliform and globose) nuclei influence motor execution, and the fastigial nucleus is crucial for balance and eye movements.",2026-05-16T11:13:50.051274
SAQ_617B8B22_Q4,E. Neuroscience,Neurohistology,A 68-year-old man presents to his GP complaining of increasing unsteadiness when walking and occasional dizziness. His daughter reports he sometimes struggles to pick up small objects and has noticed a slight tremor when he reaches for things.,"To execute coordinated movements, motor signals must ultimately reach the muscles.","Within the grey matter of the spinal cord, which type of neuron is responsible for directly innervating skeletal muscle fibres, forming the final common pathway for motor control?",1,"[""Alpha motor neuron"", ""Motor neuron"", ""Anterior horn cell""]","[Subtopic: Neurohistology] Alpha motor neurons (or anterior horn cells) located in the ventral horn of the spinal cord grey matter are the efferent neurons that transmit signals from the central nervous system to skeletal muscle fibres, initiating muscle contraction.",2026-05-16T11:13:50.051279
SAQ_617B8B22_Q5,E. Neuroscience,Neurophysiology,A 68-year-old man presents to his GP complaining of increasing unsteadiness when walking and occasional dizziness. His daughter reports he sometimes struggles to pick up small objects and has noticed a slight tremor when he reaches for things.,The speed and efficiency of nerve signal transmission are vital for rapid and precise movements.,Describe the role of myelin in the transmission of action potentials along axons.,2,"[""Increases conduction velocity"", ""Provides electrical insulation"", ""Allows saltatory conduction"", ""Reduces energy expenditure""]","[Subtopic: Neurophysiology] Myelin, formed by oligodendrocytes in the CNS and Schwann cells in the PNS, insulates the axon and increases the speed of action potential propagation through saltatory conduction, where the signal 'jumps' between nodes of Ranvier. This significantly improves the efficiency and speed of neural communication.",2026-05-16T11:13:50.051282
SAQ_617B8B22_Q6,E. Neuroscience,Neuroanatomy,A 68-year-old man presents to his GP complaining of increasing unsteadiness when walking and occasional dizziness. His daughter reports he sometimes struggles to pick up small objects and has noticed a slight tremor when he reaches for things.,Sensory information from the body's periphery travels up the spinal cord to reach higher brain centres.,"Name one major ascending tract in the spinal cord that carries proprioceptive information to the brain, vital for coordination.",2,"[""Dorsal columns"", ""Fasciculus gracilis"", ""Fasciculus cuneatus"", ""Spinocerebellar tract"", ""Posterior spinocerebellar tract"", ""Anterior spinocerebellar tract"", ""Cuneocerebellar tract""]","[Subtopic: Neuroanatomy] The dorsal columns (fasciculus gracilis and fasciculus cuneatus) convey conscious proprioception and fine touch. The spinocerebellar tracts (e.g., posterior and anterior spinocerebellar tracts) convey unconscious proprioception to the cerebellum, both crucial for coordination and balance.",2026-05-16T11:13:50.051284
SAQ_C212A8CF_Q1,"F. Skin, UroGenital, Endocrine and Reproduction (SUGER)",Physiological features of the renal and urinary system,"A 32-year-old man reports feeling very thirsty after a long, strenuous hike on a hot day. He notes his urine output has been significantly reduced, and his urine is very dark.",,What is the primary hormone responsible for increasing water reabsorption in the collecting ducts of the nephron?,1,"[""Antidiuretic hormone"", ""ADH"", ""Vasopressin"", ""AVP""]","[Subtopic: Physiological features of the renal and urinary system] Antidiuretic hormone (ADH), also known as vasopressin, acts on the collecting ducts and distal convoluted tubules to increase their permeability to water, leading to increased water reabsorption.",2026-05-16T11:14:14.566340
SAQ_C212A8CF_Q2,"F. Skin, UroGenital, Endocrine and Reproduction (SUGER)",Histology of SUGER,"A 32-year-old man reports feeling very thirsty after a long, strenuous hike on a hot day. He notes his urine output has been significantly reduced, and his urine is very dark.","In response to his dehydration, the Renin-Angiotensin-Aldosterone System (RAAS) would be activated.",Name the specific cells in the kidney that produce renin.,2,"[""Juxtaglomerular cells"", ""JG cells""]","[Subtopic: Histology of SUGER] Juxtaglomerular cells are specialized smooth muscle cells primarily located in the afferent arteriole (and to a lesser extent, the efferent arteriole) within the juxtaglomerular apparatus. They synthesize and secrete renin.",2026-05-16T11:14:14.566348
SAQ_C212A8CF_Q3,"F. Skin, UroGenital, Endocrine and Reproduction (SUGER)",Physiological features of the renal and urinary system,"A 32-year-old man reports feeling very thirsty after a long, strenuous hike on a hot day. He notes his urine output has been significantly reduced, and his urine is very dark.","Despite fluctuating blood pressure, the Glomerular Filtration Rate (GFR) is generally well-maintained.",Describe the intrinsic autoregulatory mechanism that helps maintain a relatively stable Glomerular Filtration Rate (GFR) when there is an increase in renal arterial pressure.,3,"[""Afferent arteriole constricts"", ""Constriction of afferent arteriole"", ""Myogenic response of afferent arteriole"", ""Reduces blood flow to glomerulus"", ""Maintains GFR"", ""Keeps glomerular capillary pressure stable""]","[Subtopic: Physiological features of the renal and urinary system] When renal arterial pressure increases, the afferent arteriole stretches. This stretching triggers a myogenic response, causing the afferent arteriole to constrict (1 mark). This constriction reduces the blood flow into the glomerulus (1 mark), thereby preventing a significant rise in glomerular capillary pressure and maintaining a relatively stable Glomerular Filtration Rate (GFR) (1 mark).",2026-05-16T11:14:14.566350
SAQ_C212A8CF_Q4,"F. Skin, UroGenital, Endocrine and Reproduction (SUGER)",Physiological features of the renal and urinary system,"A 32-year-old man reports feeling very thirsty after a long, strenuous hike on a hot day. He notes his urine output has been significantly reduced, and his urine is very dark.",The formation of urine begins with the filtration of plasma in the glomerulus.,Identify two distinct components of the glomerular filtration barrier.,2,"[""Fenestrated endothelium of glomerular capillaries"", ""Glomerular basement membrane (GBM)"", ""Podocytes"", ""Slit diaphragms (between podocyte foot processes)""]","[Subtopic: Physiological features of the renal and urinary system] The glomerular filtration barrier consists of three main layers: the fenestrated endothelium of the glomerular capillaries, the glomerular basement membrane (GBM), and the podocytes (visceral layer of Bowman's capsule) with their interdigitating foot processes and slit diaphragms.",2026-05-16T11:14:14.566352
SAQ_C212A8CF_Q5,"F. Skin, UroGenital, Endocrine and Reproduction (SUGER)",Anatomical features of the urogenital and pelvic organs,"A 32-year-old man reports feeling very thirsty after a long, strenuous hike on a hot day. He notes his urine output has been significantly reduced, and his urine is very dark.",The nephron is the functional unit of the kidney responsible for forming urine.,"Name the two main types of nephrons found in the kidney, based on their location.",2,"[""Cortical nephrons"", ""Juxtamedullary nephrons""]",[Subtopic: Anatomical features of the urogenital and pelvic organs] Cortical nephrons have glomeruli located in the outer cortex and short loops of Henle. Juxtamedullary nephrons have glomeruli deep in the cortex near the medulla and long loops of Henle that extend deep into the medulla.,2026-05-16T11:14:14.566353
SAQ_631F1296_Q1,G. Musculoskeletal (MSK),Bone,"A 16-year-old competitive runner presents for a routine check-up. Her GP explains the importance of bone health, especially during her rapid growth phase and with high-impact exercise.",Her GP discusses the different types of bone tissue found in her skeleton.,Name the two main types of bone tissue and state one key structural difference between them.,2,"[""Cortical bone"", ""Compact bone"", ""Trabecular bone"", ""Spongy bone"", ""Cancellous bone"", ""Cortical bone is dense/solid, Trabecular bone is porous/spongy"", ""Cortical bone forms outer layer, Trabecular bone forms inner layer"", ""Cortical bone is for strength/protection, Trabecular bone is for metabolic activity/marrow""]","[Subtopic: Bone] Cortical (or compact) bone is dense and forms the outer layer of most bones, providing strength. Trabecular (or spongy/cancellous) bone is porous and found at the ends of long bones and in vertebrae, providing metabolic activity and housing bone marrow.",2026-05-16T11:14:38.457779
SAQ_631F1296_Q2,G. Musculoskeletal (MSK),Bone,"A 16-year-old competitive runner presents for a routine check-up. Her GP explains the importance of bone health, especially during her rapid growth phase and with high-impact exercise.",Her GP explains that various cell types are crucial for maintaining bone structure and strength throughout her life.,Name three primary cell types found in mature bone tissue and briefly state the main function of each.,3,"[""Osteoblast: bone formation/synthesis of osteoid"", ""Osteocyte: maintain bone matrix/mechanosensation/regulate remodelling"", ""Osteoclast: bone resorption/breakdown of bone matrix""]","[Subtopic: Bone] Osteoblasts are responsible for bone formation, synthesizing osteoid. Osteocytes are mature bone cells that maintain the bone matrix and are involved in mechanosensation. Osteoclasts are responsible for bone resorption, breaking down old or damaged bone tissue.",2026-05-16T11:14:38.457789
SAQ_631F1296_Q3,G. Musculoskeletal (MSK),Biochemistry/homeostasis,"A 16-year-old competitive runner presents for a routine check-up. Her GP explains the importance of bone health, especially during her rapid growth phase and with high-impact exercise.",Calcium is vital for bone health and many other physiological processes. Her GP highlights how the body tightly regulates calcium levels.,"Name the primary hormone responsible for increasing blood calcium levels when they fall too low, and state the organ that produces it.",2,"[""Parathyroid hormone"", ""PTH"", ""Parathyroid glands""]","[Subtopic: Biochemistry/homeostasis] Parathyroid hormone (PTH), produced by the parathyroid glands, is the primary hormone that acts to increase blood calcium levels when they are too low.",2026-05-16T11:14:38.457792
SAQ_631F1296_Q4,G. Musculoskeletal (MSK),Biochemistry/homeostasis,"A 16-year-old competitive runner presents for a routine check-up. Her GP explains the importance of bone health, especially during her rapid growth phase and with high-impact exercise.",The hormone mentioned in the previous question exerts its effects on several target organs to restore calcium homeostasis.,Describe two specific actions of Parathyroid Hormone (PTH) in the kidney to increase blood calcium levels.,2,"[""Increases reabsorption of calcium in renal tubules"", ""Decreases reabsorption of phosphate in renal tubules"", ""Stimulates synthesis of active vitamin D (calcitriol) in kidneys"", ""Increases excretion of phosphate""]","[Subtopic: Biochemistry/homeostasis] In the kidney, PTH increases the reabsorption of calcium in the renal tubules, thereby reducing calcium loss in urine. It also decreases the reabsorption of phosphate, leading to increased phosphate excretion. Furthermore, PTH stimulates the synthesis of the active form of vitamin D (calcitriol) in the kidneys, which indirectly boosts calcium absorption from the gut.",2026-05-16T11:14:38.457794
SAQ_631F1296_Q5,G. Musculoskeletal (MSK),Biochemistry/homeostasis,"A 16-year-old competitive runner presents for a routine check-up. Her GP explains the importance of bone health, especially during her rapid growth phase and with high-impact exercise.","While PTH acts to raise blood calcium, another hormone has the opposite effect, particularly when calcium levels are high.",Name the hormone that acts to decrease blood calcium levels.,1,"[""Calcitonin""]","[Subtopic: Biochemistry/homeostasis] Calcitonin, secreted by the parafollicular cells (C cells) of the thyroid gland, acts to decrease blood calcium levels, primarily by inhibiting osteoclast activity and promoting calcium excretion by the kidneys.",2026-05-16T11:14:38.457797
SAQ_42BF9703_Q1,H. Prescribing,Use of FP10 prescriptions in Primary Care (linked to 'Generalism and holistic patient care' - EYGP session 1),"A 32-year-old patient, Mr. Davies, attends his GP appointment to discuss a new prescription for an existing long-term condition. He has some questions about the medication and how to obtain it.",,What is the common name for the standard prescription form used by GPs in primary care in the UK?,2,"[""FP10"", ""Green prescription form""]",[Subtopic: Use of FP10 prescriptions in Primary Care (linked to 'Generalism and holistic patient care' - EYGP session 1)] The FP10 is the official form used in the NHS for most prescriptions issued in primary care.,2026-05-16T11:15:00.641120
SAQ_42BF9703_Q2,H. Prescribing,National processes for medicines management (linked to 'Epilepsy' - EYGP session 7),"A 32-year-old patient, Mr. Davies, attends his GP appointment to discuss a new prescription for an existing long-term condition. He has some questions about the medication and how to obtain it.","Mr. Davies asks what essential information, beyond the specific medication details, must be included on a valid and legal prescription to ensure it can be dispensed correctly.","Name three essential pieces of information that must be included on an NHS prescription form, in addition to the prescribed medication, to make it valid and legal.",3,"[""Patient's name"", ""Patient's address"", ""Patient's date of birth"", ""Prescriber's signature"", ""Date of prescription"", ""Prescriber's name (printed)"", ""Prescriber's address""]","[Subtopic: National processes for medicines management (linked to 'Epilepsy' - EYGP session 7)] Valid prescriptions require specific patient and prescriber details, along with the date, to ensure accuracy, safety, and legality. Missing information can lead to dispensing delays.",2026-05-16T11:15:00.641127
SAQ_42BF9703_Q3,H. Prescribing,Adherence and non-adherence (linked to 'Chronic kidney disease (CKD) / Accessing healthcare for non-English speaking populations' - EYGP session 9),"A 32-year-old patient, Mr. Davies, attends his GP appointment to discuss a new prescription for an existing long-term condition. He has some questions about the medication and how to obtain it.",Mr. Davies expresses concern about remembering to take his new medication regularly as prescribed.,Name two practical strategies a prescriber or pharmacist might suggest to help improve a patient's adherence to their medication regimen.,2,"[""Using a pill organiser (dosette box)"", ""Setting alarms or reminders (e.g., on a phone)"", ""Linking medication taking to a daily routine (e.g., meal times, brushing teeth)"", ""Simplifying the medication regimen (if clinically appropriate)"", ""Providing clear written information and instructions"", ""Using a medication chart or diary""]",[Subtopic: Adherence and non-adherence (linked to 'Chronic kidney disease (CKD) / Accessing healthcare for non-English speaking populations' - EYGP session 9)] Poor adherence can lead to suboptimal treatment outcomes. Simple strategies can significantly help patients integrate medication into their daily lives.,2026-05-16T11:15:00.641129
SAQ_42BF9703_Q4,H. Prescribing,Use of FP10 prescriptions in Primary Care (linked to 'Generalism and holistic patient care' - EYGP session 1),"A 32-year-old patient, Mr. Davies, attends his GP appointment to discuss a new prescription for an existing long-term condition. He has some questions about the medication and how to obtain it.",Mr. Davies asks about prescription charges and if he will have to pay for his new medication.,List three categories of patients in England who are typically exempt from paying prescription charges.,3,"[""Children under 16"", ""Adults aged 60 or over"", ""People in full-time education aged 16, 17 or 18"", ""Pregnant women (with a valid Maternity Exemption Certificate)"", ""Women who have had a baby in the last 12 months (with a valid Maternity Exemption Certificate)"", ""People with certain specified medical conditions (e.g., cancer, diabetes, epilepsy) and a valid Medical Exemption Certificate"", ""People on certain low-income benefits"", ""War pensioners""]","[Subtopic: Use of FP10 prescriptions in Primary Care (linked to 'Generalism and holistic patient care' - EYGP session 1)] Many groups are exempt from prescription charges in England to ensure access to necessary medicines, based on age, income, or specific health conditions.",2026-05-16T11:15:00.641131
SAQ_600C2D25_Q1,I. Public health,Three pillars of public health,"A local council is reviewing its public health strategy for the upcoming year, focusing on improving the overall well-being of its residents in a diverse urban area.",,What are the three main pillars of public health that typically guide the strategy for improving population health?,3,"[""Health protection"", ""Health improvement"", ""Health services""]","[Subtopic: Three pillars of public health] These three core areas provide a comprehensive framework for public health action, addressing different aspects of population health management.",2026-05-16T11:15:19.975836
SAQ_600C2D25_Q2,I. Public health,Address social determinants of health,"A local council is reviewing its public health strategy for the upcoming year, focusing on improving the overall well-being of its residents in a diverse urban area.","The council has noted varying health outcomes across different socio-economic groups within the community, indicating the presence of health disparities.",Name three social determinants of health that the council might need to consider when planning interventions to reduce health disparities.,3,"[""Income"", ""Education"", ""Housing"", ""Employment"", ""Food security"", ""Access to healthcare"", ""Social support networks"", ""Early childhood development"", ""Neighbourhood environment""]","[Subtopic: Address social determinants of health] Social determinants of health are the non-medical factors that influence health outcomes. These include conditions in which people are born, grow, work, live, and age, and the wider set of forces and systems shaping the conditions of daily life.",2026-05-16T11:15:19.975843
SAQ_600C2D25_Q3,I. Public health,Take an interdisciplinary approach,"A local council is reviewing its public health strategy for the upcoming year, focusing on improving the overall well-being of its residents in a diverse urban area.","To effectively implement its strategy and address complex health issues, the council plans to work with various non-medical professionals.","Beyond medical doctors, name two other types of professionals who would typically be involved in an interdisciplinary public health team.",2,"[""Statisticians"", ""Epidemiologists"", ""Psychologists"", ""Sociologists"", ""Healthcare management professionals"", ""Environmental health officers"", ""Urban planners"", ""Social workers"", ""Educators"", ""Policy makers""]","[Subtopic: Take an interdisciplinary approach] Public health issues are multi-faceted and require diverse expertise from various disciplines to develop effective, holistic solutions.",2026-05-16T11:15:19.975845
SAQ_600C2D25_Q4,I. Public health,Prevent disease and promote good health,"A local council is reviewing its public health strategy for the upcoming year, focusing on improving the overall well-being of its residents in a diverse urban area.",One of the council's priorities is to encourage healthier lifestyles and improve the overall health status among its residents.,Briefly explain the difference between 'disease prevention' and 'health promotion' in a public health context.,2,"[""Disease prevention: actions aimed at avoiding or reducing the incidence/prevalence of specific diseases/conditions."", ""Health promotion: actions aimed at enabling people to increase control over, and to improve, their health / improve overall well-being.""]","[Subtopic: Prevent disease and promote good health] Disease prevention often targets specific conditions (e.g., vaccination for measles), whereas health promotion takes a broader approach to improve general well-being and health determinants (e.g., promoting healthy eating habits).",2026-05-16T11:15:19.975847
SAQ_174FE329_Q1,J. Critical numbers,Quantitative study design,A team of researchers is planning a study to evaluate a new lifestyle intervention aimed at reducing the risk of type 2 diabetes in adults with pre-diabetes. They are debating the best study design and how to interpret their findings.,,What type of study design is considered the 'gold standard' for evaluating the efficacy of a new intervention where participants can be randomly assigned to different groups?,2,"[""Randomised Controlled Trial"", ""RCT""]",[Subtopic: Quantitative study design] A Randomised Controlled Trial (RCT) is considered the 'gold standard' for intervention studies due to its ability to minimise bias through random allocation.,2026-05-16T11:15:41.496436
SAQ_174FE329_Q2,J. Critical numbers,Critical appraisal,A team of researchers is planning a study to evaluate a new lifestyle intervention aimed at reducing the risk of type 2 diabetes in adults with pre-diabetes. They are debating the best study design and how to interpret their findings.,The researchers want to minimise bias in their study design.,Name two types of bias that a well-designed randomised controlled trial (RCT) specifically aims to reduce.,2,"[""Selection bias"", ""Confounding bias"", ""Performance bias"", ""Information bias"", ""Observer bias"", ""Measurement bias""]",[Subtopic: Critical appraisal] Randomisation helps minimise selection bias and confounding. Blinding can help reduce performance bias and detection/information bias.,2026-05-16T11:15:41.496444
SAQ_174FE329_Q3,J. Critical numbers,Summary statistics,A team of researchers is planning a study to evaluate a new lifestyle intervention aimed at reducing the risk of type 2 diabetes in adults with pre-diabetes. They are debating the best study design and how to interpret their findings.,"As part of their study, the researchers will measure participants' weight (in kg) and their diabetes status (yes/no) after the intervention.",What *type of data* is each of these variables: (a) weight in kg; and (b) diabetes status (yes/no)?,2,"[""Weight: Numeric"", ""Weight: Continuous"", ""Diabetes status: Categorical"", ""Diabetes status: Nominal"", ""Diabetes status: Dichotomous"", ""Diabetes status: Binary""]","[Subtopic: Summary statistics] Weight is a numeric or continuous variable, as it can take any value within a given range. Diabetes status (yes/no) is a categorical, nominal, dichotomous, or binary variable as it represents distinct categories without inherent order.",2026-05-16T11:15:41.496446
SAQ_174FE329_Q4,J. Critical numbers,Inferential statistics,A team of researchers is planning a study to evaluate a new lifestyle intervention aimed at reducing the risk of type 2 diabetes in adults with pre-diabetes. They are debating the best study design and how to interpret their findings.,"Before conducting the study, the researchers formulate a hypothesis stating that there will be no difference in diabetes incidence between the intervention and control groups.",What is the common statistical name for a hypothesis that assumes no effect or no difference between groups?,2,"[""Null hypothesis""]","[Subtopic: Inferential statistics] The null hypothesis (H0) is a statement that there is no relationship between two measured phenomena, or no association among groups. It is usually the hypothesis researchers are trying to disprove.",2026-05-16T11:15:41.496447
SAQ_174FE329_Q5,J. Critical numbers,Inferential statistics,A team of researchers is planning a study to evaluate a new lifestyle intervention aimed at reducing the risk of type 2 diabetes in adults with pre-diabetes. They are debating the best study design and how to interpret their findings.,"After analysing their data, the researchers report a 'p-value' of 0.03 for the difference in diabetes incidence between the groups.","In the context of hypothesis testing, what does a 'p-value' fundamentally represent?",2,"[""The probability of observing results as extreme as, or more extreme than, the observed results, assuming the null hypothesis is true."", ""The probability of obtaining the observed data (or more extreme data) if there were no real effect/difference."", ""The probability of obtaining the observed results (or more extreme) by chance, assuming no true effect.""]","[Subtopic: Inferential statistics] The p-value is the probability of obtaining test results at least as extreme as the results actually observed during the test, assuming that the null hypothesis is correct. A small p-value (typically <0.05) leads to the rejection of the null hypothesis.",2026-05-16T11:15:41.496449
SAQ_AD78BBB1_Q1,K. Early Years General Practice (EYGP),Session 1 'Generalism and holistic patient care',"A 28-year-old woman, who is 8 weeks pregnant with her first child, attends her first antenatal appointment at the GP surgery.",,"In the UK healthcare system, what are two key roles of a General Practitioner, particularly in the context of early pregnancy care?",2,"[""First point of contact"", ""Gatekeeper to secondary care"", ""Holistic care provider"", ""Continuity of care"", ""Preventative health"", ""Coordinator of care"", ""Person-centred care""]","[Subtopic: Session 1 'Generalism and holistic patient care'] GPs are often the first point of contact for most health concerns, providing holistic and person-centred care, and acting as 'gatekeepers' to specialist secondary care services when needed.",2026-05-16T11:16:02.301613
SAQ_AD78BBB1_Q2,K. Early Years General Practice (EYGP),Session 2 'Pregnancy',"A 28-year-old woman, who is 8 weeks pregnant with her first child, attends her first antenatal appointment at the GP surgery.","During her first antenatal appointment, the GP explains that she will be offered several routine blood tests.",Name three common blood tests that are routinely offered to a pregnant woman in the UK as part of standard antenatal care.,3,"[""Full Blood Count (FBC)"", ""Blood group and rhesus status"", ""Syphilis screen"", ""Hepatitis B screen"", ""HIV screen"", ""Sickle cell and thalassaemia screening""]","[Subtopic: Session 2 'Pregnancy'] Routine blood tests include a Full Blood Count (to check for anaemia), determination of blood group and Rh status, and screening for infectious diseases such as HIV, Hepatitis B, and Syphilis. Screening for sickle cell and thalassaemia may also be offered depending on ethnicity.",2026-05-16T11:16:02.301624
SAQ_AD78BBB1_Q3,K. Early Years General Practice (EYGP),Session 2 'Pregnancy',"A 28-year-old woman, who is 8 weeks pregnant with her first child, attends her first antenatal appointment at the GP surgery.",The GP also provides advice on diet and lifestyle during pregnancy.,Identify two specific dietary recommendations that would typically be given to a pregnant woman to support a healthy pregnancy.,2,"[""Folic acid supplementation"", ""Vitamin D supplementation"", ""Avoidance of raw/undercooked meat/fish"", ""Avoidance of unpasteurised dairy"", ""Limit caffeine intake"", ""Increase fruit/vegetable intake"", ""Ensure adequate iron intake"", ""Avoid alcohol""]","[Subtopic: Session 2 'Pregnancy'] Key dietary recommendations include taking folic acid and vitamin D supplements, avoiding certain foods like raw or undercooked meats and unpasteurised dairy, and limiting caffeine and completely avoiding alcohol.",2026-05-16T11:16:02.301627
SAQ_AD78BBB1_Q4,K. Early Years General Practice (EYGP),Session 2 'Pregnancy',"A 28-year-old woman, who is 8 weeks pregnant with her first child, attends her first antenatal appointment at the GP surgery.",The GP discusses factors that might make a pregnancy 'higher risk' in future appointments.,Identify three factors that would classify a pregnancy as 'higher risk'.,3,"[""Pre-existing medical conditions (e.g., diabetes, hypertension, epilepsy)"", ""Previous adverse pregnancy outcomes (e.g., pre-eclampsia, stillbirth, preterm birth)"", ""Maternal age (e.g., very young or over 40)"", ""Multiple pregnancy"", ""Obesity (BMI > 30)"", ""Substance misuse (e.g., smoking, alcohol, illicit drugs)"", ""Family history of genetic conditions"", ""Certain ethnic backgrounds (for specific genetic screenings)""]","[Subtopic: Session 2 'Pregnancy'] Factors that can lead to a 'higher risk' pregnancy include pre-existing maternal medical conditions (e.g., diabetes, hypertension), advanced maternal age, a history of adverse pregnancy outcomes, or multiple pregnancies.",2026-05-16T11:16:02.301629
SAQ_EC31573A_Q1,A. Introduction to Medicine and Medical Science (IMMS),Genetics,"A young couple, Sarah and Mark, are planning a family and are reviewing their family medical history. Sarah's brother has an autosomal recessive condition, leading them to consider their own genetic risks.",,"In humans, how many chromosomes are typically found in a diploid somatic cell?",1,"[""46"", ""Twenty-three pairs""]","[Subtopic: Genetics] Human somatic cells are diploid, meaning they contain two sets of chromosomes, one from each parent, totaling 46 chromosomes (23 pairs).",2026-05-16T11:16:23.157325
SAQ_EC31573A_Q2,A. Introduction to Medicine and Medical Science (IMMS),Cell biology,"A young couple, Sarah and Mark, are planning a family and are reviewing their family medical history. Sarah's brother has an autosomal recessive condition, leading them to consider their own genetic risks.","For Sarah's brother's condition, both parents must be carriers, meaning they each carry one copy of the mutated gene. This gene is passed on through their germ cells.",Name the specific type of cell division that produces gametes (sperm and egg cells).,1,"[""Meiosis""]","[Subtopic: Cell biology] Meiosis is a specialized type of cell division that reduces the chromosome number by half, creating four haploid cells, each genetically distinct from the parent cell. This is essential for sexual reproduction.",2026-05-16T11:16:23.157335
SAQ_EC31573A_Q3,A. Introduction to Medicine and Medical Science (IMMS),Energy metabolism / Biochemistry,"A young couple, Sarah and Mark, are planning a family and are reviewing their family medical history. Sarah's brother has an autosomal recessive condition, leading them to consider their own genetic risks.",The condition is caused by a mutation in a specific gene. Genes are fundamental units of heredity and are composed of DNA.,Name the four nitrogenous bases that are the building blocks of a DNA molecule.,2,"[""Adenine"", ""Guanine"", ""Cytosine"", ""Thymine""]","[Subtopic: Energy metabolism / Biochemistry] DNA is a polymer of nucleotides. Each nucleotide consists of a deoxyribose sugar, a phosphate group, and one of four nitrogenous bases: Adenine (A), Guanine (G), Cytosine (C), and Thymine (T).",2026-05-16T11:16:23.157337
SAQ_EC31573A_Q4,A. Introduction to Medicine and Medical Science (IMMS),Cell histology and their ultrastructural components,"A young couple, Sarah and Mark, are planning a family and are reviewing their family medical history. Sarah's brother has an autosomal recessive condition, leading them to consider their own genetic risks.",The mutated gene typically codes for a protein crucial for normal cell function. This protein is synthesized within the cell.,Name the cellular organelle responsible for protein synthesis (translation).,2,"[""Ribosome"", ""Ribosomes""]","[Subtopic: Cell histology and their ultrastructural components] Ribosomes are complex molecular machines that carry out protein synthesis, or translation, of mRNA into protein.",2026-05-16T11:16:23.157340
SAQ_EC31573A_Q5,A. Introduction to Medicine and Medical Science (IMMS),Energy metabolism / Biochemistry,"A young couple, Sarah and Mark, are planning a family and are reviewing their family medical history. Sarah's brother has an autosomal recessive condition, leading them to consider their own genetic risks.",The functional protein produced from the gene undergoes several folding steps to achieve its correct three-dimensional structure.,List the four hierarchical levels of protein structure.,2,"[""Primary"", ""Secondary"", ""Tertiary"", ""Quaternary""]","[Subtopic: Energy metabolism / Biochemistry] Proteins can have up to four levels of structure: primary (amino acid sequence), secondary (local folding patterns like alpha-helices and beta-sheets), tertiary (overall 3D shape of a single polypeptide chain), and quaternary (arrangement of multiple polypeptide chains).",2026-05-16T11:16:23.157342
SAQ_EC31573A_Q6,A. Introduction to Medicine and Medical Science (IMMS),Genetics,"A young couple, Sarah and Mark, are planning a family and are reviewing their family medical history. Sarah's brother has an autosomal recessive condition, leading them to consider their own genetic risks.","Although Sarah carries one copy of the mutated gene, she does not show any symptoms of the condition.","What term describes the genetic makeup of an individual, often in relation to a specific trait, which determines their potential characteristics?",2,"[""Genotype""]","[Subtopic: Genetics] The genotype refers to the specific set of alleles (forms of a gene) an individual possesses, which contributes to their observable traits (phenotype).",2026-05-16T11:16:23.157345
SAQ_71A96339_Q1,B. Cardiovascular system,Anatomical features of the cardiovascular system,A 22-year-old medical student is learning to auscultate heart sounds during a teaching session.,,"When auscultating for the mitral valve, at which intercostal space and in relation to which anatomical landmark would you place your stethoscope?",2,"[""Fifth intercostal space"", ""5th intercostal space"", ""Midclavicular line"", ""Left midclavicular line""]","[Subtopic: Anatomical features of the cardiovascular system] The mitral valve is best heard over the apex beat, which is typically found in the fifth left intercostal space in the midclavicular line.",2026-05-16T11:16:42.498267
SAQ_71A96339_Q2,B. Cardiovascular system,Histology of the cardiovascular system,A 22-year-old medical student is learning to auscultate heart sounds during a teaching session.,Understanding the structure of the heart wall is crucial for appreciating its function.,"Name the three principal layers of the heart wall, from innermost to outermost.",2,"[""Endocardium"", ""Myocardium"", ""Epicardium"", ""Pericardium (visceral layer)""]","[Subtopic: Histology of the cardiovascular system] The heart wall is composed of the endocardium (inner lining), myocardium (muscular layer), and epicardium (outer visceral layer of the serous pericardium).",2026-05-16T11:16:42.498275
SAQ_71A96339_Q3,B. Cardiovascular system,Physiological features of the cardiovascular system,A 22-year-old medical student is learning to auscultate heart sounds during a teaching session.,"During the cardiac cycle, different valves open and close to direct blood flow.","During normal ventricular systole, which two heart valves are typically open?",2,"[""Aortic valve"", ""Pulmonary valve"", ""Semilunar valves""]","[Subtopic: Physiological features of the cardiovascular system] During ventricular systole, the ventricles contract, ejecting blood into the great arteries. This requires the aortic and pulmonary (semilunar) valves to be open, while the mitral and tricuspid (AV) valves are closed.",2026-05-16T11:16:42.498276
SAQ_71A96339_Q4,B. Cardiovascular system,Physiological features of the cardiovascular system,A 22-year-old medical student is learning to auscultate heart sounds during a teaching session.,The heart has a specialized electrical conduction system that coordinates its contractions.,Which specific structure within the heart is normally responsible for initiating the electrical impulse that sets the heart rate?,2,"[""Sinoatrial node"", ""SA node""]","[Subtopic: Physiological features of the cardiovascular system] The sinoatrial (SA) node, located in the wall of the right atrium, is the primary pacemaker of the heart, spontaneously generating electrical impulses.",2026-05-16T11:16:42.498278
SAQ_71A96339_Q5,B. Cardiovascular system,Principle features of haematology,A 22-year-old medical student is learning to auscultate heart sounds during a teaching session.,"The circulatory system also includes blood, which has various components essential for body function.",Name two major plasma proteins found in blood and state one primary function for each.,2,"[""Albumin (maintains osmotic pressure)"", ""Albumin (transports substances like hormones/drugs)"", ""Fibrinogen (involved in blood clotting)"", ""Globulins (immunity / antibodies)"", ""Globulins (transport of lipids / fat-soluble vitamins)""]","[Subtopic: Principle features of haematology] Plasma proteins include albumin (maintains osmotic pressure, transports substances), globulins (antibodies for immunity, transport functions), and fibrinogen (a precursor to fibrin in the clotting cascade).",2026-05-16T11:16:42.498279
SAQ_DEAA8802_Q1,C. Respiratory system,Anatomical features of the respiratory system / thorax,"A healthy 20-year-old student is performing a strenuous workout at the gym, experiencing increased heart rate and respiratory effort.",,"During strenuous exercise, the student performs forced inspiration to increase ventilation. Name two accessory muscles, other than the diaphragm and external intercostals, that contract to significantly increase the volume of the thoracic cavity during forced inspiration.",2,"[""Sternocleidomastoid"", ""Scalenes"", ""Pectoralis minor""]","[Subtopic: Anatomical features of the respiratory system / thorax] The diaphragm and external intercostals are primary muscles of inspiration. During forced inspiration, accessory muscles such as the sternocleidomastoid, scalenes, and pectoralis minor elevate the ribs and sternum further, greatly increasing thoracic volume.",2026-05-16T11:17:03.086187
SAQ_DEAA8802_Q2,C. Respiratory system,Physiological features of the respiratory system,"A healthy 20-year-old student is performing a strenuous workout at the gym, experiencing increased heart rate and respiratory effort.",The increased metabolic activity in the student's muscles leads to changes in their local environment.,"Name two factors, other than an increase in 2,3-BPG, that would facilitate the release of oxygen from haemoglobin at the tissue level during strenuous exercise.",2,"[""Decreased pH"", ""Increased H+ concentration"", ""Increased pCO2"", ""Increased temperature""]","[Subtopic: Physiological features of the respiratory system] The oxygen-haemoglobin dissociation curve shifts to the right (Bohr effect) under conditions of decreased pH (increased H+ concentration), increased pCO2, and increased temperature, all of which are characteristic of actively metabolising tissues during exercise. This shift promotes oxygen unloading from haemoglobin to the tissues.",2026-05-16T11:17:03.086193
SAQ_DEAA8802_Q3,C. Respiratory system,Histology of the respiratory system,"A healthy 20-year-old student is performing a strenuous workout at the gym, experiencing increased heart rate and respiratory effort.",The student's respiratory tract is lined with specialised cells that contribute to its protective functions.,"In the large conducting airways, such as the trachea and main bronchi, name the specific type of unicellular gland primarily responsible for mucus production.",2,"[""Goblet cells"", ""Goblet cell""]","[Subtopic: Histology of the respiratory system] Goblet cells are interspersed among ciliated columnar epithelial cells in the trachea and bronchi. They produce and secrete mucus, which traps inhaled particles and pathogens, protecting the underlying epithelium.",2026-05-16T11:17:03.086195
SAQ_DEAA8802_Q4,C. Respiratory system,Physiological features of the respiratory system,"A healthy 20-year-old student is performing a strenuous workout at the gym, experiencing increased heart rate and respiratory effort.",The student's brain receives signals indicating increased metabolic demand and adjusts breathing accordingly.,"Name the two main groups of chemoreceptors in the body that detect changes in blood gas levels (pO2, pCO2, and pH) and are crucial for regulating the student's increased respiratory drive.",2,"[""Central chemoreceptors"", ""Peripheral chemoreceptors""]","[Subtopic: Physiological features of the respiratory system] Central chemoreceptors, located in the medulla oblongata, are sensitive to changes in pH in the cerebrospinal fluid, which primarily reflects pCO2. Peripheral chemoreceptors, found in the carotid bodies and aortic bodies, are primarily sensitive to changes in pO2, but also respond to pCO2 and pH. Both play a vital role in adjusting ventilation during exercise.",2026-05-16T11:17:03.086196
SAQ_DEAA8802_Q5,C. Respiratory system,Physiological features of the respiratory system,"A healthy 20-year-old student is performing a strenuous workout at the gym, experiencing increased heart rate and respiratory effort.","As part of the physiological response to exercise, the student's airways undergo changes to optimise airflow.",Which specific division of the autonomic nervous system is primarily responsible for inducing bronchodilation in the student's airways during strenuous exercise?,2,"[""Sympathetic nervous system"", ""Sympathetic""]","[Subtopic: Physiological features of the respiratory system] The sympathetic nervous system is responsible for the 'fight or flight' response. Its activation during exercise leads to the release of adrenaline and noradrenaline, which act on beta-2 adrenergic receptors in the bronchial smooth muscle, causing relaxation and thus bronchodilation, improving airflow.",2026-05-16T11:17:03.086197
SAQ_D1ABCD4F_Q1,D. Gastrointestinal tract and liver (GI-L),Physiological features of the gut,"A young adult presents to the GP after accidentally swallowing a small fishbone. They describe a persistent feeling of something stuck in their throat, particularly when swallowing.",,Outline the three main physiological phases involved in the process of swallowing.,3,"[""Oral phase"", ""Buccal phase"", ""Pharyngeal phase"", ""Oesophageal phase""]",[Subtopic: Physiological features of the gut] Swallowing is a complex process divided into voluntary (oral/buccal) and involuntary (pharyngeal and oesophageal) phases. Each phase ensures the coordinated movement of food from the mouth to the stomach.,2026-05-16T11:17:25.221273
SAQ_D1ABCD4F_Q2,D. Gastrointestinal tract and liver (GI-L),Histology of the gastrointestinal tract and liver,"A young adult presents to the GP after accidentally swallowing a small fishbone. They describe a persistent feeling of something stuck in their throat, particularly when swallowing.",The patient's sensation of a foreign body is felt at the level of the upper oesophagus.,What type of muscle primarily constitutes the muscularis externa in the upper third of the oesophagus?,1,"[""Striated muscle"", ""Skeletal muscle"", ""Voluntary muscle""]","[Subtopic: Histology of the gastrointestinal tract and liver] The upper third of the oesophagus contains striated skeletal muscle, allowing for voluntary initiation of swallowing. This transitions to a mix of striated and smooth muscle in the middle third, and predominantly smooth muscle in the lower third.",2026-05-16T11:17:25.221281
SAQ_D1ABCD4F_Q3,D. Gastrointestinal tract and liver (GI-L),"Anatomical features of the gastrointestinal tract and liver, and abdomen","A young adult presents to the GP after accidentally swallowing a small fishbone. They describe a persistent feeling of something stuck in their throat, particularly when swallowing.","Thankfully, the fishbone passes and enters the stomach.",Name the four main anatomical regions of the stomach.,3,"[""Cardia"", ""Fundus"", ""Body"", ""Corpus"", ""Pylorus"", ""Antrum"", ""Pyloric canal""]","[Subtopic: Anatomical features of the gastrointestinal tract and liver, and abdomen] The stomach is anatomically divided into the cardia (the region surrounding the oesophageal opening), the dome-shaped fundus, the main body (corpus), and the pylorus (which includes the antrum and pyloric canal).",2026-05-16T11:17:25.221282
SAQ_D1ABCD4F_Q4,D. Gastrointestinal tract and liver (GI-L),Physiological features of the gut,"A young adult presents to the GP after accidentally swallowing a small fishbone. They describe a persistent feeling of something stuck in their throat, particularly when swallowing.",The stomach produces highly acidic gastric juice.,Name two key protective mechanisms that prevent the stomach wall from being digested by its own acid.,2,"[""Mucus layer"", ""Alkaline mucus"", ""Bicarbonate secretion"", ""Tight junctions"", ""Rapid cell turnover"", ""Prostaglandins""]","[Subtopic: Physiological features of the gut] The stomach protects itself through several mechanisms, including a thick, alkaline mucus layer, bicarbonate secretion into the mucus, tight junctions between epithelial cells, and rapid turnover of gastric epithelial cells.",2026-05-16T11:17:25.221294
SAQ_D1ABCD4F_Q5,D. Gastrointestinal tract and liver (GI-L),Histology of the gastrointestinal tract and liver,"A young adult presents to the GP after accidentally swallowing a small fishbone. They describe a persistent feeling of something stuck in their throat, particularly when swallowing.",One of the components of gastric juice is hydrochloric acid (HCl).,Which specific cell type in the stomach is responsible for secreting hydrochloric acid?,1,"[""Parietal cells"", ""Oxyntic cells""]",[Subtopic: Histology of the gastrointestinal tract and liver] Parietal cells (also known as oxyntic cells) are specialized epithelial cells in the gastric glands that secrete hydrochloric acid and intrinsic factor.,2026-05-16T11:17:25.221295
SAQ_4168043B_Q1,E. Neuroscience,Neuroanatomy,"A 22-year-old student attends A&E after a fall, hitting the back of their head. They report double vision and difficulty swallowing.",,"The patient reports double vision, indicating a potential issue with eye movement. Name the three cranial nerves directly responsible for controlling the extraocular muscles that move the eye.",3,"[""Oculomotor nerve"", ""Trochlear nerve"", ""Abducens nerve"", ""CN III"", ""CN IV"", ""CN VI""]","[Subtopic: Neuroanatomy] The oculomotor nerve (CN III) controls most extraocular muscles, the trochlear nerve (CN IV) controls the superior oblique, and the abducens nerve (CN VI) controls the lateral rectus.",2026-05-16T11:17:44.839723
SAQ_4168043B_Q2,E. Neuroscience,Neuroanatomy,"A 22-year-old student attends A&E after a fall, hitting the back of their head. They report double vision and difficulty swallowing.","Many cranial nerve nuclei are housed within the brainstem, a critical part of the central nervous system.","Name the three main parts of the brainstem, from superior to inferior.",3,"[""Midbrain"", ""Pons"", ""Medulla oblongata""]","[Subtopic: Neuroanatomy] The brainstem is composed of the midbrain (superior), pons (middle), and medulla oblongata (inferior), connecting the cerebrum and cerebellum to the spinal cord.",2026-05-16T11:17:44.839731
SAQ_4168043B_Q3,E. Neuroscience,Neurophysiology,"A 22-year-old student attends A&E after a fall, hitting the back of their head. They report double vision and difficulty swallowing.","During assessment, the patient also describes some numbness and a 'pins and needles' sensation in their right hand.",Which major ascending sensory pathway is primarily responsible for conveying fine touch and proprioception from the limbs to the cerebral cortex?,1,"[""Dorsal column-medial lemniscus pathway"", ""DCML pathway"", ""Dorsal column pathway""]","[Subtopic: Neurophysiology] The dorsal column-medial lemniscus (DCML) pathway is responsible for transmitting fine touch, vibration, and proprioception.",2026-05-16T11:17:44.839732
SAQ_4168043B_Q4,E. Neuroscience,Neurophysiology,"A 22-year-old student attends A&E after a fall, hitting the back of their head. They report double vision and difficulty swallowing.","The sensory information from the body, such as fine touch and proprioception, is processed in a specific area of the cerebral cortex.",Name the lobe of the cerebrum where the primary somatosensory cortex is located.,1,"[""Parietal lobe""]",[Subtopic: Neurophysiology] The primary somatosensory cortex is located in the postcentral gyrus of the parietal lobe.,2026-05-16T11:17:44.839734
SAQ_4168043B_Q5,E. Neuroscience,Neuroanatomy,"A 22-year-old student attends A&E after a fall, hitting the back of their head. They report double vision and difficulty swallowing.","The brain requires a constant and rich blood supply, maintained by a complex network of arteries.",Name two major arteries that contribute to the formation of the cerebral arterial circle (Circle of Willis) at the base of the brain.,2,"[""Internal carotid arteries"", ""Vertebral arteries"", ""Basilar artery"", ""Anterior cerebral artery"", ""Posterior cerebral artery"", ""Anterior communicating artery"", ""Posterior communicating artery""]","[Subtopic: Neuroanatomy] The Circle of Willis is formed by the internal carotid arteries and the vertebral arteries (which merge to form the basilar artery), along with their main branches and communicating arteries.",2026-05-16T11:17:44.839736
SAQ_CCB6705B_Q1,"F. Skin, UroGenital, Endocrine and Reproduction (SUGER)",Histology of SUGER,A 28-year-old man presents to the emergency department after a long-distance run in hot weather. He reports feeling lightheaded and his urine output has decreased significantly.,,The initial filtration of plasma occurs at the glomerulus. Name the three layers that constitute the glomerular filtration barrier.,2,"[""Fenestrated endothelium"", ""Glomerular basement membrane (GBM)"", ""Podocytes"", ""Visceral epithelial cells""]","[Subtopic: Histology of SUGER] The glomerular filtration barrier is composed of the fenestrated endothelium of the glomerular capillaries, the glomerular basement membrane (GBM), and the podocytes (visceral epithelial cells) with their filtration slits. This barrier allows efficient filtration while restricting larger molecules.",2026-05-16T11:18:06.822509
SAQ_CCB6705B_Q2,"F. Skin, UroGenital, Endocrine and Reproduction (SUGER)",Physiological features of the renal and urinary system,A 28-year-old man presents to the emergency department after a long-distance run in hot weather. He reports feeling lightheaded and his urine output has decreased significantly.,Glomerular filtration rate (GFR) is determined by the net filtration pressure across the glomerular capillaries.,Name two of the main pressures that determine the net filtration pressure at the glomerulus.,2,"[""Glomerular hydrostatic pressure"", ""Bowman's capsule hydrostatic pressure"", ""Glomerular capillary oncotic pressure"", ""Glomerular oncotic pressure""]","[Subtopic: Physiological features of the renal and urinary system] The main pressures are glomerular hydrostatic pressure (pushing fluid out), Bowman's capsule hydrostatic pressure (pushing fluid in), and glomerular capillary oncotic pressure (pulling fluid in). Net filtration pressure is the sum of these opposing forces.",2026-05-16T11:18:06.822520
SAQ_CCB6705B_Q3,"F. Skin, UroGenital, Endocrine and Reproduction (SUGER)",Physiological features of the endocrine system,A 28-year-old man presents to the emergency department after a long-distance run in hot weather. He reports feeling lightheaded and his urine output has decreased significantly.,"His decreased urine output suggests increased water reabsorption by the kidneys, which is often hormonally regulated.","Name the primary hormone responsible for increasing water reabsorption in the renal collecting ducts, and briefly explain its cellular mechanism of action.",3,"[""Antidiuretic hormone (ADH)"", ""Vasopressin (AVP)"", ""Increases aquaporin channels"", ""Inserts aquaporin-2 channels"", ""Increases water permeability of collecting duct cells"", ""Promotes water channel insertion""]","[Subtopic: Physiological features of the endocrine system] The primary hormone is Antidiuretic Hormone (ADH), also known as Vasopressin (AVP). ADH binds to V2 receptors on the principal cells of the collecting ducts, triggering a cascade that leads to the insertion of aquaporin-2 water channels into the apical membrane, thereby increasing the water permeability of these cells and enhancing water reabsorption.",2026-05-16T11:18:06.822522
SAQ_CCB6705B_Q4,"F. Skin, UroGenital, Endocrine and Reproduction (SUGER)",Physiological features of the renal and urinary system,A 28-year-old man presents to the emergency department after a long-distance run in hot weather. He reports feeling lightheaded and his urine output has decreased significantly.,"Apart from hormonal regulation, significant reabsorption of filtered substances occurs continuously along the nephron.",Name two specific segments of the nephron where the majority of filtered sodium and water are reabsorbed under normal physiological conditions.,2,"[""Proximal convoluted tubule (PCT)"", ""Loop of Henle""]","[Subtopic: Physiological features of the renal and urinary system] The proximal convoluted tubule reabsorbs approximately 65-70% of filtered sodium and water. The Loop of Henle also reabsorbs a substantial amount, particularly in creating the medullary osmotic gradient.",2026-05-16T11:18:06.822524
SAQ_CCB6705B_Q5,"F. Skin, UroGenital, Endocrine and Reproduction (SUGER)",Physiological features of the renal and urinary system,A 28-year-old man presents to the emergency department after a long-distance run in hot weather. He reports feeling lightheaded and his urine output has decreased significantly.,The concentration of solutes in the urine is an important indicator of renal function and hydration status.,Define the term 'osmolarity' in the context of body fluids.,1,"[""Concentration of osmotically active particles"", ""Number of osmoles per litre of solution"", ""Measure of solute concentration""]","[Subtopic: Physiological features of the renal and urinary system] Osmolarity is a measure of the total concentration of solute particles per litre of solution. It reflects the number of active particles that can exert osmotic pressure, influencing water movement across membranes.",2026-05-16T11:18:06.822525
